tree
version=v4
num_class=1
num_tree_per_iteration=1
label_index=0
max_feature_idx=4
objective=binary sigmoid:1
feature_names=absolute_magnitude diameter_min_km diameter_max_km semi_major_axis inclination
feature_infos=[9.1799999999999997:33.200000000000003] [0.00060891259999999996:38.7752830381] [0.0013615700000000001:86.704168719999998] [0.61593280747599999:17.810342058545] [0.025310470841:154.34906404976499]
tree_sizes=3267 3334 3327 3350 3346 3333 3356 3339 3362 3351 3371 3342 3365 3373 3368 3371 3362 3359 3366 3378 3381 3360 3366 3372 3366 3374 3357 3379 3362 3394 3348 3359 3355 3378 3372 3371 3386 3359 3365 3377 3373 3382 3349 3360 3368 3386 3343 3381 3349 3371 3360 3378 3399 3377 3370 3353 3379 3387 3378 3364 3367 3388 3378 3383 3396 3391 3389 3398 3374 3368 3398 3378 3367 3390 3360 3371 3369 3379 3396 3363 3390 3368 3386 3397 3382 3364 3383 3364 3394 3384 3393 3387 3382 3407 3380 3379 3392 3368 3369 3393

Tree=0
num_leaves=31
num_cat=0
split_feature=0 4 3 3 4 4 3 4 0 3 0 4 4 3 3 4 4 1 3 0 1 3 1 0 1 3 3 4 3 1
split_gain=693.862 337.439 142.367 131.444 73.9971 51.6658 36.7179 36.4953 25.7002 20.2891 16.5265 13.716 13.1641 13.834 12.6521 11.828 11.5866 11.0215 10.8813 10.7704 10.0191 9.12656 8.66795 8.62422 8.19758 7.83319 7.12493 6.71218 6.68499 7.38457
threshold=22.095000000000002 5.0413543349490011 1.7165607345970002 1.4709022644610001 10.447732652686001 13.872772277463502 2.1114367761680004 2.9048056676985001 19.675000000000004 1.2773704060635003 21.705000000000002 12.754196604219501 7.6240504987890008 1.9877508683860003 0.7841024627130001 5.5348588206470009 13.573988294514002 0.11629368385000001 1.1056097922970001 21.405000000000005 0.61031792860000011 2.0369066254045003 0.35445093630000007 20.255000000000006 0.23097029440000003 2.3943154237660003 1.022242389936 2.4124982457480004 1.1393672292635002 0.55405914550000013
decision_type=2 2 2 2 2 2 2 2 2 2 2 2 2 2 2 2 2 2 2 2 2 2 2 2 2 2 2 2 2 2
left_child=1 2 18 4 15 6 10 19 -9 14 12 17 13 20 -6 -3 24 -8 -1 -4 23 -10 -16 -5 -11 -23 -24 -20 29 -28
right_child=-2 3 7 5 9 -7 11 8 21 16 -12 -13 -14 -15 22 -17 -18 -19 27 -21 -22 25 26 -25 -26 -27 28 -29 -30 -31
leaf_value=-1.0346929041566031 -1.7019801667056671 -1.1584640879849595 -1.3599914917908618 -1.5003525856036311 -1.3174578269991135 -1.6189756489588951 -1.4226223131967111 -1.5772515181987123 -1.312377417037877 -1.3195361765287101 -1.2747161171078403 -1.4567457334363503 -1.5342989612537119 -1.5703973867713186 -1.4674220526424548 -1.3639698561269864 -1.5782046074800362 -1.6027097206433174 -1.1052402674226762 -1.158464087984959 -1.2336310626387097 -1.5289298916355869 -1.6007593365267192 -1.3517505942374606 -1.5350395225803499 -1.3517505942374606 -1.5289298916355869 -1.2241815001108094 -1.5436948330854308 -1.3403196718246781
leaf_weight=5.3618001639843014 339.06331036984921 3.1042000949382809 18.201900556683544 8.7482002675533348 4.3741001337766638 214.61310656368732 3.5275001078844062 18.625200569629669 6.3495001941919353 3.1042000949382773 3.2453000992536536 7.6194002330303183 51.21930156648159 6.6317002028226844 54.464601665735245 28.643300876021385 47.691801458597183 92.843802839517593 6.4906001985073116 3.1042000949382773 2.963100090622901 6.7728002071380597 10.441400319337843 7.0550002157688132 4.0919001251459122 3.9508001208305359 3.9508001208305377 17.637500539422035 13.545600414276121 4.3741001337766647
leaf_count=38 2403 22 129 62 31 1521 25 132 45 22 23 54 363 47 386 203 338 658 46 22 21 48 74 50 29 28 28 125 96 31
internal_value=-1.58563 -1.5261 -1.34192 -1.55375 -1.48224 -1.58565 -1.54674 -1.4342 -1.49602 -1.51232 -1.49575 -1.58591 -1.50511 -1.44625 -1.4834 -1.34388 -1.56036 -1.59612 -1.16355 -1.33063 -1.40237 -1.40739 -1.49177 -1.43401 -1.44208 -1.46365 -1.5328 -1.19219 -1.50035 -1.42983
internal_weight=1001.81 662.747 86.4943 576.252 177.786 398.466 183.853 57.0044 35.6983 146.039 79.8626 103.991 76.6173 25.398 91.1506 31.7475 54.8879 96.3713 29.4899 21.3061 18.7663 17.0731 86.7765 15.8032 7.1961 10.7236 32.3119 24.1281 21.8705 8.3249
internal_count=7100 4697 613 4084 1260 2824 1303 404 253 1035 566 737 543 180 646 225 389 683 209 151 133 121 615 112 51 76 229 171 155 59
is_linear=0
shrinkage=1


Tree=1
num_leaves=31
num_cat=0
split_feature=0 4 3 3 4 4 4 0 3 3 3 3 4 4 4 1 1 4 4 0 0 3 3 3 3 3 3 3 3 4
split_gain=584.016 216.936 114.091 84.8722 41.8557 29.6784 21.6209 19.0947 15.7049 14.8867 11.8504 11.1257 10.3976 8.37884 7.88617 7.43264 7.16957 7.04517 8.14799 6.19826 5.91306 5.76509 9.3271 6.45359 5.6589 6.44552 5.64894 5.62448 10.7692 6.96258
threshold=22.095000000000002 6.7378441626335013 2.0025557326960004 1.4652773693475003 3.3467201238965005 19.145690083193003 14.038340704035003 21.305000000000003 1.2773704060635003 1.5955078497135002 2.1731854628335001 2.1417294064850005 5.5348588206470009 13.240980433598503 41.934006154810511 0.14573240360000003 0.16774708740000002 26.960253770592505 14.906292484289002 20.105000000000004 20.305000000000003 1.6429154162795003 1.7366798324065003 1.9004980770420004 1.6382840584515002 1.5599096591775001 2.7428291567530003 2.3126556205695006 2.1620966166470006 2.4775433611165005
decision_type=2 2 2 2 2 2 2 2 2 2 2 2 2 2 2 2 2 2 2 2 2 2 2 2 2 2 2 2 2 2
left_child=1 2 9 6 16 7 -3 11 17 12 -9 13 -1 -5 24 -6 -4 18 -8 -13 -14 -11 -23 -24 25 -7 -26 28 -18 -29
right_child=-2 3 4 5 15 14 8 10 -10 21 -12 19 20 -15 -16 -17 27 -19 -20 -21 -22 22 23 -25 26 -27 -28 29 -30 -31
leaf_value=0.30203090954327377 -0.11376531573794141 0.13405969832997805 0.26063134025831491 0.054076363625086124 0.13943902365140345 -0.049836112852019276 -0.040957180764759717 0.19332612870304852 0.0073902402703634046 0.080425785915799658 0.025144177516175138 -0.030303067403827051 0.28018901216921027 -0.010985768735837384 0.015760511597408388 0.0063626149821880938 0.20398068617199505 0.042941605583296058 0.11389522127931535 0.034318579885938845 0.12706912124646971 0.29194669163700876 0.12668264399012341 0.22845784816036493 -0.066355922688079244 0.058714936581440641 0.0065738864463042853 0.2712900228620187 -0.043320743318622339 0.095646652294475221
leaf_weight=33.438477084040642 313.4162670224905 47.986201897263527 7.2121208310127285 60.838207930326462 4.5855844914913169 12.853559449315073 3.6510898172855368 9.4805342257022875 44.522636324167252 4.3043207377195349 7.5071525424718848 71.090266585350037 4.1915450245141965 29.339215621352196 21.391057297587395 49.530012458562851 3.3441268652677563 30.791014954447746 49.00514380633831 18.759454697370529 6.3318626284599304 8.7920221686363202 13.895294770598413 11.294854134321211 101.02099317312241 9.5224706679582578 11.868586629629133 5.0383377671241742 3.7193641513586044 4.0880879014730453
leaf_count=184 2403 306 43 415 31 93 24 63 314 25 52 507 26 211 155 348 21 205 325 134 39 51 87 70 732 69 86 31 24 26
internal_value=-0.000583729 0.0508716 0.153007 0.0200618 0.0659608 -0.00817399 0.0768156 0.0176572 0.0553502 0.235046 0.119004 0.008094 0.274749 0.0329084 -0.0406599 0.0176391 0.177702 0.0809389 0.103158 -0.0168109 0.188058 0.189458 0.203268 0.172317 -0.0495823 -0.00364051 -0.0586885 0.140759 0.0737612 0.192612
internal_weight=1002.81 689.394 159.766 529.628 77.5176 353.671 175.956 197.015 127.97 82.2484 16.9877 180.027 43.9619 90.1774 156.657 54.1156 23.402 83.4472 52.6562 89.8497 10.5234 38.2865 33.9822 25.1901 135.266 22.376 112.89 16.1899 7.06349 9.12643
internal_count=7100 4697 1006 3691 524 2517 1174 1382 868 482 115 1267 249 626 1135 379 145 554 349 641 65 233 208 157 980 162 818 102 45 57
is_linear=0
shrinkage=0.1


Tree=2
num_leaves=31
num_cat=0
split_feature=0 4 3 3 4 4 4 3 3 3 3 0 4 4 4 4 4 0 0 4 3 1 4 4 0 1 3 3 3 3
split_gain=498.221 157.486 75.0535 63.8824 29.2128 24.0463 14.6794 12.848 12.1612 9.76545 8.70027 10.1325 10.5272 8.30243 9.34363 7.41345 6.86694 6.57701 6.39642 6.22612 6.05264 6.01111 5.85707 5.85332 5.19772 8.68401 9.57763 5.95398 4.79273 9.2501
threshold=22.195000000000004 6.7378441626335013 2.0025557326960004 1.4652773693475003 3.3467201238965005 19.145690083193003 13.872772277463502 2.1417294064850005 1.2702739621495003 1.5955078497135002 1.7705946676305002 21.675000000000004 16.463027537856004 12.189686640862503 14.587956681598003 2.8429258476855006 41.934006154810511 19.515000000000004 19.345000000000002 12.754196604219501 1.022242389936 0.45452327565000006 13.872772277463502 7.5649054247660006 21.705000000000002 0.21855267575000001 1.0812714052000001 1.2702739621495003 2.3763879008035005 2.2252069595865005
decision_type=2 2 2 2 2 2 2 2 2 2 2 2 2 2 2 2 2 2 2 2 2 2 2 2 2 2 2 2 2 2
left_child=1 2 9 6 28 7 24 10 18 15 23 12 13 -12 -15 -1 -7 19 21 -9 -17 -8 -21 -5 25 27 -27 -3 29 -4
right_child=-2 3 4 5 -6 16 8 17 -10 -11 11 -13 -14 14 -16 20 -18 -19 -20 22 -22 -23 -24 -25 -26 26 -28 -29 -30 -31
leaf_value=0.27706475205562875 -0.11378092263452516 0.12425021699905628 0.16473930009435997 0.12524600995211257 0.013924849694324613 -0.04678071318522304 -0.031217931411989797 -0.058578890091844242 0.006313665123158777 0.15050208081941716 0.045115284707486568 0.21233793968561543 -0.096315387852918405 0.23377941832826715 0.03923022801103445 0.26573256564956999 0.014027863986959259 0.02016442675830292 0.090382912247464725 0.099064757899304134 0.17035595005523319 0.06170624017882307 -0.020225119115479497 -0.0013926052597279565 0.0069830344398147202 0.164803473386781 0.036088775309097709 0.23407021279539181 0.1840156702201472 -0.0081945583914210286
leaf_weight=14.047131963074206 281.04180488735437 12.288550093770029 8.1133931279182452 3.9667694121599189 55.455224484205246 131.78589440882206 9.774816155433653 36.092125296592712 47.927947349846363 42.796964816749096 35.112435132265091 4.3917894512414923 4.2660335749387732 5.6190580278635007 4.4030271023511887 8.6087338402867299 21.617154181003571 39.021209359169006 53.833403781056404 5.4134858250618008 29.298099093139172 24.186498001217842 17.172804519534111 45.67686964571476 4.4645101279020301 8.8755830675363558 16.580398112535477 8.251892074942587 13.296803049743174 4.9986799657344809
leaf_count=69 2335 72 46 24 385 988 64 264 335 236 232 26 31 38 32 43 155 275 337 36 152 155 127 313 27 52 100 47 74 30
internal_value=-0.000921029 0.0432958 0.12528 0.0165173 0.0551482 -0.0083909 0.0639486 0.014353 0.0468273 0.185874 0.0389162 0.0667775 0.0538369 0.0680291 0.148308 0.215011 -0.0382117 -0.0116524 0.0689441 -0.0328106 0.192016 0.0349606 0.0083663 0.00872644 0.109999 0.119998 0.080967 0.168369 0.141712 0.0988122
internal_weight=998.379 717.337 176.615 540.722 81.8641 354.539 186.184 201.136 135.723 94.7509 103.436 53.7923 49.4006 45.1345 10.0221 51.954 153.403 97.6996 87.7947 58.6784 37.9068 33.9613 22.5863 49.6436 50.4609 45.9964 25.456 20.5404 26.4089 13.1121
internal_count=7100 4765 1035 3730 535 2541 1189 1398 891 500 696 359 333 302 70 264 1143 702 556 427 195 219 163 337 298 271 152 119 150 76
is_linear=0
shrinkage=0.1


Tree=3
num_leaves=31
num_cat=0
split_feature=0 4 3 3 4 4 0 0 3 4 3 3 3 4 3 4 3 0 3 4 3 3 3 4 3 4 0 4 1 1
split_gain=428.898 113.941 55.9847 31.7211 28.1344 23.5093 13.3467 13.1062 10.7989 8.68892 8.0386 7.99562 6.19598 5.81705 5.73634 5.42928 9.63634 4.95462 4.82294 6.67102 4.80825 5.70369 5.14798 4.77847 4.43691 5.15007 7.16761 7.5738 4.37648 4.31398
threshold=22.095000000000002 5.0413543349490011 1.4709022644610001 1.7855564088540004 19.145690083193003 11.198766057411502 21.405000000000005 21.305000000000003 2.1114367761680004 13.240980433598503 2.6733403156730007 1.2773704060635003 2.2735790076400004 41.934006154810511 0.7841024627130001 2.9048056676985001 2.3763879008035005 22.585000000000004 0.98993921542300012 39.397888971587513 1.6382840584515002 1.5599096591775001 2.7428291567530003 2.7681239181285004 1.1393672292635002 23.843521352786503 20.705000000000002 17.507327042073005 0.31882775995000007 1.3981576005000003
decision_type=2 2 2 2 2 2 2 2 2 2 2 2 2 2 2 2 2 2 2 2 2 2 2 2 2 2 2 2 2 2
left_child=1 3 5 -1 7 -3 10 8 9 -4 15 14 -9 20 -7 16 -5 23 -16 24 21 -6 -22 -2 25 26 -20 -28 -23 -15
right_child=17 2 4 6 13 11 -8 12 -10 -11 -12 -13 -14 29 18 -17 -18 -19 19 -21 22 28 -24 -25 -26 -27 27 -29 -30 -31
leaf_value=0.18982218009777105 0.026607297088594509 0.12444012127269731 0.052251204698966949 0.076635400135439999 -0.047623665707761692 0.16081800248221725 0.19917650434437761 0.12129168735538043 -0.0086980086987943454 -0.012008208901911517 -0.032178809277727281 0.014032484240739216 0.012104361902147982 -0.0065305285609989884 0.020936613220859324 0.055032465892521247 0.22766005552606777 -0.11452169334421183 0.028856702565161832 -0.023820551310982319 -0.059932488273719588 0.14952121702036228 0.010830565672340099 -0.087655864733675468 0.055870166805486288 0.16749679064561507 0.24904643453261374 0.046302218485421653 0.0077477841354201982 0.11638608021329787
leaf_weight=49.61571778357029 4.1888029873371115 48.438128679990768 78.996312722563744 14.240685224533083 11.369764924049379 5.469532221555709 8.8298015743494016 17.451342120766643 117.58454878628254 28.682389676570892 7.1342644542455664 54.993343442678452 7.4013364017009726 18.440686926245693 28.556352451443672 31.406983911991119 6.0070665478706351 234.07055623829365 11.492654338479047 6.8955508023500434 93.492664039134979 3.3386603593826276 11.550900250673292 28.989483535289764 35.130300089716911 9.8444406539201719 3.9719572514295569 3.4368476271629333 6.2599881738424301 3.3784464597702017
leaf_count=225 35 254 490 76 88 30 44 100 848 207 42 374 49 131 175 196 30 2114 68 43 732 24 86 254 214 59 23 20 45 24
internal_value=-0.00114005 0.0388526 0.0213994 0.129097 -0.000583919 0.0634118 0.0845391 0.0198579 0.0122544 0.0351344 0.0673211 0.044912 0.0887748 -0.0351694 0.0611163 0.0810635 0.121441 -0.109395 0.0556262 0.0696234 -0.0434238 0.000297195 -0.0521512 -0.07323 0.0797108 0.108846 0.0782995 0.154996 0.0570603 0.0125017
internal_weight=990.66 723.411 606.176 117.235 397.947 208.229 67.6188 250.116 225.263 107.679 58.789 159.791 24.8527 147.831 104.798 51.6547 20.2478 267.249 99.3281 70.7718 126.012 20.9684 105.044 33.1783 63.8762 28.7459 18.9015 7.4088 9.59865 21.8191
internal_count=7100 4697 4084 613 2824 1260 388 1694 1545 697 344 1006 149 1130 632 302 106 2403 602 427 975 157 818 289 384 170 111 43 69 155
is_linear=0
shrinkage=0.1


Tree=4
num_leaves=31
num_cat=0
split_feature=0 4 3 3 4 4 4 3 3 3 0 4 4 4 3 4 0 4 3 4 0 3 3 4 4 3 0 0 0 1
split_gain=371.262 91.4445 41.0848 38.6082 16.6164 16.2553 9.08298 8.04641 7.9989 6.70064 5.72766 6.21335 6.16109 5.32122 6.24542 5.28537 5.21141 5.41604 5.13046 5.06656 4.86204 4.68569 5.52252 4.49515 4.33591 4.27132 4.25046 5.59888 3.81225 3.79501
threshold=22.195000000000004 6.7378441626335013 2.0025557326960004 1.4652773693475003 3.3467201238965005 19.357049135107005 26.960253770592505 0.7841024627130001 2.1417294064850005 1.7705946676305002 21.675000000000004 16.463027537856004 12.189686640862503 3.9976733121360009 1.022242389936 14.587956681598003 19.515000000000004 12.754196604219501 1.3425171253885002 41.934006154810511 18.145000000000003 1.6382840584515002 1.8345582496220001 13.872772277463502 8.1188635820825024 1.5599096591775001 19.795000000000005 20.105000000000004 19.115000000000006 0.21555402060000003
decision_type=2 2 2 2 2 2 2 2 2 2 2 2 2 2 2 2 2 2 2 2 2 2 2 2 2 2 2 2 2 2
left_child=1 2 13 6 -4 8 7 -3 9 24 11 12 -11 18 -15 -14 17 -10 -1 21 -16 25 -23 -19 -5 -7 -18 -28 -25 -8
right_child=-2 3 4 5 -6 19 29 -9 16 10 -12 -13 15 14 20 -17 26 23 -20 -21 -22 22 -24 28 -26 -27 27 -29 -30 -31
leaf_value=0.20396236131824219 -0.11005831181451138 0.1728319666406028 0.10200765508341891 0.077738940313888699 0.0096613372359535994 -0.039983434575729039 0.062161325438595906 0.055671485722426854 -0.054445028208788972 0.033709329166750124 0.15392743488609231 -0.071690349073896042 0.17598823496870636 0.19543305227118596 0.19268801931266272 0.03523525161639697 0.11152683061217504 0.084897811915445501 0.13566063827463712 0.011087221537227791 0.088948630545941293 -0.089769610207815542 -0.036256683849407036 -0.037589043752174506 -0.0082439284559847892 0.049133408671617966 -0.075427121092149899 0.025824279921128235 0.087620743989929417 -0.0026570232186168274
leaf_weight=16.212332829833031 237.71546034514904 6.1160259023308745 29.653848022222519 6.7519380748271933 56.820193022489548 11.651249207556249 11.645748287439345 141.08946800976992 34.473015904426575 37.136239990592003 5.0969600081443778 4.3410347774624816 6.5600753277540189 7.90804898738861 5.037110984325408 4.4964503943920135 4.3166415542364112 5.7241129875183132 34.189754024147987 22.002631634473801 43.824677556753159 26.049519903957844 74.26467764377594 14.811040550470354 44.639278128743172 9.9894379526376706 6.7586145401000968 28.452815786004066 2.9093242660164824 40.256292164325714
leaf_count=70 2335 31 150 39 385 93 71 828 264 232 26 34 38 35 24 32 31 36 158 155 213 213 598 112 302 70 49 195 22 259
internal_value=-0.00127878 0.0335158 0.0926072 0.012693 0.0413289 -0.00728675 0.0478568 0.0605392 0.0106975 0.0293061 0.052717 0.0428973 0.0532189 0.133982 0.112987 0.118747 -0.0101218 -0.0292267 0.157631 -0.0330802 0.099643 -0.0410487 -0.0501529 0.00785468 0.00305277 0.0011533 0.0178711 0.0063897 -0.0170321 0.0118869
internal_weight=980.894 743.179 193.646 549.533 86.474 350.425 199.108 147.205 206.468 109.022 57.6308 52.5338 48.1928 107.172 56.7698 11.0565 97.4456 57.9175 50.4021 143.958 48.8618 121.955 100.314 23.4445 51.3912 21.6407 39.5281 35.2114 17.7204 51.902
internal_count=7100 4765 1035 3730 535 2541 1189 859 1412 703 362 336 302 500 272 70 709 434 228 1129 237 974 811 170 341 163 275 244 134 330
is_linear=0
shrinkage=0.1


Tree=5
num_leaves=31
num_cat=0
split_feature=0 4 3 3 4 4 3 4 0 3 4 3 0 3 0 0 3 4 4 4 4 0 4 0 3 0 3 3 3 0
split_gain=322.665 70.8605 30.2704 29.4151 14.415 11.4612 7.87118 6.63946 5.69866 5.49965 5.35518 5.02075 4.93399 5.55214 4.40762 5.17525 4.10757 4.07796 9.20679 4.18049 8.68768 3.73125 5.24563 12.9285 4.85092 7.15823 8.38238 3.70944 6.34995 3.63672
threshold=22.195000000000004 6.5478299648655005 1.37315115852 1.9717444252175003 19.145690083193003 3.4895522184880003 2.1417294064850005 11.876256740911002 21.305000000000003 1.5955078497135002 13.872772277463502 1.6490202708535002 16.935000000000006 2.2057182397870005 21.405000000000005 20.835000000000004 1.2702739621495003 13.240980433598503 14.038340704035003 16.603767135810504 17.336409698829005 20.255000000000006 5.7981778618085009 19.365000000000006 2.3457533140325002 20.605000000000004 2.1620966166470006 1.7165607345970002 1.9104176872465002 21.505000000000006
decision_type=2 2 2 2 2 2 2 2 2 2 2 2 2 2 2 2 2 2 2 2 2 2 2 2 2 2 2 2 2 2
left_child=1 3 7 9 6 -5 8 14 10 -1 -4 -11 -8 -14 15 -3 17 -9 -19 -20 -21 22 -7 -24 25 -23 -27 -13 -29 -10
right_child=-2 2 4 5 -6 21 12 16 29 11 -12 27 13 -15 -16 -17 -18 18 19 20 -22 24 23 -25 -26 26 -28 28 -30 -31
leaf_value=0.13891531120801845 -0.10843900962220868 0.0796552551605825 0.033820225032230804 0.085228323530552805 -0.026625196414252334 -0.031714112069472652 -0.077287986762242855 -0.025840298678203723 0.16204352500053723 0.009332618691794475 -0.014608129144384755 0.16188191575430505 -0.060673202496400715 0.0089917785981759452 0.015329161883453993 0.18101933637242068 0.0030198272916512627 0.20212663445898138 -0.010892372705283874 0.19745814015582325 0.045622652651532668 0.21049759276168301 0.14594951800218742 -0.093978303100170496 -0.021096297276612119 -0.049619300872716099 0.14373570741664204 0.056774508848279163 0.16023994790262019 0.054956033654571114
leaf_weight=58.703109741210938 218.14166780561209 21.967638388276104 84.733066603541374 34.505237370729446 160.01242964714766 25.404066696763039 9.5439422130584699 7.4049577713012686 4.4004633128643027 6.2876770794391623 31.256567090749741 8.9898539632558805 13.494734600186346 75.139569863677025 7.1999865770339957 6.5353696048259726 28.488890588283539 3.8781644105911246 11.755681574344633 3.9549434483051291 79.895876377820969 3.2948578745126751 5.9390053153038007 3.6116798669099808 6.7575206309556952 4.9292856752872449 4.1128607094287872 19.601399332284931 8.5056559145450574 11.352908805012701
leaf_count=253 2335 110 509 171 1263 172 72 40 24 29 226 39 99 547 37 32 188 21 67 22 461 22 40 25 44 29 27 95 40 61
internal_value=-0.001367 0.0297068 0.0118084 0.0823776 -0.00357768 0.0402025 0.0124621 0.0468768 0.0284347 0.118962 0.0207699 0.0919631 -0.00897106 -0.00161484 0.0852376 0.102897 0.03676 0.0457527 0.0510815 0.0449546 0.0527842 0.0114578 -0.00796149 0.0552186 0.0470071 0.0843103 0.0383291 0.105968 0.0880848 0.0848693
internal_weight=969.799 751.657 561.015 190.642 389.934 88.5545 229.921 171.082 131.743 102.088 115.99 43.3846 98.1782 88.6343 35.703 28.503 135.379 106.89 99.4847 95.6065 83.8508 54.0493 34.9548 9.55069 19.0945 12.337 9.04215 37.0969 28.1071 15.7534
internal_count=7100 4765 3779 986 2801 530 1538 978 820 456 735 203 718 646 179 142 799 611 571 550 483 359 237 65 122 78 56 174 135 85
is_linear=0
shrinkage=0.1


Tree=6
num_leaves=31
num_cat=0
split_feature=0 4 3 3 4 4 0 0 3 3 0 4 4 3 4 4 3 3 4 4 3 0 1 1 1 1 3 3 1 4
split_gain=282.284 54.5297 27.5473 16.0706 15.5373 11.0996 8.61176 7.32157 5.461 5.31124 5.14072 4.76451 4.75692 6.97248 4.46322 4.60037 4.20478 4.1104 4.00144 3.68087 3.26117 3.22116 3.1855 5.84087 4.45478 4.31849 3.11715 4.74693 2.96213 2.93989
threshold=22.095000000000002 5.0413543349490011 1.4709022644610001 1.7855564088540004 19.357049135107005 10.447732652686001 21.405000000000005 21.305000000000003 2.6733403156730007 2.1114367761680004 22.585000000000004 39.397888971587513 10.176786391451001 2.0533932659030003 36.660282957685006 30.603808863945002 0.7841024627130001 2.5255478824850006 2.7681239181285004 5.3570044782685011 2.2735790076400004 18.635000000000002 0.38508457955000003 0.44828698250000004 0.24297194370000003 0.21855267575000001 2.0157615462175005 1.6303764834100003 1.2869335646000002 6.3163546264935002
decision_type=2 2 2 2 2 2 2 2 2 2 2 2 2 2 2 2 2 2 2 2 2 2 2 2 2 2 2 2 2 2
left_child=1 3 5 -1 7 -3 8 9 17 12 18 16 22 -14 15 -6 -7 -5 -2 -11 -9 -13 24 -24 25 -4 27 -25 -16 -21
right_child=10 2 4 6 14 11 -8 20 -10 19 -12 21 13 -15 28 -17 -18 -19 -20 29 -22 -23 23 26 -26 -27 -28 -29 -30 -31
leaf_value=0.12751501185967715 0.026271749318750204 0.085017440905263475 0.030752737032566209 0.044079105955709089 -0.027839995357689825 0.1147191836082516 0.14262041103940662 0.084113580850507783 -0.03852774593294106 -0.097487739050754862 -0.11040851675008552 0.026784337134801231 -0.0068649475885089158 0.14172362726230664 -0.012591890938231629 -0.079734522078603542 0.032960282644232584 0.13298991526323709 -0.080141523578509066 0.037198770495215257 0.0070270117225207252 -0.06423813791301701 0.1832006090787581 -0.030189528441190869 -0.014692966824378579 0.15175859767410749 -0.029114521882826646 0.094724461634419263 0.058582067176065414 -0.010171003021369683
leaf_weight=54.763559758663177 4.1316750347614315 48.908681616187096 12.683090582489969 51.032062023878098 77.982112526893616 6.5581162422895423 9.9544983059167844 19.585689291357998 7.3384975194931021 4.3567299991846076 180.50482392311096 7.3191092312335959 52.417670533061028 3.360490418970584 29.303873546421528 21.874049857258797 154.0523336827755 5.7895544022321692 24.413922354578972 15.133456185460089 7.6244324296712866 8.2932698279619199 3.8272781372070339 3.8925049602985444 16.383768901228905 3.8429294824600211 4.1160859912633887 13.926899358630179 7.305074878036975 97.589420706033707
leaf_count=225 35 225 69 272 652 31 44 100 42 31 2114 48 353 21 226 183 903 30 254 105 49 53 22 22 94 21 25 77 55 719
internal_value=-0.0014234 0.0272462 0.0149495 0.0864348 -0.000955436 0.0428698 0.0560804 0.0134443 0.0426537 0.00767757 -0.104172 0.0311721 0.0229964 0.00208713 -0.0282577 -0.0392078 0.0362987 0.0531382 -0.0647393 -0.00729729 0.0625135 -0.0215667 0.0428742 0.0692094 0.0222582 0.0588912 0.0493204 0.067438 0.0016104 -0.00381144
internal_weight=958.266 749.215 620.337 128.878 395.206 225.132 74.1146 258.74 64.1601 231.53 209.05 176.223 114.451 55.7782 136.465 99.8562 160.61 56.8216 28.5456 117.08 27.2101 15.6124 58.6726 25.7628 32.9098 16.526 21.9355 17.8194 36.6089 112.723
internal_count=7100 4697 4084 613 2824 1260 388 1708 344 1559 2403 1035 704 374 1116 835 934 302 289 855 149 101 330 146 184 90 124 99 281 824
is_linear=0
shrinkage=0.1


Tree=7
num_leaves=31
num_cat=0
split_feature=0 4 3 4 4 3 3 4 3 3 0 4 3 3 3 3 4 4 3 3 3 3 3 3 3 0 0 1 3 3
split_gain=246.578 44.526 22.7718 14.3197 11.3333 8.7616 6.40291 8.83972 5.33159 4.80612 4.66091 4.71979 4.29478 5.91623 4.04115 5.15229 5.83474 3.97793 4.37121 4.61549 4.50333 3.95845 3.69386 3.41062 5.34878 3.3508 5.32741 4.3662 3.20579 3.19199
threshold=22.195000000000004 4.0788969195560005 1.4709022644610001 19.357049135107005 10.447732652686001 1.7855564088540004 1.9807767138350003 7.5649054247660006 1.9004980770420004 1.7223054983295001 20.895000000000003 2.9048056676985001 1.4384189407415002 1.3827252452820002 1.2898997802680003 1.022242389936 8.7071097117980027 41.934006154810511 3.2021987747510008 1.6382840584515002 1.8345582496220001 1.5599096591775001 1.2773704060635003 1.7297137214315004 2.0084882645355004 19.895000000000003 20.295000000000005 0.14573240360000003 2.2341739282300002 1.8689756854040003
decision_type=2 2 2 2 2 2 2 2 2 2 2 2 2 2 2 2 2 2 2 2 2 2 2 2 2 2 2 2 2 2
left_child=1 5 4 6 12 -1 7 8 -4 -9 11 -7 13 14 15 -3 -17 18 19 21 -21 -5 -6 -19 -25 -11 -27 -28 -13 -22
right_child=-2 2 3 17 22 10 -8 9 -10 25 -12 28 -14 -15 -16 16 -18 23 -20 20 29 -23 -24 24 -26 26 27 -29 -30 -31
leaf_value=0.12204453805973647 -0.10558824392462214 0.10221573917103999 0.050095482565884059 -0.037174739328985414 0.036629364162425015 0.072156123847892051 0.00088482218121384109 -0.013699910602588778 0.1388149912987465 0.014066861554150038 0.10224259204120312 0.04108081417612533 0.16037653258814141 -0.034663134196651936 0.13436285397716308 -0.0053755653105945151 0.11040338592303148 -0.05996206965360993 0.10343176865118042 -0.084365501869587634 0.060885119657726063 0.051641753722225264 0.0063744870973198552 0.10336748609783519 -0.011850896923935435 0.16578278767775181 0.098714567370106462 -0.037471823938464183 -0.047846280080347484 -0.038421741457968978
leaf_weight=40.976522341370583 183.3166823014617 18.536834843456745 30.531296730041504 10.21414974331856 119.62564494460821 21.06467704474926 175.3484962284565 38.194348931312561 8.7048091590404493 24.273001901805401 18.490257136523724 8.892547547817232 5.5484430491924277 5.0868461430072776 10.289573058485983 14.41329023987055 6.2359634935855857 4.9952337592840221 2.2649053558707228 23.348540864884853 3.4102234393358222 9.8643040060996992 60.897272482514381 6.7073750942945507 10.090520784258841 4.4547489434480658 4.8849789425730687 4.5439888089895248 7.4501242339611045 63.610788755118847
leaf_count=169 2335 81 144 88 655 96 1212 254 41 153 85 46 24 23 46 65 29 36 18 213 30 70 392 48 71 28 24 29 45 550
internal_value=-0.00144825 0.0235738 0.0143608 0.00045508 0.0389463 0.0869195 0.0129295 0.0312015 0.0697785 0.0113771 0.0611706 0.0408689 0.0765551 0.0680313 0.0785898 0.0639448 0.0295891 -0.0265269 -0.0340888 -0.0369089 -0.0465446 0.00645974 0.0264232 0.0125828 0.0341556 0.0364788 0.0756619 0.0330839 0.000541672 -0.0333687
internal_weight=946.266 762.95 666.076 425.442 240.634 96.8741 290.936 115.587 39.2361 76.3511 55.8976 37.4073 60.111 54.5625 49.4757 39.1861 20.6493 134.506 112.713 110.448 90.3696 20.0785 180.523 21.7931 16.7979 38.1567 13.8837 9.42897 16.3427 67.021
internal_count=7100 4765 4324 3009 1315 441 1885 673 185 488 272 187 268 244 221 175 94 1124 969 951 793 158 1047 155 119 234 81 53 91 580
is_linear=0
shrinkage=0.1


Tree=8
num_leaves=31
num_cat=0
split_feature=0 4 3 3 4 4 0 0 1 4 3 3 3 3 4 4 0 3 3 3 3 4 3 3 1 4 3 0 1 0
split_gain=216.878 35.1392 15.7427 15.2125 10.6019 8.09081 6.54424 5.35933 4.68187 4.5634 4.45869 4.16144 4.04703 4.00633 3.52931 4.4135 3.71171 3.47924 3.13962 4.6594 3.00176 3.58981 3.18407 6.80067 8.7588 4.10139 3.58472 3.09251 3.73584 5.36377
threshold=22.095000000000002 5.9200390341535014 1.3230218173515003 2.0991876050370002 19.145690083193003 2.4775433611165005 21.355000000000004 22.585000000000004 0.14573240360000003 26.960253770592505 1.5431838507160003 1.1979445761905001 1.5494936103805002 1.2344912469990001 32.011297272806509 39.397888971587513 19.675000000000004 0.7841024627130001 2.6974348278020002 2.5006460182170005 2.1225254932070006 13.872772277463502 2.4181012957445005 2.5255478824850006 0.32029940205000007 17.131307325111003 2.4458866367500005 20.225000000000005 0.78624179785000015 18.365000000000006
decision_type=2 2 2 2 2 2 2 2 2 2 2 2 2 2 2 2 2 2 2 2 2 2 2 2 2 2 2 2 2 2
left_child=1 3 9 11 6 -5 20 12 -7 17 -8 -1 13 -2 16 -16 -11 -3 19 -10 21 -4 -22 24 -24 -25 -26 28 29 -23
right_child=7 2 4 5 -6 8 10 -9 18 14 -12 -13 -14 -15 15 -17 -18 -19 -20 -21 22 27 23 25 26 -27 -28 -29 -30 -31
leaf_value=0.12689180541100598 -0.070464081051990451 0.11259919233329574 0.026091201456857217 0.092188597051939797 -0.020245367028705056 0.086831999124182088 0.14498460788010623 -0.10838653986505718 -0.011447033418955825 -0.078176468732392645 0.039754919548567497 0.076023468760708715 -0.097170328427729838 0.043360628090091502 0.069842067347538381 -0.014170497783449179 0.018985082200051562 0.041858605805233408 -0.074149881860728392 0.078253635302829111 -0.023989175521406378 0.12284305297347027 0.19671351622200101 -0.018282130517937586 0.10849969710188244 0.099959604007589409 -0.03635603963732955 -0.067661119184530646 -0.091196247497819322 -0.0032273260302767386
leaf_weight=19.887772232294083 6.7155937254428881 7.3941329568624488 101.31671607494354 13.756986647844313 159.76788720488548 6.263055518269538 4.862893924117091 150.91662345826626 32.160812199115753 7.8659031689167005 23.411372601985931 84.047670274972916 13.453520603477953 5.731233112514019 13.452060818672182 11.684598818421362 7.8610872477293015 116.42995184659958 5.7952996343374243 7.0624493062496176 50.144243180751801 4.117702402174479 4.0828816443681699 35.458087645471096 2.6367692351341248 3.1981101259589186 4.852061502635479 7.6040228009223929 3.5174391940236083 18.704655811190605
leaf_count=81 70 32 565 60 1312 30 24 2114 204 46 125 363 154 65 76 73 42 600 38 41 371 30 28 261 20 24 37 55 26 133
internal_value=-0.00145437 0.0218274 0.0102839 0.0620217 8.55062e-05 0.0240913 0.0123937 -0.101174 0.00582332 0.0365202 0.0578534 0.085757 -0.0591491 -0.0180527 0.00754358 0.0307894 -0.0296106 0.0460829 -0.00544674 0.00470426 0.00693887 0.0166617 -0.00616348 0.0116325 0.0788859 -0.00849974 0.0146467 -0.0114839 0.00473382 0.0195188
internal_weight=934.154 757.337 588.363 168.974 423.675 65.0386 263.907 176.817 51.2816 164.688 28.2743 103.935 25.9003 12.4468 40.8637 25.1367 15.727 123.824 45.0186 39.2233 235.633 135.261 100.372 50.2279 11.5717 38.6562 7.48883 33.9438 26.3398 22.8224
internal_count=7100 4697 3880 817 3011 373 1699 2403 313 869 149 444 289 135 237 149 88 632 283 245 1550 809 741 370 85 285 57 244 189 163
is_linear=0
shrinkage=0.1


Tree=9
num_leaves=31
num_cat=0
split_feature=0 4 3 4 3 4 3 4 3 1 3 3 4 4 0 0 4 4 3 0 4 1 0 3 3 3 0 0 0 3
split_gain=190.569 29.906 14.7987 9.69455 7.48579 7.45618 4.15486 6.23191 5.25323 4.47457 3.65392 4.57884 3.61943 4.53402 3.47508 3.47287 3.9775 3.79623 3.63283 2.98199 2.796 2.75439 2.74564 2.7319 2.71555 6.1363 5.23907 4.24193 2.71449 2.6937
threshold=22.195000000000004 4.0788969195560005 1.4709022644610001 19.357049135107005 1.3425171253885002 11.198766057411502 1.9807767138350003 9.3785361397275011 1.9004980770420004 0.23418341125000003 1.4384189407415002 1.3827252452820002 36.660282957685006 30.603808863945002 18.105000000000004 19.285000000000004 10.643836856000503 11.625311285660002 1.7090461368040002 21.405000000000005 39.397888971587513 0.30168667455000003 21.405000000000005 2.6974348278020002 2.3763879008035005 2.2252069595865005 20.645000000000003 20.295000000000005 18.635000000000002 1.8479505954375004
decision_type=2 2 2 2 2 2 2 2 2 2 2 2 2 2 2 2 2 2 2 2 2 2 2 2 2 2 2 2 2 2
left_child=1 4 5 6 -1 10 7 8 14 -10 11 19 13 -5 -4 29 -17 -18 -19 -3 -7 -14 23 24 25 26 27 -6 -22 -9
right_child=-2 2 3 12 22 20 -8 15 9 -11 -12 -13 21 -15 -16 16 17 18 -20 -21 28 -23 -24 -25 -26 -27 -28 -29 -30 -31
leaf_value=0.13101431775972702 -0.1030923909359624 0.073256032805324597 0.10503458012654449 -0.021565793464251231 0.063267943553289227 0.023943996621375693 0.00029364246181692383 -0.041814836389353398 0.18476187620041284 0.055581787277942843 0.12995552014954678 -0.032416088254423957 -0.061637872062059645 -0.074971881840635732 0.023005828637148867 0.11199243144011582 -0.078500168678197493 -0.0078273078709849113 0.070325715704002617 0.018531818624000527 0.022853922813078176 0.015892929921882539 0.09572223653860272 -0.021338856199665295 0.097346424333966508 -0.045759971981373805 -0.0035414327631501752 0.16657372292494282 -0.060931168928915813 0.030305162512547324
leaf_weight=16.864827781915665 153.72167126089334 42.275458306074142 5.9182365089654914 73.738303400576115 27.298132672905925 163.3809846714139 175.69293035566807 20.833011999726299 4.6557485312223417 6.3230248242616653 6.5634040087461463 5.8849345594644538 5.392161898314952 20.265315979719162 40.554530248045921 4.4570549279451361 4.1099658012390163 13.986751392483713 10.348303049802778 13.025403790175913 7.4704567641019812 30.506515063345432 15.481181912124155 5.1048338264226905 12.045571029186247 6.5467063486576071 10.354115381836889 4.6521794795989981 8.0160987824201566 6.892264023423194
leaf_count=71 2335 182 29 656 120 917 1212 139 21 30 28 27 44 187 201 25 25 98 64 60 48 237 68 28 55 35 44 20 53 41
internal_value=-0.00145123 0.0188762 0.0113206 -1.57851e-05 0.0703716 0.0307959 0.0100431 0.0245497 0.0481494 0.110363 0.0590487 0.0514425 -0.0227639 -0.0330791 0.0334521 0.00218612 0.0241564 0.0103934 0.0254067 0.0603665 0.0200947 0.00424741 0.0578201 0.0489298 0.0548203 0.0443343 0.0582766 0.07831 -0.0205146 -0.0238864
internal_weight=922.36 768.638 670.291 423.674 98.3475 246.617 293.772 118.079 57.4515 10.9788 67.7492 61.1858 129.902 94.0036 46.4728 60.6274 32.9021 28.445 24.3351 55.3009 178.868 35.8987 81.4827 66.0015 60.8967 48.8511 42.3044 31.9503 15.4866 27.7253
internal_count=7100 4765 4324 3009 441 1315 1885 673 281 51 297 269 1124 843 230 392 212 187 162 242 1018 281 370 302 274 219 184 140 101 180
is_linear=0
shrinkage=0.1


Tree=10
num_leaves=31
num_cat=0
split_feature=0 4 3 4 3 4 0 3 0 3 3 4 3 4 3 1 3 0 3 4 3 3 0 4 3 3 4 4 1 4
split_gain=168.004 23.5597 11.9593 8.06196 7.48856 6.23827 5.64541 4.54394 4.02379 4.46216 3.86965 3.73924 4.17408 5.11305 3.65495 3.4505 7.16462 4.78916 4.30802 4.17642 3.76765 3.39239 5.40562 4.97853 4.34221 4.9325 3.75077 3.30362 2.97533 5.1061
threshold=22.095000000000002 4.0788969195560005 1.4709022644610001 19.357049135107005 1.2105181927030002 6.5478299648655005 22.585000000000004 0.7841024627130001 21.305000000000003 2.1114367761680004 1.5494936103805002 7.8034801437690016 2.0219483634475006 10.754686174844002 1.2344912469990001 0.21855267575000001 0.98356946487750008 20.535000000000004 1.1393672292635002 8.2454191482415009 0.87938481153400005 0.91176088127900012 20.225000000000005 12.008789660520002 1.0456193384895001 0.96203006942200009 24.492478134604003 28.032890011635505 0.61031792860000011 20.848754123393004
decision_type=2 2 2 2 2 2 2 2 2 2 2 2 2 2 2 2 2 2 2 2 2 2 2 2 2 2 2 2 2 2
left_child=1 4 5 8 -1 -3 10 -7 9 11 14 -4 -13 -14 -2 16 20 -18 21 -20 -9 -17 23 -23 25 -25 -26 28 29 -21
right_child=6 2 3 -5 -6 7 -8 15 -10 -11 -12 12 13 -15 -16 18 17 -19 19 27 -22 22 -24 24 26 -27 -28 -29 -30 -31
leaf_value=0.1425249854069639 -0.066173607599354506 0.076053514011676274 0.040800410665106208 -0.020384490046016442 0.054035997388230866 0.092414318580051197 -0.10678795185608998 0.035493269571409712 0.043067424735108821 -0.0075776532847456534 -0.09392031732157391 -0.0018012991600185519 -0.007284303597035361 0.14832773726117823 0.045348656449772012 -0.0059967307682041778 0.15208221585698545 0.043906277379807269 -0.12069092608841139 0.0030759450406986919 -0.065149995671301975 0.15956462793978329 -0.052285786689509867 0.079329628891725054 0.032837477003272421 -0.04865721774516063 0.13872951268035139 -0.029290628246603695 -0.034374408838079094 0.076407264686160353
leaf_weight=10.777863860130308 6.1544834598898905 24.716576352715492 48.163803309202194 127.01054012775421 84.884413801133633 9.0695245862007123 125.83433386683464 6.2363310903310767 32.325078397989273 128.61593679338694 11.814422756433485 74.407470501959324 4.1254240125417692 4.3253506571054459 5.6242699027061462 15.199063941836355 4.3929075151681891 59.863833025097847 2.9417780041694632 31.040568605065346 9.2172297388315183 4.7610259652137783 4.4561191797256461 5.2163802832365054 6.4598922133445722 7.1228941231966019 6.9370398223400116 25.27621679008007 10.187390655279158 13.68008255958557
leaf_count=46 70 101 234 1116 377 39 2114 31 164 936 154 478 24 26 65 80 22 305 13 175 46 21 22 29 33 39 37 164 57 82
internal_value=-0.00142472 0.0176012 0.0109333 0.000647051 0.0640057 0.0283971 -0.0983716 0.0230927 0.00979625 0.00565397 -0.0534827 0.0186426 0.00576272 0.0723624 -0.0129225 0.0201408 0.0365991 0.0513017 0.0102975 -0.00366733 -0.0245351 0.0334438 0.0505941 0.0656264 0.0482484 0.00544872 0.0876692 0.000625995 0.0143977 0.0255081
internal_weight=910.838 761.411 665.748 418.974 95.6623 246.775 149.428 222.058 291.963 259.638 23.5932 131.022 82.8582 8.45077 11.7788 212.989 79.7103 64.2567 133.278 83.126 15.4536 50.1524 34.9534 30.4972 25.7362 12.3393 13.3969 80.1843 54.908 44.7207
internal_count=7100 4697 4274 2978 423 1296 2403 1195 1862 1698 289 762 528 50 135 1156 404 327 752 491 77 261 181 159 138 68 70 478 314 257
is_linear=0
shrinkage=0.1


Tree=11
num_leaves=31
num_cat=0
split_feature=0 4 3 4 4 3 3 3 3 3 3 4 3 0 0 4 4 0 1 1 0 0 4 1 0 3 4 4 1 1
split_gain=148.45 19.7393 9.42451 6.68044 6.24592 6.08132 5.71907 4.89941 3.71419 3.88814 3.50739 3.53208 5.02863 3.1023 6.14107 5.60787 4.93347 3.01944 3.18084 3.54601 2.93407 2.90925 4.80577 2.79163 3.65781 2.75172 5.42152 3.65082 4.93279 2.97511
threshold=22.195000000000004 4.0788969195560005 1.5235461956725003 9.3785361397275011 16.603767135810504 1.3425171253885002 2.6974348278020002 2.6174722250135005 1.9807767138350003 1.8935749537670004 1.4384189407415002 8.6473107375705016 1.022242389936 18.455000000000002 18.635000000000002 39.397888971587513 13.240980433598503 17.555000000000003 0.59368507065000009 0.38508457955000003 15.365 22.585000000000004 17.336409698829005 0.24074436350000003 20.835000000000004 1.5867843155205004 28.032890011635505 46.613427510235006 0.63322219360000009 1.1683047109500002
decision_type=2 2 2 2 2 2 2 2 2 2 2 2 2 2 2 2 2 2 2 2 2 2 2 2 2 2 2 2 2 2
left_child=1 5 3 10 8 -1 7 20 9 -4 11 12 -3 16 -15 -16 -5 -8 19 -19 -6 22 -2 24 -14 26 -22 -27 -29 -30
right_child=21 2 4 13 6 -7 17 -9 -10 -11 -12 -13 23 14 15 -17 -18 18 -20 -21 25 -23 -24 -25 -26 27 -28 28 29 -31
leaf_value=0.11318377167287311 -0.08933485741498054 0.079031850781432766 0.013719352190062747 -0.11671250017193435 0.066195584674061475 0.045980784165423276 -0.024447188525429975 -0.10189715242091098 -0.00069635257279020049 0.062585857428928374 0.10855796768641285 0.10965320930033434 -0.082433853599155865 0.11863556317648814 0.022121252626506119 -0.061996985102922654 0.002056781738753333 0.083476888238518399 0.15632603822664845 -0.051479034601671927 0.098743979541573421 -0.10610044452461494 0.05049550657901012 0.051167684667482852 0.014984921533279658 -0.033272185150446089 -0.061342622063134677 0.11037975650065456 -0.090814012780226078 0.045740591519119356
leaf_weight=16.079181373119354 10.979804325848816 14.314857959747313 78.163006260991096 3.8393808603286734 3.849175162613391 82.836829617619514 5.3696296662092236 7.7211201116442671 162.38422049582005 20.566750004887581 9.7755374908447248 6.7496026754379264 5.8533408492803636 6.2717478275299063 153.84394006431103 8.3557790070772153 39.263452135026455 5.475325293838976 2.92945872247219 3.0212855860590935 5.0392610654234868 114.55969685316086 3.1667704731225959 8.7372600734233838 11.284901030361651 94.945129245519638 3.6461470127105713 4.3500247597694379 3.4443249851465225 2.9723109751939774
leaf_count=71 171 60 432 20 34 370 43 70 1110 101 43 30 25 35 848 58 235 44 24 24 39 2114 50 37 50 854 31 32 25 20
internal_value=-0.00139797 0.0151967 0.00905895 0.0235872 -0.000591959 0.0569049 -0.0174102 -0.0247186 0.00860336 0.0238989 0.0540648 0.0427163 0.0314748 0.0154172 0.0215422 0.0177879 -0.00852258 0.0374029 0.0664691 0.0354883 -0.0196791 -0.100817 -0.0580332 0.00516532 -0.0182872 -0.0225686 0.0315394 -0.0270142 0.0281719 -0.0275593
internal_weight=899.789 771.083 672.167 268.29 403.877 98.916 142.763 125.967 261.114 98.7298 56.7155 46.94 40.1904 211.574 168.471 162.2 43.1028 16.7957 11.4261 8.49661 118.246 128.706 14.1466 25.8755 17.1382 114.397 8.68541 105.712 10.7667 6.41664
internal_count=7100 4765 4324 1441 2883 441 1240 1105 1643 533 245 202 172 1196 941 906 255 135 92 68 1035 2335 221 112 75 1001 70 931 77 45
is_linear=0
shrinkage=0.1


Tree=12
num_leaves=31
num_cat=0
split_feature=0 4 3 3 0 1 4 4 3 4 3 4 3 4 4 3 3 4 3 0 3 3 3 0 0 3 0 4 0 1
split_gain=131.422 15.7299 10.0523 7.644 4.99148 5.19078 4.14203 4.94933 5.04285 4.2929 7.29887 6.1087 4.40149 3.39831 3.29495 3.26559 6.17214 3.83789 3.55699 4.082 4.14366 3.25789 5.00922 3.77732 3.24626 9.03758 4.70193 4.52471 4.36425 3.74697
threshold=22.275000000000002 6.7378441626335013 1.7855564088540004 1.3230218173515003 22.005000000000006 0.11629368385000001 13.872772277463502 12.886441963223502 2.1492422679925007 10.176786391451001 2.2179250110670004 9.4719184210665031 2.2807882456185005 6.979960506837501 2.4775433611165005 0.81466184475150005 1.022242389936 2.8429258476855006 1.6618684481565003 18.145000000000003 1.5955078497135002 2.6974348278020002 2.5738845363860006 20.255000000000006 19.515000000000004 0.7841024627130001 18.755000000000006 32.011297272806509 18.455000000000002 0.41453015415000005
decision_type=2 2 2 2 2 2 2 2 2 2 2 2 2 2 2 2 2 2 2 2 2 2 2 2 2 2 2 2 2 2
left_child=1 2 15 24 5 -5 7 8 13 10 -10 12 -12 -7 -4 -1 -17 -18 19 -19 -21 22 -8 -24 26 -26 28 29 -3 -28
right_child=-2 3 14 4 -6 6 21 -9 9 -11 11 -13 -14 -15 -16 16 17 18 -20 20 -22 -23 23 -25 25 -27 27 -29 -30 -31
leaf_value=-0.036921821609865138 -0.10127495227002209 0.0089196254158940627 0.050491679971721659 0.069678020499538293 -0.10093036899046758 -0.063050873014066811 -0.012202030135290162 0.058454749460543298 -0.082581166559130906 -0.058534668435858944 0.11136585855357956 0.11227154259218725 -0.017977980226471148 0.021580508581177663 0.010610403931712342 0.14359954242819836 0.096226176745225184 0.13636870924206487 0.098908795011618034 0.037342479915007984 -0.047395311346646367 0.025411555573342633 -0.097509431011097408 0.035125842283986609 0.17413592146765711 0.027094521339915457 -0.027413570168039421 0.056665262043152489 0.091831363151350584 -0.13157438158789875
leaf_weight=3.1428263485431662 114.69840671494603 30.161828279495239 26.045892015099525 9.9336060062050802 5.1340715922415248 5.0207160115241996 178.14074559509754 17.582986056804657 8.4678116291761381 19.841714464128017 3.0358170270919862 6.0572059229016295 19.726298488676548 86.273634023964405 101.23894682526588 9.313978794962166 18.696308128535748 3.4460178315639487 9.600808270275591 34.265826381742954 6.9393850639462462 20.207327090203762 11.824567444622515 2.6235644519329062 4.359401322901248 101.55418030545115 15.181058153510099 4.8585148006677619 8.0411176234483701 4.4706319570541373
leaf_count=14 2286 162 112 55 54 26 1451 104 67 151 23 46 148 476 571 42 82 14 41 149 30 158 110 22 19 512 79 30 41 25
internal_value=-0.00136892 0.0134134 0.0365791 0.00465403 -0.00297355 -0.00167983 -0.0035511 0.00828804 0.00234504 -0.0209563 -0.000959649 0.0230227 -0.000727201 0.0169262 0.0187712 0.0631195 0.0669415 0.0571539 0.0436889 0.0318156 0.0230718 -0.012787 -0.016795 -0.0734249 0.0224702 0.0331467 0.00443895 -0.0297459 0.0263712 -0.0511095
internal_weight=889.885 775.187 212.69 562.497 393.87 388.736 378.802 166.006 148.423 57.1288 37.2871 28.8193 22.7621 91.2944 127.285 85.4052 82.2623 72.9483 54.252 44.6512 41.2052 212.796 192.589 14.4481 168.627 105.914 62.7132 24.5102 38.2029 19.6517
internal_count=7100 4814 1055 3759 2891 2837 2782 1041 937 435 284 217 171 502 683 372 358 316 234 193 179 1741 1583 132 868 531 337 134 203 104
is_linear=0
shrinkage=0.1


Tree=13
num_leaves=31
num_cat=0
split_feature=0 4 3 3 1 4 3 4 3 3 3 4 4 3 1 3 0 4 0 4 0 3 1 0 1 0 0 4 4 4
split_gain=116.471 12.8048 6.76867 5.57811 7.02403 5.05421 4.90681 4.61516 5.84962 5.03165 3.34522 3.16069 3.7306 2.8974 6.60605 2.86876 4.33423 3.26917 2.95771 2.85059 3.17552 2.69896 4.40211 2.5608 2.46168 3.02325 6.94821 4.01291 3.90355 3.87203
threshold=22.275000000000002 4.0788969195560005 1.4652773693475003 1.4483160408810003 0.40884258720000005 10.176786391451001 1.3425171253885002 9.4719184210665031 1.9807767138350003 1.9104176872465002 2.2057182397870005 9.6577499587335023 10.007612802451002 2.2807882456185005 0.20967957510000004 1.3827252452820002 20.595000000000002 26.960253770592505 21.185000000000006 29.473350025835003 19.625000000000004 1.9004980770420004 0.23418341125000003 18.105000000000004 0.10606110020000002 19.235000000000003 19.305000000000003 10.754686174844002 30.187614679171503 26.659016121115005
decision_type=2 2 2 2 2 2 2 2 2 2 2 2 2 2 2 2 2 2 2 2 2 2 2 2 2 2 2 2 2 2
left_child=1 6 3 15 -5 7 -1 8 21 -9 -10 -11 -13 14 -12 17 -17 -3 -18 20 -19 23 -23 -4 -7 27 -27 -26 29 -28
right_child=-2 2 5 4 -6 24 -8 9 10 11 13 12 -14 -15 -16 16 18 19 -20 -21 -22 22 -24 -25 25 26 28 -29 -30 -31
leaf_value=0.097200369789125649 -0.10031758187892917 0.027680005707708899 0.078297528249146292 0.16185205544662831 -0.017550410536579714 -0.093844199097436298 0.035976225289822715 -0.026487900689186768 -0.029433341814080367 0.16671277151023395 0.17067330160696237 0.00090245188984098201 0.13325402614004955 -0.0041193950638589707 0.0054107560173415423 -0.040803956332446475 0.11373894378372235 -0.12949685033552583 -0.0047585545393311023 0.0096309092594983291 -0.0061419566398353328 0.14593426283829511 0.023389899636350298 0.011795772324829742 -0.10272623291775229 0.11900800099957914 0.00053249348019531969 -0.014963727495820121 -0.050497500782398189 0.08374849459951289
leaf_weight=15.500951550900934 104.72392649948597 166.64618983864784 6.6770230978727332 5.9236698597669584 3.4554038643836975 3.4478589072823516 84.178083725273609 4.7751251049339798 42.495990611612797 4.0589493811130515 3.3432337976992121 4.7936841882765275 3.8323011845350266 44.319771107286215 8.7471215724945051 18.493661671876911 3.628754645586012 3.3704079836606962 5.0208282023668289 39.783160164952278 5.4800819158554077 4.9343864470720273 7.2215311080217361 43.607038617134094 5.422462821006774 5.0165308415889731 78.026471547782421 132.99837785214186 14.022365249693392 6.0230765566229811
leaf_count=74 2286 819 31 32 22 36 379 28 271 26 21 33 24 317 63 109 21 20 28 231 31 21 33 213 40 39 563 1104 131 54
internal_value=-0.00133224 0.0120392 0.00710251 0.0200877 0.0957573 -0.000613376 0.0454971 0.0121692 0.00688421 0.0610073 -0.00824459 0.0939441 0.0597028 0.00771774 0.0511093 0.0171602 -0.0134758 0.0210229 0.0449546 -0.00178822 -0.0531175 0.0308485 0.0731337 0.0206263 -0.00994401 -0.00874623 0.00421856 -0.0184017 -0.0016531 0.00649584
internal_weight=879.968 775.244 675.565 251.802 9.37907 423.763 99.679 178.806 161.346 17.4601 98.9061 12.6849 8.62599 56.4101 12.0904 242.423 27.1432 215.28 8.64958 48.6337 8.85049 62.44 12.1559 50.2841 244.957 241.509 103.088 138.421 98.0719 84.0495
internal_count=7100 4814 4361 1313 54 3048 453 1081 970 111 672 83 57 401 84 1259 158 1101 49 282 51 298 54 244 1967 1931 787 1144 748 617
is_linear=0
shrinkage=0.1


Tree=14
num_leaves=31
num_cat=0
split_feature=0 4 3 0 0 3 1 4 3 4 4 3 3 3 1 0 3 1 4 0 3 4 4 4 1 1 3 1 3 4
split_gain=103.607 11.7577 8.57647 6.70307 6.02687 5.29029 5.45096 5.22486 3.59805 3.22253 6.1627 4.19953 4.4113 3.08825 3.82068 5.91465 5.39799 4.92061 3.82772 3.00095 2.90981 2.75026 2.72752 2.70408 2.74538 3.39618 2.6665 3.26401 2.90881 3.77517
threshold=22.005000000000006 6.0761450812490008 1.8768754143740003 22.585000000000004 21.405000000000005 1.1393672292635002 0.12177443630000001 25.834092352474503 1.3775084262510002 13.872772277463502 12.886441963223502 1.2042857910045002 2.6174722250135005 1.0456193384895001 0.37115569425000006 18.635000000000002 0.7841024627130001 0.14640507385000004 22.486718385483005 18.395000000000003 1.9104176872465002 14.455430545440001 2.7681239181285004 2.4124982457480004 0.56696484090000021 0.34163009985000009 2.4900758947025006 0.33231973120000008 1.4989630835385002 6.2371474761970012
decision_type=2 2 2 2 2 2 2 2 2 2 2 2 2 2 2 2 2 2 2 2 2 2 2 2 2 2 2 2 2 2
left_child=1 2 23 7 20 13 8 22 -7 10 11 -8 26 14 16 18 -3 -18 -16 -15 -4 -11 -2 -1 25 -25 28 -28 -13 -30
right_child=3 5 4 -5 -6 6 9 -9 -10 21 -12 12 -14 19 15 -17 17 -19 -20 -21 -22 -23 -24 24 -26 -27 27 -29 29 -31
leaf_value=0.095957560415976015 0.010299557415835265 0.12560049329920062 -0.073067884665285965 -0.10448467938282245 0.079942903379868174 0.13812109247519019 -0.091444636678943036 0.095868960802835593 0.030927211200843099 -0.061875692506003367 0.05940975757283691 0.035575924867737141 -0.043523183366627215 0.11436253931656162 0.064836833788967874 -0.10634014105927228 -0.041723959110494917 0.036897880264980143 -0.039823920291792818 0.036588239241441521 0.00990902978587971 -0.0069553161436867218 -0.077978175444044673 0.055648996659922269 0.11884195287256138 -0.0052150713564622043 0.13048332871769761 0.0033821159628257243 -0.10779518649771325 0.0028561569023853612
leaf_weight=15.918374136090277 4.3757364228367868 5.1531941890716544 4.4528276175260535 86.842359781265259 12.490308076143263 3.8757478743791607 4.6884069293737403 2.3746988028287879 16.302771866321564 9.4636145010590536 20.823135420680046 28.283737748861313 17.290013663470745 6.0667091012001029 6.9815333038568514 5.9864461570978156 10.619004294276236 31.794653952121735 6.996066153049469 27.225324779748917 83.034658774733543 249.79390565305948 17.487662505358458 45.511789411306381 5.2679236084222785 11.480485558509825 3.958621606230734 4.1267485320568085 3.1649915128946295 119.53635197132826
leaf_count=71 38 21 19 2114 54 19 21 30 86 63 117 130 133 28 34 33 51 152 37 129 452 1947 240 192 22 49 27 33 17 741
internal_value=-0.0012948 0.0118855 0.0343647 -0.0915069 0.0149628 0.00500588 0.000642759 -0.0450088 0.0515163 -0.00158341 0.00789018 0.00196471 0.00444793 0.0258345 0.0135461 -0.0231691 0.0289557 0.0172135 0.012452 0.0507608 0.00568578 -0.00896006 -0.0603103 0.0591767 0.0497728 0.0433886 0.0096621 0.0656113 0.00666598 1.98634e-06
internal_weight=871.368 760.287 178.156 111.08 99.9778 582.131 481.308 24.2381 20.1785 461.13 201.872 181.049 176.36 100.823 67.5309 19.964 47.5669 42.4137 13.9776 33.292 87.4875 259.258 21.8634 78.1786 62.2602 56.9923 159.07 8.08537 150.985 122.701
internal_count=7100 4678 859 2422 525 3819 3334 308 105 3229 1219 1102 1081 485 328 104 224 203 71 157 471 2010 278 334 263 241 948 60 888 758
is_linear=0
shrinkage=0.1


Tree=15
num_leaves=31
num_cat=0
split_feature=0 4 0 0 3 4 3 4 4 4 4 1 0 1 3 4 4 4 1 4 1 0 4 1 1 0 4 1 0 0
split_gain=91.7567 9.15417 6.01755 7.79265 5.41793 5.35993 5.16838 4.75091 4.2547 3.90393 3.33994 6.26981 4.22614 7.52775 4.19842 3.89473 6.44884 3.96371 3.24416 3.16278 3.0391 3.03568 4.70575 2.96773 4.00713 2.92395 3.81825 2.83321 2.63905 3.17798
threshold=22.585000000000004 2.4124982457480004 22.005000000000006 19.645000000000003 2.1417294064850005 4.9650363447900014 1.3486996003260001 25.834092352474503 34.938787536239509 1.8590679096615002 9.3785361397275011 1.2576393802500003 19.065000000000001 0.43606991770000009 2.0157615462175005 41.934006154810511 25.334696002878506 17.947842754435502 0.52427135305000017 9.8751997979365012 0.35445093630000007 17.255000000000006 7.2993572659785011 0.34163009985000009 0.32776013355000005 19.705000000000002 10.314681143503501 2.3364666249500003 19.895000000000003 20.605000000000004
decision_type=2 2 2 2 2 2 2 2 2 2 2 2 2 2 2 2 2 2 2 2 2 2 2 2 2 2 2 2 2 2
left_child=1 6 3 4 10 -5 -1 -4 25 -8 12 19 13 -3 18 16 17 -13 -15 -12 -6 -20 -23 24 -14 26 -7 -22 -10 -30
right_child=-2 2 7 5 20 8 9 -9 28 -11 11 15 23 14 -16 -17 -18 -19 21 -21 27 22 -24 -25 -26 -27 -28 -29 29 -31
leaf_value=0.13948405645511922 -0.10403975865876464 0.16464996816217753 -0.06611320741474673 0.047273034796215696 -0.063536245657424981 0.15621295613660569 0.010395323054484698 0.079948804791722949 0.046457455397833608 0.078642716139071658 -0.081875261014677764 0.03151734858041421 -0.037335567430162683 -0.0085892244496224065 -0.040917777882186167 0.15526267452431311 -0.035718137436246487 0.17319624243908713 0.0072198139550251816 -0.0039097679570513589 -0.010323299610244852 0.047853442135706387 0.15915655847921023 -0.03892666415619736 0.097950412535795103 0.014418318731911442 0.020736495521427412 -0.094384742674766653 -0.10728157199803801 -0.0061439223205065107
leaf_weight=6.2045448273420325 78.897116497159004 4.6395907253026953 17.469274356961254 55.687013581395149 13.572949685156344 3.3901031017303449 19.160438947379589 2.5522562563419333 3.0038137584924689 14.899266541004179 5.3785671144723883 4.3670670241117495 4.0530380010604876 8.2576194703578967 6.8895687013864508 3.2135363221168509 7.0483313649892807 3.6045013293623924 6.6402841508388546 159.50674924254417 108.15190864354372 10.742836371064188 5.8763018250465384 13.43493168056011 4.7615608274936676 269.13129433244467 5.3847036063671112 4.1638185903429976 6.3739129230380041 6.0614758655428886
leaf_count=35 2114 22 249 249 100 19 85 30 24 68 29 27 21 38 43 21 58 25 30 1091 870 47 29 66 23 1522 36 34 48 47
internal_value=-0.00124826 0.00910106 0.0065856 0.00808249 -0.00194042 0.0188311 0.0555414 -0.0474939 0.0134318 0.0402498 0.00662424 -0.000299765 0.0260423 0.0443326 0.0297981 0.0553441 0.0339664 0.0955802 0.0452564 -0.00645301 -0.0188409 0.0643728 0.0872087 -0.00934414 0.0357446 0.0162705 0.0730772 -0.0134397 -0.0376635 -0.0579833
internal_weight=862.518 783.621 743.357 723.335 374.303 349.032 40.2643 20.0215 293.345 34.0597 248.414 183.119 65.2957 43.0462 38.4066 18.2334 15.0199 7.97157 31.517 164.885 125.889 23.2594 16.6191 22.2495 8.8146 277.906 8.77481 112.316 15.4392 12.4354
internal_count=7100 4986 4798 4519 2574 1945 188 279 1696 153 1570 1251 319 209 187 131 110 52 144 1120 1004 106 76 110 44 1577 55 904 119 95
is_linear=0
shrinkage=0.1


Tree=16
num_leaves=31
num_cat=0
split_feature=0 4 0 0 3 3 4 4 4 4 4 4 4 1 0 3 0 1 3 0 3 0 4 4 4 1 4 4 1 4
split_gain=82.0591 7.50922 5.0287 6.28216 4.61329 4.42386 4.35341 3.95181 3.49192 3.16461 2.90691 3.17676 2.67422 4.89148 4.05873 4.23882 3.36903 5.66962 3.3749 2.82253 2.77299 2.66085 4.14363 5.8319 5.1621 2.6319 2.60891 5.18491 6.47097 4.0272
threshold=22.585000000000004 2.4124982457480004 22.005000000000006 19.645000000000003 1.3486996003260001 2.1417294064850005 4.9650363447900014 25.834092352474503 34.938787536239509 1.8590679096615002 32.485928466519006 30.187614679171503 9.3785361397275011 1.2576393802500003 16.495000000000001 1.7488181334390001 19.065000000000001 0.43606991770000009 2.0157615462175005 19.035000000000004 1.3298939770040004 19.415000000000003 11.625311285660002 17.947842754435502 21.576616995282503 0.35445093630000007 29.847205783897003 17.336409698829005 0.33231973120000008 14.906292484289002
decision_type=2 2 2 2 2 2 2 2 2 2 2 2 2 2 2 2 2 2 2 2 2 2 2 2 2 2 2 2 2 2
left_child=1 4 3 5 -1 12 -5 -4 10 -6 11 -8 16 19 15 20 17 -3 -19 -14 -15 22 -21 -24 -25 -7 27 29 -29 -23
right_child=-2 2 7 6 9 25 8 -9 -10 -11 -12 -13 13 14 -16 -17 -18 18 -20 21 -22 26 23 24 -26 -27 -28 28 -30 -31
leaf_value=0.1318348172601525 -0.10364058109664119 0.14126915857649988 -0.06267397174224798 0.042461535815888338 0.0093499252191230568 -0.05973727686413715 0.014582127583751823 0.067613470832898953 -0.034875570188116205 0.070791637248713762 0.090558514917752034 -0.068062874715075147 -0.015095212554874955 0.0430758571396282 0.15861701907532105 0.094439152012836314 -0.0084818657415479323 0.040181703447538443 -0.037762244318801569 -0.061332183547382874 -0.06274964184919575 0.0086722150640614667 0.11271933562521422 -0.069602032020290236 0.044202070331418111 -0.012222710929425805 -0.079416230964366008 0.15808451501555876 -0.034163259014058776 -0.12755910671041734
leaf_weight=5.922876074910163 71.649999588727951 4.8538441956043235 16.629662543535236 55.791211292147636 19.171818792819977 13.021886073052881 270.26561813056469 2.7070087641477576 15.079071916639803 14.896314945071934 4.9396582245826712 4.7325003668665877 109.58803079277277 4.779061362147333 2.8204353377223006 6.0529935583472243 22.193439811468124 31.877469807863235 6.7275363355875006 4.3244567364454261 5.1383615136146545 5.4068290591239982 8.6118514165282267 5.3681923821568516 15.477262176573275 111.285027384758 4.8696905225515357 3.7571884766221038 3.2787172049283981 3.6246432214975357
leaf_count=35 2114 22 249 249 85 100 1513 30 119 68 32 32 758 24 20 48 110 144 43 25 39 30 50 38 112 904 38 23 23 23
internal_value=-0.00120602 0.00816515 0.00589377 0.00723819 0.0503771 -0.00179566 0.016845 -0.0444346 0.0120006 0.0362154 0.0145256 0.0131599 0.00590236 -0.00030633 0.0480255 0.0284946 0.0232178 0.0394061 0.0265987 -0.00583377 -0.0117539 0.0127146 0.0300749 0.0434939 0.0148949 -0.0172001 -0.0152962 0.00413724 0.0684975 -0.0460021
internal_weight=854.843 783.193 743.202 723.865 39.991 373.057 350.808 19.3367 295.017 34.0681 279.938 274.998 248.75 183.098 18.7909 15.9704 65.6523 43.4589 38.605 164.307 9.91742 54.7188 33.7818 29.4573 20.8455 124.307 20.9371 16.0674 7.03591 9.03147
internal_count=7100 4986 4798 4519 188 2574 1945 279 1696 153 1577 1545 1570 1251 131 111 319 209 187 1120 63 362 225 200 150 1004 137 99 46 53
is_linear=0
shrinkage=0.1


Tree=17
num_leaves=31
num_cat=0
split_feature=0 4 0 0 3 3 4 3 0 3 0 0 4 4 4 3 0 3 3 3 4 4 4 1 1 3 3 3 0 4
split_gain=73.4682 6.16668 4.25015 4.93785 4.11109 3.59925 3.46301 2.89615 3.83557 4.74573 2.76357 2.76855 2.66674 6.18525 3.4167 3.6741 4.93628 4.84105 6.3542 4.01905 3.02089 4.42518 3.27462 2.8361 3.49155 5.35076 2.83403 5.70394 3.11408 2.57508
threshold=22.585000000000004 2.4124982457480004 22.095000000000002 19.645000000000003 1.3486996003260001 2.1417294064850005 4.9650363447900014 1.3350622901955003 21.805000000000003 1.3982276113530003 21.605000000000004 21.875000000000004 18.953983641650503 21.160402101153505 22.215914397005005 1.6303764834100003 20.895000000000003 1.8768754143740003 2.0991876050370002 1.4845394293650003 8.8034365300865023 9.1028370822105025 8.4827407559950014 0.18860627070000002 0.24074436350000003 2.3648014685015002 2.1536728395620002 1.6797571640490003 20.005000000000006 1.8590679096615002
decision_type=2 2 2 2 2 2 2 2 2 2 2 2 2 2 2 2 2 2 2 2 2 2 2 2 2 2 2 2 2 2
left_child=1 4 3 5 -1 -3 10 -8 9 -9 -5 -12 20 -14 -15 16 19 -17 -19 -16 22 -22 -11 -23 25 -25 27 -26 -29 -6
right_child=-2 2 -4 6 29 -7 7 8 -10 12 11 -13 13 14 15 17 -18 18 -20 -21 21 23 -24 24 26 -27 -28 28 -30 -31
leaf_value=0.12474000436059181 -0.10328216126058723 0.0052407470803663755 -0.046264596891679256 0.048773744004948973 0.0084105274094172008 -0.015679003012649108 0.022902777144606878 -0.062237593331931219 0.058984892180118244 0.0010391429784983174 -0.050407094110671569 0.049488196275629295 -0.10395059020619196 0.096112015851909566 0.004861466180366523 -0.11269313314650165 -0.082157348656059545 0.14706614690470962 -0.041339500424842267 0.14991778028863029 0.13006345664190405 0.045620403831098326 -0.087266746090097755 -0.073204178259839492 -0.025148082308050164 0.057428416756529203 -0.028157662157389018 0.15017591920013201 0.030276628784268775 0.063864019058557223
leaf_weight=5.648243047297 65.045114371925592 248.75607366114855 15.663823708891867 44.757263779640198 19.181323602795601 122.86396979540586 116.04085619747639 11.789350859820841 11.362213172018526 54.05409337580204 6.3310151845216733 4.938495084643364 7.0950584262609473 3.2842226102948215 3.9080232232809085 6.0191034376621273 2.6711615025997162 2.2905661314725867 8.1927013248205167 3.7361322194337845 3.8122174441814414 24.068959973752499 4.5530693084001532 10.778775438666342 5.8708482682704952 4.4218576550483695 6.3829705119132987 5.3455067127943021 3.6421015560626984 14.862567536532877
leaf_count=35 2114 1570 263 202 85 1004 544 66 58 303 27 21 58 28 27 62 21 21 76 31 22 139 27 67 36 29 45 31 20 68
internal_value=-0.00116485 0.00732555 0.00527297 0.00638345 0.0457287 -0.00167568 0.0148116 0.0105406 0.00271369 -0.00100535 0.0376293 -0.00663124 0.00350286 -0.0199574 -0.000160122 -0.0119501 0.0348662 -0.041214 -0.000173366 0.0757587 0.0106016 0.025565 -0.00582116 0.0189815 0.00138729 -0.0352032 0.0275719 0.0515125 0.101588 0.0326199
internal_weight=847.368 782.323 742.63 726.967 39.6921 371.62 355.347 299.32 183.279 171.917 56.0268 11.2695 160.127 37.197 30.1019 26.8177 10.3153 16.5024 10.4833 7.64416 122.93 64.3232 58.6072 60.511 36.4421 15.2006 21.2414 14.8585 8.98761 34.0439
internal_count=7100 4986 4798 4535 188 2574 1961 1711 1167 1109 250 48 1043 324 266 238 79 159 97 58 719 389 330 367 228 96 132 87 51 153
is_linear=0
shrinkage=0.1


Tree=18
num_leaves=31
num_cat=0
split_feature=0 4 3 0 0 3 3 1 3 3 4 3 3 1 1 0 1 0 4 0 3 4 4 1 3 1 4 4 3 4
split_gain=65.8397 5.07615 5.6552 3.35441 6.37718 3.31396 5.19557 3.22655 3.46158 4.36246 2.86157 2.85918 3.38755 2.57376 3.46154 2.43635 2.57789 2.22674 5.48838 4.176 4.97173 3.70046 3.26567 2.73872 2.59874 2.05992 1.99141 3.30419 3.60736 4.71864
threshold=22.585000000000004 6.7378441626335013 1.7366798324065003 22.005000000000006 21.805000000000003 1.4597214174835003 1.4483160408810003 0.11004140525000002 1.6618684481565003 1.1056097922970001 2.5416821208975002 1.1393672292635002 1.3906662777380003 0.10606110020000002 0.11629368385000001 21.565000000000001 0.13981576005000004 19.265000000000004 5.2860507316945009 18.515000000000004 2.3559473345740005 5.2179304918995006 2.1739750216335003 0.30588355425000008 2.6299947006465003 0.21555402060000003 19.357049135107005 36.660282957685006 3.2021987747510008 31.0508717856525
decision_type=2 2 2 2 2 2 2 2 2 2 2 2 2 2 2 2 2 2 2 2 2 2 2 2 2 2 2 2 2 2
left_child=1 2 7 4 15 6 -3 11 9 25 -11 -1 -13 -7 -15 16 -4 18 22 20 -20 -19 -18 -23 -24 -9 -16 28 29 -28
right_child=-2 5 3 -5 -6 13 -8 8 -10 10 -12 12 -14 14 26 -17 17 21 19 -21 -22 23 24 -25 -26 -27 27 -29 -30 -31
leaf_value=-0.10494834521389913 -0.10296008908670518 0.0087109705392595781 0.081178178067008583 -0.085763657752318589 0.10416737323461374 -0.064103971610036559 0.11260224208382826 0.12713318602662962 0.10666308542360542 0.080930101198590287 0.014738034393994985 0.10199275864909421 -0.060684624271025583 0.064177753527836015 0.0010865631545512256 -0.054478365270290166 0.062726134003193032 0.009289501291447004 -0.012017455060377795 0.14624095330773804 0.13251499567422406 -0.021574898266940451 -0.0059516012583463191 -0.10747724188167702 -0.099604554047069443 0.049260389214059244 -0.017776345671823273 0.011198585056656806 0.09743328017855038 -0.079310044797459026
leaf_weight=2.6291614696383467 59.029976151883602 223.33116018027067 4.6386655569076529 3.7649996541440478 6.8137522190809241 7.12307284772396 4.9196923002600661 7.0284422039985639 8.7489108443260175 7.7843248546123496 40.571282342076302 2.6468991041183472 2.4788589328527451 7.4210350587964049 205.4521853774786 6.5655691176652899 6.0606235563755062 46.231993980705738 7.2873093485832197 4.9278842061758033 3.5342745408415794 16.060795009136204 20.651053145527843 4.8267925232648841 3.4592338055372229 6.574224516749382 68.412576839327812 34.137928426265717 2.3197791501879683 15.237818799912928
leaf_count=24 2114 1201 21 62 29 109 30 34 37 39 171 24 21 39 1368 29 25 216 41 29 24 98 112 33 23 32 652 282 18 163
internal_value=-0.00112479 0.00656587 0.019721 0.00729894 0.00997242 0.0016292 0.0109502 0.0410659 0.0477817 0.0394673 0.0253937 -0.0201666 0.0233206 -0.00462632 -0.00335399 0.00480661 0.00811426 0.00511604 0.0220844 0.0699343 0.0351861 -0.00649301 -0.00289361 -0.0414256 -0.0193885 0.0894969 -0.00489335 -0.0151224 -0.0255741 -0.0289854
internal_weight=840.67 781.64 213.285 134.823 131.058 568.355 228.251 78.4621 70.7072 61.9583 48.3556 7.75492 5.12576 340.104 332.981 124.244 117.679 113.04 45.9204 15.7495 10.8216 67.1196 30.1709 20.8876 24.1103 13.6027 325.56 120.108 85.9702 83.6504
internal_count=7100 4986 1124 742 680 3862 1231 382 313 276 210 69 45 2631 2522 651 622 601 254 94 65 347 160 131 135 66 2483 1115 833 815
is_linear=0
shrinkage=0.1


Tree=19
num_leaves=31
num_cat=0
split_feature=0 4 3 0 3 0 3 4 4 4 4 3 4 3 3 3 3 0 0 4 4 3 3 1 1 1 0 1 1 1
split_gain=59.0746 4.32105 3.67953 3.11805 3.78153 3.84523 3.60546 3.54352 3.40604 2.97861 3.78909 4.40909 3.49516 2.84291 3.39547 2.73923 4.64418 3.15039 2.6854 2.84491 7.94849 2.44737 4.04836 2.37127 2.93386 3.6876 3.58235 2.57162 2.95112 2.94865
threshold=22.585000000000004 2.4124982457480004 1.3486996003260001 22.005000000000006 1.1393672292635002 21.805000000000003 2.2007077643015003 6.6807774581595005 25.834092352474503 13.872772277463502 12.886441963223502 2.8779002199265005 14.455430545440001 1.0117408623125004 0.7841024627130001 2.6974348278020002 2.5738845363860006 20.255000000000006 17.555000000000003 26.659016121115005 21.965982497054505 1.2206484365790002 1.3827252452820002 0.15330493235000003 0.37115569425000006 0.50530794635000009 17.845000000000002 0.30168667455000003 0.18011759020000004 0.21161971635000001
decision_type=2 2 2 2 2 2 2 2 2 2 2 2 2 2 2 2 2 2 2 2 2 2 2 2 2 2 2 2 2 2
left_child=1 2 -1 4 7 9 -7 -3 -5 10 11 21 -11 14 -9 16 -14 -18 -17 20 -20 -6 -23 -16 27 -26 -27 28 -25 -30
right_child=-2 3 -4 8 5 6 -8 13 -10 12 -12 -13 15 -15 23 18 17 -19 19 -21 -22 22 -24 24 25 26 -28 -29 29 -31
leaf_value=0.11719911471869822 -0.10267048336196614 0.069016183293018424 0.026387442045225459 -0.055985298071890378 -0.043855450980995844 0.075642130055613391 -0.028993969701599599 0.055461384690646758 0.065676741685566462 -0.065634261531133054 0.047216464665822397 -0.083742376275019348 -0.0045758347267131107 0.034794571827132137 -0.056607128046449129 -0.02736475227518801 -0.09227546024224216 0.02939575077022958 0.081408857704003981 0.13104215692437016 -0.11667431496588201 0.046719884252349062 0.0039214093226587737 0.072472610472113078 -0.12604642445508066 -0.058539759944478444 0.069508078325904929 0.072312750105230625 -0.084913857810430926 0.010731675086881456
leaf_weight=5.1417918875813475 53.555518098175526 14.0298535823822 33.737535368651152 14.970028866082432 9.6159826070070249 12.779913201928141 4.4361131638288489 9.4255796223878843 2.7190853357315055 9.8718176707625371 21.897375091910362 5.6011227518320075 218.25080840289593 42.789808809757233 8.9525668323039991 5.6055950745940235 10.083219155669211 2.6973630562424651 7.4853146821260435 3.6072597578167906 2.7774277776479721 24.061938494443893 271.27411568164825 4.4147055894136491 3.5154423266649237 5.2504500299692136 3.7420234978199005 6.8516538590192786 4.812496915459632 9.7604658305644971
leaf_count=35 2114 65 153 249 43 57 22 39 30 66 119 43 1684 199 43 47 108 22 57 28 23 104 1559 20 22 29 19 33 23 45
internal_value=-0.00107342 0.00590091 0.0383973 0.00419651 0.00521055 0.00209173 0.0486802 0.0219671 -0.037284 0.000738782 0.00701187 0.00417701 -0.00727067 0.015334 0.000654276 -0.00497071 -0.0080068 -0.0665965 0.0310452 0.0546517 0.0278012 0.00579184 0.00740833 -0.0102673 0.000551213 -0.0392046 -0.00525542 0.0197956 0.000844954 -0.0208538
internal_weight=833.714 780.159 38.8793 741.28 723.59 610.045 17.216 113.545 17.6891 592.829 332.451 310.553 260.379 99.5152 56.7254 250.507 231.031 12.7806 19.4756 13.87 10.2627 304.952 295.336 47.2998 38.3472 12.5079 8.99247 25.8393 18.9877 14.573
internal_count=7100 4986 188 4798 4519 3982 79 537 279 3903 1868 1749 2035 472 273 1969 1814 130 155 108 80 1706 1663 234 191 70 48 121 88 68
is_linear=0
shrinkage=0.1


Tree=20
num_leaves=31
num_cat=0
split_feature=0 4 3 0 1 3 3 1 0 1 4 4 3 3 1 4 3 0 4 3 1 4 3 0 0 3 4 4 4 3
split_gain=53.0422 3.61493 4.39609 5.03763 4.24844 4.06023 3.57648 2.42244 5.10283 4.43883 4.29049 2.98581 2.47845 3.9989 2.88288 2.0528 2.43967 2.9341 5.5147 2.30556 3.92927 3.62292 3.35228 2.15994 3.98177 3.5383 2.16375 2.67892 5.48589 4.77017
threshold=22.585000000000004 6.5478299648655005 1.5955078497135002 22.005000000000006 0.11469807470000001 0.81466184475150005 1.022242389936 0.10606110020000002 21.905000000000005 0.087812456800000008 17.336409698829005 25.834092352474503 2.1417294064850005 2.1939556255510007 0.93230095245000011 13.872772277463502 1.2702739621495003 17.155000000000005 41.934006154810511 1.022242389936 0.13663316480000001 14.906292484289002 0.96203006942200009 21.675000000000004 20.995000000000001 1.6742055699285003 31.0508717856525 38.142381583201505 40.953990227072005 1.5235461956725003
decision_type=2 2 2 2 2 2 2 2 2 2 2 2 2 2 2 2 2 2 2 2 2 2 2 2 2 2 2 2 2 2
left_child=1 2 5 4 -4 -1 -7 9 12 10 -3 -11 15 -14 -15 -9 19 18 -18 22 -21 -22 -17 24 26 -26 -19 -28 29 -29
right_child=-2 7 3 -5 -6 6 -8 8 -10 11 -12 -13 13 14 -16 16 17 23 -20 20 21 -23 -24 -25 25 -27 27 28 -30 -31
leaf_value=-0.074432724618458498 -0.10240990800935415 -0.018755417086956848 0.086944788712558466 -0.10062930219651678 0.0069469881248388522 0.10726737781663653 0.035801657038093897 0.014343381379758142 0.11062196247331249 -0.086087284479462567 0.28547189714611981 0.034738884341226836 -0.060118666932796154 0.0028052435269754305 -0.035769285923866245 0.0060692508459620851 -0.0020946055228461633 -0.001008289230980273 0.12813330104480022 0.10357759508594898 -0.098629621262448508 0.020562100607064159 -0.068968071879925125 0.052929997021465974 -0.1023305733515963 0.014650046257909988 -0.064761927822519258 0.16729267992865238 -0.042545189823722927 -0.0059676819732052055
leaf_weight=2.9024567455053321 48.576055806130171 1.1724642068147648 6.9823410212993613 4.1700883097946635 134.83143400400877 8.3105590939521772 44.493751801550388 158.10019531846046 4.3159132525324813 9.8918910995125753 0.76669949665665615 2.5783023424446574 14.268889248371122 104.87521578371525 23.764466129243374 32.299685843288898 13.1041267067194 80.509485498070717 4.3249327838420859 5.5074410885572425 2.6646308004856101 59.358425468206406 7.2990922331809989 4.7317712828516951 9.0812209472060186 3.6148706376552573 13.954888999462126 2.7770593911409405 14.424625962972639 3.7144868969917297
leaf_count=16 2114 32 30 68 687 49 223 787 20 126 16 26 126 841 215 163 114 621 27 25 14 298 39 26 63 31 136 20 111 36
internal_value=-0.00102784 0.00529572 0.0168202 0.00770029 0.0108858 0.0407197 0.0470492 0.00126803 0.00230482 -0.0392188 0.101529 -0.0611056 0.00146759 -0.00989209 -0.00432089 0.00537499 -0.000134289 -0.00835585 0.0302208 0.0113956 0.0226293 0.0154414 -0.00776209 -0.0134184 -0.0158697 -0.0690235 -0.0100208 -0.0308287 -0.00818905 0.0681525
internal_weight=827.367 778.791 201.691 145.984 141.814 55.7068 52.8043 577.101 562.691 14.4094 1.93916 12.4702 558.376 142.909 128.64 415.467 257.367 150.237 17.4291 107.129 67.5305 62.0231 39.5988 132.808 128.077 12.6961 115.381 34.8711 20.9162 6.49155
internal_count=7100 4986 1073 785 717 288 272 3913 3713 200 48 152 3693 1182 1056 2511 1724 1185 141 539 337 312 202 1044 1018 94 924 303 167 56
is_linear=0
shrinkage=0.1


Tree=21
num_leaves=31
num_cat=0
split_feature=0 4 3 0 0 4 4 4 0 0 3 1 1 4 3 4 0 3 0 0 3 3 4 4 4 0 0 3 1 1
split_gain=47.6572 3.38282 3.09428 2.36554 2.85079 2.75802 2.4926 2.74986 2.23783 3.14564 2.20652 2.32233 2.4078 2.08162 2.06439 2.24788 4.16524 4.84918 3.85977 3.73755 3.419 3.28003 2.03895 4.03463 3.51248 3.13163 5.80449 2.89854 2.14926 2.09688
threshold=22.585000000000004 2.4124982457480004 1.3486996003260001 22.095000000000002 19.645000000000003 34.938787536239509 32.485928466519006 30.187614679171503 19.895000000000003 20.605000000000004 2.1417294064850005 0.35445093630000007 2.3364666249500003 1.8590679096615002 0.7841024627130001 5.7351176681385008 19.835000000000004 1.6254877300670001 20.295000000000005 20.505000000000006 1.4652773693475003 1.1056097922970001 7.146409590718001 7.6240504987890008 7.8034801437690016 20.605000000000004 20.285000000000004 2.1939556255510007 0.21855267575000001 0.21555402060000003
decision_type=2 2 2 2 2 2 2 2 2 2 2 2 2 2 2 2 2 2 2 2 2 2 2 2 2 2 2 2 2 2
left_child=1 2 -1 4 10 6 7 14 -7 -10 -3 -12 -13 -4 -6 16 -16 20 -19 -20 21 -18 25 28 -25 26 -17 -27 -24 -28
right_child=-2 3 13 -5 5 8 -8 -9 9 -11 11 12 -14 -15 15 22 17 18 19 -21 -22 -23 23 24 -26 27 29 -29 -30 -31
leaf_value=0.10858366576773018 -0.10217532834676815 0.0032428798542677665 0.0012253525190677069 -0.037567110750655018 0.07628520373572599 0.044657271453041242 0.082045880702992499 -0.065671029025201527 -0.10392636373613262 0.00028274558555583894 -0.054526691476115677 -0.0057709717981594133 -0.088216220961113243 0.051536844888463697 0.10610044208151148 -0.043867063975023546 0.11320767164976767 -0.060532709390845665 0.096835853276662887 0.0020528491400939298 0.13062087222890076 0.011215450840128875 0.10120011536919563 -0.088872318082372309 0.0091451949780573562 -0.062806809215254597 0.0205686019337523 0.029399337773382966 0.0086088309355612496 0.11916827740192489
leaf_weight=4.8243942558765402 44.049204606562853 249.29360099881887 19.063739523291588 13.935492964461444 4.9606939703226081 3.0113290548324576 5.0400216430425635 4.5905245766043654 5.8248421475291234 5.7621252536773682 12.24322249740362 104.30116114020348 3.6668694689869872 14.462583966553209 6.0768809318542472 8.1727105677127856 4.1942732334137025 8.3960753232240659 4.8082654178142539 30.872764736413956 5.0065019428730002 12.70262151956558 7.2707634121179563 3.7230607122182837 202.99588512629271 15.230273529887201 4.012226998805998 4.3925156444311133 3.8262647688388824 4.6642395108938217
leaf_count=35 2114 1570 85 263 21 24 32 33 48 47 100 870 34 68 29 46 23 44 23 143 21 56 34 20 1158 68 21 26 20 24
internal_value=-0.000988028 0.00474601 0.0337038 0.00324319 0.00402757 0.0104201 0.0122426 0.0111952 -0.032144 -0.0521038 -0.00212325 -0.0132515 -0.00857102 0.0229287 0.0122603 0.011287 0.026878 0.0195815 0.000470821 0.0148255 0.0580386 0.0365327 0.00686905 0.0105332 0.00737987 -0.0150139 0.0166087 -0.0421667 0.0692746 0.0735732
internal_weight=821.375 777.326 38.3507 738.975 725.04 355.535 340.937 335.897 14.5983 11.587 369.505 120.211 107.968 33.5263 331.306 326.345 72.0574 65.9805 44.0771 35.681 21.9034 16.8969 254.288 217.816 206.719 36.472 16.8492 19.6228 11.097 8.67647
internal_count=7100 4986 188 4798 4535 1961 1842 1810 119 95 2574 1004 904 153 1777 1756 339 310 210 166 100 79 1417 1232 1178 185 91 94 54 45
is_linear=0
shrinkage=0.1


Tree=22
num_leaves=31
num_cat=0
split_feature=0 4 3 0 3 4 3 0 0 3 1 4 0 4 1 3 1 1 3 0 3 1 0 4 3 3 1 4 4 4
split_gain=42.8624 2.77577 2.70929 1.97194 2.3284 2.78433 2.60677 2.5513 2.34504 2.80098 1.80065 1.78503 3.22179 3.20949 2.70479 2.50282 2.10511 2.8801 2.95662 3.73339 2.64639 2.52074 3.67262 2.57045 2.45406 6.27527 2.29798 3.32858 4.09369 2.65835
threshold=22.585000000000004 2.4124982457480004 1.3486996003260001 22.095000000000002 1.1393672292635002 4.5026922644975009 1.1631946741460002 21.705000000000002 21.805000000000003 2.2007077643015003 0.10606110020000002 19.145690083193003 21.235000000000003 18.753137826057504 0.13663316480000001 1.2408006881065001 1.2576393802500003 0.53895949560000012 2.7428291567530003 17.555000000000003 2.5106141041725003 0.87812456795000016 17.255000000000006 38.142381583201505 1.7771633195920002 2.0455395132475007 1.3229886790500003 39.397888971587513 51.526503740741511 24.690237103710004
decision_type=2 2 2 2 2 2 2 2 2 2 2 2 2 2 2 2 2 2 2 2 2 2 2 2 2 2 2 2 2 2
left_child=1 2 -1 4 5 -3 -6 -7 11 -10 -4 13 15 -8 -14 -13 17 -17 20 -20 21 23 24 -19 -23 -26 -18 29 -29 -28
right_child=-2 3 10 -5 6 7 8 -9 9 -11 -12 12 14 -15 -16 16 26 18 19 -21 -22 22 -24 -25 25 -27 27 28 -30 -31
leaf_value=0.10244171496327595 -0.10196404601267946 0.10208655261608464 -0.057543198485387803 -0.034954399849549241 -0.051235705471288098 0.017875583937838321 0.00348552070714033 -0.04382911875047997 0.057697144564630654 -0.032404953170500468 0.027576336298851131 0.037599814512887547 -0.017908606440122113 0.081031544230425259 -0.12548474964529505 -0.0012233421106247842 0.11104690777591913 -0.068741073082629764 -0.068628693565476795 0.096391935264163744 -0.11091340471027121 -0.088736090722056821 0.11111689913694295 -0.0028002598111001066 0.14178734802224002 -0.079314270976888368 0.03966579418823684 0.1405187693046813 -0.021559045793234064 -0.06585012149023324
leaf_weight=4.6135200187563887 39.935753561556339 3.6976536512374869 2.7038611285388461 13.502760918810962 9.3483372032642347 103.21203815191984 398.45811180770397 7.1660129874944678 14.615821532905104 4.5162718668580046 30.738146588206291 13.147995099425314 5.4527650624513608 5.4097053185105315 4.0905784666538239 86.902118448168039 2.5813605487346676 18.923931069672111 2.180133916437625 3.6937727853655815 4.7471872568130484 3.4639894142746908 2.6435769721865645 8.5971323698759061 2.3296184465289116 2.8590206578373909 3.8443270623683947 3.4237150549888602 2.8602455854415894 6.3014962822198868
leaf_count=35 2114 22 22 263 46 486 2331 33 67 23 131 69 38 39 31 744 20 175 20 27 55 29 24 66 21 27 35 25 18 64
internal_value=-0.00093163 0.00426769 0.0306046 0.00290956 0.00361527 0.016729 0.00116445 0.0138696 0.00197946 0.0364279 0.0206942 0.000846858 -0.00749479 0.00452423 -0.0640191 -0.00429341 -0.00783899 -0.0121858 -0.0314555 0.0351436 -0.0404352 -0.031816 0.00795971 -0.0481422 -0.0235572 0.0199569 0.0233346 0.00955375 0.0667464 -0.0258694
internal_weight=815.961 776.025 38.0555 737.97 724.467 114.076 610.391 110.378 601.043 19.1321 33.442 581.911 178.043 403.868 9.54334 168.5 155.352 136.34 49.4384 5.87391 43.5645 38.8173 11.2962 27.5211 8.65263 5.18864 19.0111 16.4298 6.28396 10.1458
internal_count=7100 4986 188 4798 4535 541 3994 519 3948 90 153 3858 1488 2370 69 1419 1350 1188 444 47 397 342 101 241 77 48 162 142 43 99
is_linear=0
shrinkage=0.1


Tree=23
num_leaves=31
num_cat=0
split_feature=0 4 1 3 4 3 3 3 4 3 3 4 3 3 3 3 3 3 4 3 3 0 3 3 4 4 4 4 4 1
split_gain=38.5613 2.36219 4.99794 2.9796 4.40094 3.13135 2.68496 2.34373 3.26354 5.00274 4.16844 3.77187 5.51083 5.84438 3.64397 3.48044 4.96972 4.06713 2.08568 3.33702 4.18177 2.59654 2.07002 3.6569 2.04894 2.84486 1.98783 3.20929 1.90839 1.89072
threshold=22.585000000000004 10.176786391451001 0.096728873050000011 1.7165607345970002 9.4719184210665031 2.2950903670270004 1.6618684481565003 1.3230218173515003 12.008789660520002 2.2413827062465006 2.0533932659030003 13.872772277463502 1.3982276113530003 1.4652773693475003 1.7538197292030002 2.2179250110670004 2.3763879008035005 2.6174722250135005 11.086980089100502 1.6797571640490003 1.8287519625790003 18.975000000000005 2.6974348278020002 2.6174722250135005 17.507327042073005 19.703890592892005 2.8429258476855006 3.4136602202130004 11.625311285660002 0.13981576005000004
decision_type=2 2 2 2 2 2 2 2 2 2 2 2 2 2 2 2 2 2 2 2 2 2 2 2 2 2 2 2 2 2
left_child=1 2 -1 6 29 -6 26 -3 9 10 18 12 -10 -14 -15 -16 -17 -18 19 -9 -21 -20 23 -13 -24 -26 -4 -28 -23 -5
right_child=-2 7 3 4 5 -7 -8 8 11 -11 -12 22 13 14 15 16 17 -19 21 20 -22 28 24 -25 25 -27 27 -29 -30 -31
leaf_value=-0.086922692236831009 -0.10177365454679546 0.0089863549794791213 0.056912637948337889 0.025287458750343352 0.021327474921615699 0.11312380578390049 0.073503025359718741 -0.068729344571222747 -0.088615733510327241 -0.090567763952348376 0.066205653399658726 -0.0078891049809074881 0.18269479257305543 -0.023733353179413438 0.10334363120762968 -0.091190780699362248 0.11868593369666336 -0.0082728884515404499 -0.12847317108380546 0.13008676900590863 -0.026941281211927848 -0.076165782787459335 -0.041679307941394017 -0.082465333719894562 0.12212345475834625 0.017816013729394325 -0.059306533487704365 0.019322159648673339 0.026556587587192572 -0.0034190947294743599
leaf_weight=5.2252098172903052 36.199523709714413 152.60231684520841 12.700120650231836 26.520424656569958 10.134268343448641 5.8675650656223288 10.152199532836674 4.3136242646724039 3.6886107623577109 10.957707725465296 5.612446501851081 182.80060852505267 2.6495517641305915 9.4525308907032031 7.9264953434467342 3.1021625176072112 4.9157635103911144 5.1844369266182184 3.7684315145015699 3.0769155248999596 3.77858623303473 3.7118782326579094 3.9612077791243818 6.8205800354480735 3.2579494044184711 13.244280494749544 5.5064654126763335 90.596314322203398 3.5271281227469444 170.12525020539761
leaf_count=132 2114 795 75 131 58 38 48 26 18 91 37 1577 12 55 40 22 35 36 22 19 22 23 34 81 22 107 27 404 20 979
internal_value=-0.000891606 0.0038194 0.0101168 0.0116459 0.00455618 0.0549874 0.0243198 -0.00101951 -0.00636304 -0.0333457 -0.0107821 -0.00213036 0.0273475 0.0402193 0.0278753 0.0509638 0.0195157 0.0535179 -0.0302661 0.000178481 0.0435367 -0.0611579 -0.00731069 -0.0105716 0.0229058 0.0384089 0.0197306 0.0148169 -0.0261154 0.000452386
internal_weight=811.381 775.181 336.828 331.603 212.648 16.0018 118.955 438.353 285.751 38.7467 27.789 247.004 36.9196 33.2309 30.5814 21.1289 13.2024 10.1002 22.1766 11.1691 6.8555 11.0074 210.085 189.621 20.4634 16.5022 108.803 96.1028 7.23901 196.646
internal_count=7100 4986 1892 1760 1206 96 554 3094 2299 260 169 2039 218 200 188 133 93 71 132 67 41 65 1821 1658 163 129 506 431 43 1110
is_linear=0
shrinkage=0.1


Tree=24
num_leaves=31
num_cat=0
split_feature=0 0 3 4 3 4 4 1 3 0 0 3 4 4 4 1 0 4 0 4 4 3 0 0 3 3 1 3 4 1
split_gain=34.71 2.18684 3.02862 4.08108 2.97034 4.03314 2.95777 5.14781 2.81257 1.99513 2.22982 4.33796 4.87389 2.37447 2.46798 2.41958 2.13774 9.90916 3.49568 2.47179 2.8464 2.36707 2.03475 1.9345 1.90654 1.90083 1.89525 1.83906 1.83847 5.64023
threshold=22.585000000000004 22.005000000000006 1.5494936103805002 25.834092352474503 1.2835574372695002 6.7378441626335013 2.4124982457480004 0.12177443630000001 2.5106141041725003 19.645000000000003 19.705000000000002 1.3827252452820002 10.314681143503501 34.938787536239509 36.660282957685006 0.29618027220000004 19.835000000000004 11.489173592026001 19.865000000000006 32.485928466519006 30.187614679171503 0.87938481153400005 20.605000000000004 20.605000000000004 1.6899448701290003 0.92269409182550011 0.24297194370000003 2.3126556205695006 25.042223356875002 0.14373288010000004
decision_type=2 2 2 2 2 2 2 2 2 2 2 2 2 2 2 2 2 2 2 2 2 2 2 2 2 2 2 2 2 2
left_child=1 6 3 4 -3 -6 7 -1 -4 -8 11 -11 -13 15 -15 16 17 -12 -18 20 21 22 -20 26 -9 -23 -16 -26 -27 -30
right_child=-2 2 8 -5 5 -7 9 24 -10 10 13 12 -14 14 23 -17 18 -19 19 -21 -22 25 -24 -25 27 28 -28 -29 29 -31
leaf_value=0.14304496916336457 -0.10160201855381985 -0.069071644129637511 -0.10278121910204994 0.13609219809540551 0.14161456105810122 -0.061549879204878755 -0.0022375735398521513 0.067794526257450902 0.066353200480426339 0.1477762635387965 0.13677486385488483 0.077406435566012816 -0.068686552588196642 -0.12002267161139785 -0.11981001909920722 -0.050884293665379082 -0.07792026982679888 -0.049681033136233246 -0.00020518188667024338 0.083268342262862866 -0.077786742679853749 -0.055922255484984362 0.078361347636964618 0.037183250945803985 -0.014918834011271599 0.00631907235244794 -0.0030557092625061013 0.043103251250092373 0.16376826651890386 0.014171066662233181
leaf_weight=3.7874317020177832 32.807196779176593 5.7990606594830769 6.6641625035554162 1.9148219600319851 2.0269468985497956 1.8865702934563158 368.04295231029391 6.3848903626203564 1.1533544566482303 3.3154935389757147 6.2691004797816259 5.3105322867631894 4.0063535273075104 2.71749074012041 2.3563731834292394 6.7396823093295088 4.6547620296478263 5.2265033386647701 5.2295201718807212 4.4634708389639846 3.7922378145158282 4.6622416079044333 8.9172914028167707 4.3999202847480774 15.00870403647423 259.20013126730919 3.3913473710417747 8.5887582004070264 3.031059384346011 14.955993063747881
leaf_count=21 2114 79 133 17 18 33 2574 41 28 16 33 26 33 26 20 37 28 37 24 27 28 22 41 35 62 1371 27 35 18 96
internal_value=-0.000856178 0.00341466 -0.0296969 0.00266342 -0.0236419 0.0436761 0.00426806 0.0331931 -0.077828 0.00291269 0.00828792 0.0495424 0.014585 0.00675518 -0.0353854 0.00841239 0.0096597 0.0520023 0.00808397 0.00939975 0.00829994 0.00940287 0.0493184 -0.0127199 0.0193164 0.00739939 -0.0509211 0.00619944 0.00846445 0.0393802
internal_weight=806.704 773.897 19.4449 11.6274 9.71258 3.91352 754.452 33.7698 7.81752 720.682 352.64 12.6324 9.31689 340.007 12.8651 327.142 320.402 11.4956 308.907 304.252 299.788 295.996 14.1468 10.1476 29.9824 281.849 5.74772 23.5975 277.187 17.9871
internal_count=7100 4986 308 147 130 51 4678 159 161 4519 1945 75 59 1870 108 1762 1725 70 1655 1627 1600 1572 65 82 138 1507 47 97 1485 114
is_linear=0
shrinkage=0.1


Tree=25
num_leaves=31
num_cat=0
split_feature=0 4 4 1 3 3 3 0 1 1 0 4 0 3 4 4 1 3 3 3 0 3 1 0 1 4 4 4 1 1
split_gain=31.2642 1.89458 3.01053 2.72227 2.68444 2.45766 2.75827 2.35616 2.30927 1.95615 2.07396 4.54039 3.01516 3.46633 2.74079 2.4321 2.31964 2.09995 2.07813 1.87001 2.02485 1.71376 4.19342 1.59215 3.77842 2.67865 7.46216 4.59934 3.26136 4.47055
threshold=22.585000000000004 6.7378441626335013 6.9251485932985011 0.096728873050000011 1.7366798324065003 1.6618684481565003 1.5955078497135002 21.805000000000003 0.12751348865000003 0.13981576005000004 19.265000000000004 4.9650363447900014 18.665000000000003 2.3559473345740005 5.2179304918995006 2.1739750216335003 0.30588355425000008 2.4266869029820004 2.0643380317730005 2.1492422679925007 18.205000000000002 0.7841024627130001 0.33231973120000008 20.705000000000002 0.16052997125000004 26.960253770592505 25.834092352474503 24.039746687819505 0.10606110020000002 0.087812456800000008
decision_type=2 2 2 2 2 2 2 2 2 2 2 2 2 2 2 2 2 2 2 2 2 2 2 2 2 2 2 2 2 2
left_child=1 3 -3 -1 5 6 -5 8 -6 -10 11 15 13 18 -12 -11 -16 19 -13 -17 -21 22 -4 -23 25 26 27 28 29 -25
right_child=-2 2 21 4 7 -7 -8 -9 9 10 14 12 -14 -15 16 17 -18 -19 -20 20 -22 23 -24 24 -26 -27 -28 -29 -30 -31
leaf_value=-0.077215707223008287 -0.10144725187843795 -0.060050681012416056 0.11359164992651496 0.030066767458264705 -0.057200412402754842 0.078220206761167324 -0.029321589191764769 0.05747078438899951 0.067200290361200385 0.047493395711178187 0.0037218851095342448 0.033928458998233456 0.11521987731916755 0.10055446813082794 -0.022369338865266569 -0.038081126056061239 -0.10359651653238688 -0.07035668457300169 -0.065642018037056951 -0.020528305905381319 0.085495581267667653 -0.0027584878916604907 -0.019520647209273611 0.1175301136940738 0.036289474292401973 -0.047517623730964756 0.14859495356365729 -0.11074030672367592 0.012541334208805939 -0.078877034986891442
leaf_weight=3.422543926164507 29.728163588792086 8.2113262172788364 4.4659795090556127 53.80639873445034 6.4777270853519431 8.6714776977896673 9.1504748836159688 7.8347668573260298 4.7199063599109641 6.1023836433887508 46.477412968873978 4.9372337907552737 5.8444646820425978 4.4333623498678199 16.117391370236877 7.41669510304928 4.4966018348932257 6.7221514880657187 3.6425206363201141 3.5384669601917267 3.6690742671489716 420.05224757269025 5.0346047431230545 1.3534953780472267 38.264567438513041 10.981983233243225 3.4692484587430945 3.660696104168891 61.832319006323814 8.0606541838496906
leaf_count=89 2114 56 21 264 29 39 39 42 21 25 216 23 33 28 98 35 33 40 26 21 23 2950 21 38 222 83 21 24 316 110
internal_value=-0.000813464 0.00305739 5.80836e-05 0.0112305 0.012714 0.0283095 0.021435 0.0042787 0.000933895 0.00412206 0.00149658 0.0177749 0.0555534 0.028756 -0.00973872 -0.00817926 -0.0400877 -0.0240946 -0.00834402 -0.0028299 0.0334443 0.000943931 0.043052 0.000213477 0.00999526 -0.0012643 0.00521665 -0.00142377 0.00419299 -0.0506391
internal_weight=802.596 772.868 565.387 207.481 204.059 71.6284 62.9569 132.43 124.595 118.118 113.398 46.3064 18.8576 13.0131 67.0914 27.4488 20.614 21.3464 8.57975 14.6242 7.20754 557.176 9.50058 547.675 127.623 89.3584 78.3764 74.9072 71.2465 9.41415
internal_count=7100 4986 3862 1124 1035 342 303 693 651 622 601 254 110 77 347 144 131 119 49 79 44 3806 42 3764 814 592 509 488 464 148
is_linear=0
shrinkage=0.1


Tree=26
num_leaves=31
num_cat=0
split_feature=0 0 3 3 4 4 3 4 1 3 3 3 0 0 0 3 3 4 3 0 3 1 4 4 0 1 0 0 3 3
split_gain=28.1738 1.69024 2.59951 3.09835 3.5304 6.00734 2.50894 2.19675 4.67129 1.64762 3.98723 3.07595 5.7492 1.97481 3.38455 2.6246 1.97908 1.9665 1.90722 1.98784 5.22176 3.82073 2.55963 3.69253 2.35668 4.52682 3.21993 2.78427 2.3294 3.18603
threshold=22.585000000000004 22.005000000000006 1.5494936103805002 1.1393672292635002 20.657276586388004 6.4049397796545007 2.5106141041725003 2.4124982457480004 0.12177443630000001 2.5738845363860006 2.5834937169760006 2.4570455348370004 17.255000000000006 17.555000000000003 17.895000000000003 2.8083144312000008 2.6974348278020002 18.164125994215507 2.1536728395620002 17.675000000000004 2.4017498091815006 0.61880829675000015 24.690237103710004 28.361377534483005 20.895000000000003 0.13169100980000004 20.605000000000004 21.355000000000004 2.3293993512645002 2.3943154237660003
decision_type=2 2 2 2 2 2 2 2 2 2 2 2 2 2 2 2 2 2 2 2 2 2 2 2 2 2 2 2 2 2
left_child=1 7 3 -3 5 -5 -4 8 -1 11 -11 18 -13 15 -15 16 17 -12 -9 20 -20 22 24 -24 26 -26 28 -27 -21 -30
right_child=-2 2 6 4 -6 -7 -8 9 -10 10 13 12 -14 14 -16 -17 -18 -19 19 21 -22 -23 23 -25 25 27 -28 -29 29 -31
leaf_value=0.13776443225591178 -0.10130763724887935 -0.062987986986730415 -0.10056414951333364 0.10017025089966719 0.16893708643793381 -0.11302696933606776 0.057152540152629987 0.00486401529556645 0.015727985743507044 -0.12422547308761545 0.014357162176751337 -0.070240290012356821 0.058683226906592292 0.081754835256115307 -0.0061789783900190421 -0.085981789168951106 0.057237324118352799 -0.10839294692923346 -0.0020539619204014421 -0.03233173222766475 0.15433805501492892 -0.088050804288384674 0.15366568071745534 -0.0078966346359839578 -0.04337151596766458 0.021972246401090825 -0.095031554956183012 0.13529095730631677 0.061325392694794437 -0.031694703654861926
leaf_weight=3.5086101442575446 26.934338979423046 4.4236729927361029 5.9962113723158827 2.9220847636461258 1.7077813819050787 2.4131025206297636 1.2126156408339737 527.25976185873151 29.581687144935131 3.0520485788583747 2.9096362963318807 4.1248931661248234 21.424636147916317 4.8548697605729094 44.480503901839256 6.6345566660165778 3.3880692794919014 2.3666977062821388 14.700771898031237 31.87420866638422 2.4976797178387633 6.8818078190088263 2.2507101446390143 3.8081804811954498 7.0267676189541843 6.0347664952278119 5.9877864718437186 3.3841292858123779 7.5150446370244008 7.2193273976445198
leaf_count=21 2114 58 133 28 17 44 28 3042 138 24 24 35 147 36 341 58 27 34 127 248 20 60 23 40 36 39 38 17 55 48
internal_value=-0.000772636 0.00273747 -0.0269803 0.00260143 0.043798 0.00374126 -0.0740342 0.00347474 0.0286677 0.00231638 -0.0125337 0.00385805 0.0378689 -0.00725963 0.00247419 -0.0386488 -0.00240469 -0.0407024 0.00247091 -0.0102512 0.0206584 -0.0167354 -0.0102005 0.0521193 -0.0156694 0.017371 -0.0260004 0.0626867 -0.017132 0.0157488
internal_weight=798.377 771.443 18.6755 11.4666 7.04297 5.33519 7.20883 752.767 33.0903 719.677 67.6864 651.99 25.5495 64.6343 49.3354 15.299 8.6644 5.27633 626.441 99.1812 17.1985 81.9827 75.1009 6.05889 69.042 16.4457 52.5964 9.4189 46.6086 14.7344
internal_count=7100 4986 308 147 89 72 161 4678 159 4519 544 3975 182 520 377 143 85 58 3793 751 147 604 544 63 481 92 389 56 351 103
is_linear=0
shrinkage=0.1


Tree=27
num_leaves=31
num_cat=0
split_feature=0 4 1 0 3 4 4 4 1 1 1 0 3 1 4 4 3 4 4 3 3 1 0 3 3 3 0 4 3 4
split_gain=25.3925 1.49629 3.24646 4.8266 2.16873 1.92554 4.40654 3.73177 3.12299 3.46909 2.91541 2.60081 3.86959 2.55146 2.46221 2.0667 1.83219 1.45371 3.17017 2.93998 2.55754 1.429 3.54079 1.44035 1.54503 1.41047 2.76924 2.62549 3.80301 2.57707
threshold=22.585000000000004 28.032890011635505 0.15260056015000004 21.005000000000006 3.0815441649095003 38.142381583201505 40.192409113974009 41.934006154810511 1.3981576005000003 0.63322219360000009 0.49837486140000004 18.145000000000003 1.6429154162795003 0.21555402060000003 54.562109776062009 54.562109776062009 1.6429154162795003 29.473350025835003 30.187614679171503 1.6254877300670001 1.1393672292635002 0.38508457955000003 18.815000000000001 2.1225254932070006 1.6083744740825001 1.5867843155205004 22.005000000000006 17.731422904153504 2.7428291567530003 23.190836565998506
decision_type=2 2 2 2 2 2 2 2 2 2 2 2 2 2 2 2 2 2 2 2 2 2 2 2 2 2 2 2 2 2
left_child=1 4 -3 5 25 13 11 -8 9 10 15 -7 -13 -4 -11 16 -9 19 -19 -15 -20 -22 23 24 -23 29 27 -27 -29 -1
right_child=-2 2 3 -5 -6 6 7 8 -10 14 -12 12 -14 17 -16 -17 -18 18 20 -21 21 22 -24 -25 -26 26 -28 28 -30 -31
leaf_value=0.0065517695866259664 -0.10118165273231727 -0.072311308523173926 0.041345690042890279 0.13115354716660588 -0.04996710168039465 0.13639787203301182 -0.081854542540179154 -0.020128187645952145 0.079800534291164779 -0.083097607596288536 0.08225774393041714 0.087755534149187547 -0.071106668314784335 -0.12649675374138267 0.018057591031215289 -0.082637450991193184 0.078787373041429409 0.054742977377983497 0.022878006793540732 -0.011654689157149853 -0.076461531058750754 -0.033818140565215295 0.065870042686805685 -0.00081222821075034005 -0.11058567402284734 0.0056225399882460399 -0.06617060249271102 -0.026229411422200824 0.056059927984879548 0.035236230542591195
leaf_weight=229.06795265711844 24.399998402222991 7.3858402185142031 6.0431588143110266 2.5878837741911402 7.2949552461504927 3.4698172211647016 5.8115312010049811 4.8919961005449384 4.7800385579466811 7.5543114542961103 5.3355374857783309 4.1783234775066376 2.4221096336841583 4.086706914007662 3.5310508906841278 2.7677296623587608 3.0339128077030182 5.0444691851735106 7.2118073105812064 4.9043054021894932 9.0913176797330397 5.7803481668233889 3.2974925413727751 4.4476155526936045 4.7977191060781479 321.14020502567291 6.0411926023662081 52.309405095875263 6.2916812226176253 36.281598282977939
leaf_count=1238 2114 62 42 15 59 26 52 35 29 54 36 27 25 27 25 22 23 38 36 50 81 45 32 49 57 1883 145 522 50 201
internal_value=-0.000745288 0.00243373 -0.00822678 -0.00372195 0.00425447 -0.00712786 0.00753978 -0.00815505 0.00527378 -0.00786459 0.0218812 0.0663061 0.0294591 -0.0199378 -0.0508764 -0.00824332 0.0177351 -0.0275484 -0.01932 -0.0638541 -0.0301098 -0.044049 -0.0279671 -0.0485603 -0.0686363 0.00486194 0.00100197 0.00207059 -0.0173945 0.0104738
internal_weight=795.282 770.882 112.455 105.069 658.427 102.481 47.7764 37.7061 31.8946 27.1145 16.0292 10.0703 6.60043 54.7049 11.0854 10.6936 7.92591 48.6618 39.6708 8.99101 34.6263 27.4145 18.3232 15.0257 10.5781 651.132 385.782 379.741 58.6011 265.35
internal_count=7100 4986 888 826 4098 811 354 276 224 195 116 78 52 457 79 80 58 415 338 77 300 264 183 151 102 4039 2600 2455 572 1439
is_linear=0
shrinkage=0.1


Tree=28
num_leaves=31
num_cat=0
split_feature=0 4 3 3 1 1 4 0 0 1 0 0 3 3 3 3 1 4 3 3 0 4 4 0 1 3 3 3 3 4
split_gain=22.8946 1.40561 2.56812 5.47353 2.10249 3.12969 2.32545 1.81756 1.51978 2.10414 5.2127 2.11476 3.50742 2.40846 2.09984 2.03599 1.88528 2.0138 4.61919 2.6644 2.39902 2.1436 2.12668 1.93371 5.44538 2.99074 1.56702 2.1944 2.44941 1.5766
threshold=22.585000000000004 6.5478299648655005 0.81466184475150005 1.022242389936 0.087812456800000008 0.10128756435000001 17.336409698829005 21.465000000000003 17.615000000000006 0.48034815605000009 19.005000000000006 18.145000000000003 1.9104176872465002 2.0736403814065008 2.7837177864175007 2.2547791427275006 0.40138036900000007 4.9650363447900014 2.3457533140325002 2.2057182397870005 21.740000000000006 4.6711067229465009 4.3626327378045007 20.505000000000006 0.24297194370000003 1.9184034115240001 1.1806122030995001 1.2835574372695002 1.3425171253885002 1.3291051223945003
decision_type=2 2 2 2 2 2 2 2 2 2 2 2 2 2 2 2 2 2 2 2 2 2 2 2 2 2 2 2 2 2
left_child=1 2 -1 7 6 -6 -3 -4 -5 10 -10 13 -13 -11 16 -14 17 21 19 20 23 22 26 24 -19 -26 -12 -28 -29 -30
right_child=-2 4 3 8 5 -7 -8 -9 9 11 14 12 15 -15 -16 -17 -18 18 -20 -21 -22 -23 -24 -25 25 -27 27 28 29 -31
leaf_value=-0.086640216467211026 -0.10106793809067974 -0.0019518034312183919 0.13684111438865013 0.039434243918932493 -0.074251945433728386 5.8576825859713837e-05 0.21938352525136146 0.03522975096521172 0.083025989906684181 0.067563838789020489 0.087672749537831052 -0.11117473766306039 0.044524437613531163 -0.036631589004270236 -0.069704532315382595 -0.047643903957486841 -0.063255836312976557 0.10265020864790242 -0.10204716115246343 0.069758313882287523 0.06517775715376431 0.06677647970546112 -0.03908429164036914 -0.045319628313061411 0.023045259275909977 -0.078539149631957572 -0.067065109784674115 0.1235096816662761 -0.028411023826352029 0.02046739309090894
leaf_weight=2.7412831373512736 22.101608600467443 0.98560228012502082 4.3508448153734198 13.796116098761557 5.7248790599405757 566.64819749444723 0.91570479795336723 2.9566430673003197 9.0289618968963605 4.5088375210762042 3.0522368960082522 5.2590532675385466 4.0380213782191259 4.3670717626810074 3.7004291824996463 5.8963704854249954 3.7512580752372733 4.2673419564962414 4.7525717802345744 5.1013950463384381 3.9672360960394135 7.966317316517233 7.2968157138675442 13.603819847106932 5.6074753552675229 5.9983975067734718 3.1518367081880561 2.1427048519253722 7.4582166485488406 57.291190840303898
leaf_count=16 2114 32 25 77 126 3739 16 24 44 20 25 24 22 25 25 37 19 19 37 36 32 41 42 63 24 41 20 12 36 287
internal_value=-0.000719203 0.00215992 0.00947079 0.0108337 -0.000335944 -0.000684677 0.104647 0.0957287 0.00749846 0.00493998 0.00939561 -0.0224829 -0.0451385 0.0162982 0.00461659 -0.0101803 0.00664763 0.00863935 -0.00902822 0.00244075 -0.00782748 0.0172969 0.0123939 -0.0176531 0.00605802 -0.0294578 0.0175327 0.0144762 0.0183183 0.0148373
internal_weight=792.428 770.327 196.052 193.311 574.274 572.373 1.90131 7.30749 186.004 172.208 148.138 24.0694 15.1934 8.87591 139.109 9.93439 135.409 131.658 43.2982 38.5457 33.4443 88.3593 80.393 29.477 15.8732 11.6059 73.0962 70.0439 66.8921 64.7494
internal_count=7100 4986 1073 1057 3913 3865 48 49 1008 931 803 128 83 45 759 59 734 715 252 215 179 463 422 147 84 65 380 355 335 323
is_linear=0
shrinkage=0.1


Tree=29
num_leaves=31
num_cat=0
split_feature=0 4 1 3 4 1 3 1 1 0 1 1 4 4 4 3 1 0 3 0 3 3 1 4 4 4 0 4 4 4
split_gain=20.6597 1.20388 3.21895 1.75118 3.44576 2.93992 1.94946 1.56687 2.90565 1.59892 3.8753 4.96954 6.06212 3.29447 4.05495 2.66647 2.28839 4.88086 2.27476 2.06571 4.69001 4.13667 5.39316 3.50833 2.36914 1.96277 1.94289 1.93501 1.91158 2.4472
threshold=22.585000000000004 10.176786391451001 0.096728873050000011 1.7165607345970002 9.4719184210665031 0.24185558900000001 1.6618684481565003 0.096284444250000017 0.10128756435000001 19.065000000000001 0.44828698250000004 0.47375753230000006 15.710731337425001 13.117306157812001 13.573988294514002 2.4364506610995007 0.49837486140000004 18.575000000000003 1.6254877300670001 19.365000000000006 1.2344912469990001 1.6490202708535002 0.37458995565000003 16.237724264327003 21.576616995282503 39.397888971587513 19.565000000000001 41.934006154810511 15.1713995954275 19.703890592892005
decision_type=2 2 2 2 2 2 2 2 2 2 2 2 2 2 2 2 2 2 2 2 2 2 2 2 2 2 2 2 2 2
left_child=1 2 -1 6 -5 -6 -4 -3 -9 10 -10 12 -12 15 -15 -13 18 28 -16 20 -11 24 23 -23 -22 26 -21 -27 -18 -30
right_child=-2 7 3 4 5 -7 -8 8 9 19 11 13 -14 14 16 -17 17 -19 -20 25 21 22 -24 -25 -26 27 -28 -29 29 -31
leaf_value=-0.081323195911277513 -0.10096527506006721 0.065463020401520244 0.013475091311745641 -0.0015585915910130796 -0.020781510667149471 0.072441260811245425 0.059952840215259331 -0.1113479532290233 -0.05525123591106032 -0.043179094384940754 0.20138855213943205 -0.027135719275743327 0.019425230825697734 0.092624549037020693 0.0025279193104961097 -0.1151982042719117 -0.056810644775581287 0.089864721766874545 -0.11478083592465721 -0.027275918777064447 0.054248818993529652 -0.0029978603242383898 -0.038199275322298609 0.13634269962340204 0.15308753182448923 -0.11622746871044294 0.0053004046939365444 -0.015809423406183739 0.025448131432608819 -0.011499463527030039
leaf_weight=4.1252223905175915 20.017662229016423 3.4645808152854434 107.00442128628492 195.70563376322389 4.7303804606199291 11.876001358032225 9.8557333499193174 2.4189610444009295 16.251402594149113 7.4222532361745825 2.4493600428104383 17.354739218950275 7.2506058514118195 4.3365732282400122 2.976577788591384 4.2879322990775099 7.2054530903697005 5.4557374194264403 3.7174353897571564 20.266510952264071 5.4669833928346652 3.1041698232293156 8.6043066680431348 4.3239085674285889 4.3585893660783768 2.6899268552660924 189.46146642044187 6.6950094997882843 22.808853220194578 83.747853044420481
leaf_count=132 2114 77 506 1110 24 72 48 43 122 40 17 111 61 23 19 40 50 39 36 144 34 19 72 37 31 26 1130 52 169 702
internal_value=-0.000670583 0.00193875 0.00646354 0.00756369 0.00215241 0.0458865 0.0173949 -0.00151925 -0.00205562 -0.00144114 -0.00870355 -0.0040222 0.0653732 -0.00845388 -0.0024505 -0.044583 -0.00572501 -0.0025305 -0.062618 0.00367614 0.0268894 0.0470019 0.0156901 0.0781127 0.0980933 0.000150366 0.00215248 -0.0445914 -0.00696153 -0.0035907
internal_weight=789.434 769.417 333.297 329.172 212.312 16.6064 116.86 436.119 432.655 430.236 177.843 161.591 9.69997 151.891 130.248 21.6427 125.912 119.218 6.69401 252.393 33.2802 25.858 16.0324 7.42808 9.82557 219.113 209.728 9.38494 113.762 106.557
internal_count=7100 4986 1892 1760 1206 96 554 3094 3017 2974 1389 1267 78 1189 1038 151 1015 960 55 1585 233 193 128 56 65 1352 1274 78 921 871
is_linear=0
shrinkage=0.1


Tree=30
num_leaves=31
num_cat=0
split_feature=0 4 3 4 4 3 3 3 3 3 4 4 0 3 0 0 3 4 3 3 4 1 3 3 3 4 4 4 0 3
split_gain=18.6382 1.2123 2.40691 1.49068 1.51226 1.41056 1.28643 0.950145 3.62288 3.03529 5.55076 4.40415 4.65665 2.2376 1.74367 2.64925 2.33062 1.65698 5.03666 1.52978 3.29552 3.26463 4.55648 3.65825 2.38617 1.74772 1.56924 1.25468 1.24256 2.39784
threshold=22.585000000000004 2.4124982457480004 1.3486996003260001 1.8590679096615002 2.0092280682095005 2.0084882645355004 1.8479505954375004 2.5738845363860006 2.5834937169760006 2.4900758947025006 10.447732652686001 13.240980433598503 18.485000000000003 2.5255478824850006 17.555000000000003 17.895000000000003 2.8083144312000008 13.117306157812001 2.6974348278020002 2.8279768532560001 25.042223356875002 0.23744122705000004 2.6544617465260005 2.7184211241450007 2.8779002199265005 19.357049135107005 13.414668312172003 8.4827407559950014 22.095000000000002 1.5494936103805002
decision_type=2 2 2 2 2 2 2 2 2 2 2 2 2 2 2 2 2 2 2 2 2 2 2 2 2 2 2 2 2 2
left_child=1 2 -1 6 -5 -6 -4 9 -9 28 13 -12 -13 -11 16 -16 17 -10 -19 21 24 22 -17 -24 -21 26 27 -23 -3 -30
right_child=-2 7 3 4 5 -7 -8 8 14 10 11 12 -14 -15 15 19 -18 18 -20 20 -22 25 23 -25 -26 -27 -28 -29 29 -31
leaf_value=0.095566702267504799 -0.10087257229795546 0.0014076403392672809 -0.049752082064790155 0.086074742909608343 0.062407377314202032 -0.017482663928670209 0.0088451521880267957 -0.1216006045446117 -0.048804562089290397 0.1470445144500393 -0.12630903423627229 -0.052570868379747442 0.12148900857059455 0.049739916620083452 0.071898357882499514 0.1027879892628943 -0.082579371671399435 -0.041388820734708738 0.17693974849864511 0.067610154254545876 0.11591046469823536 -0.019012951939022874 -0.12348096448553343 0.024587121016386243 -0.026905875429613077 -0.10972518365710709 0.019972330054431733 -0.094120119453309892 -0.0010330835353370971 -0.1046092019869128
leaf_weight=3.7422171458601943 18.128528224304318 636.84468546882272 5.1976365465670851 4.184126839041709 3.6229257807135564 5.667237862944603 13.419937971979378 2.8115048203617325 4.013657979667185 4.4293330833315867 2.5378567948937398 3.2315487489104271 2.9311352055519819 5.066551337018609 5.0569379627704611 4.3715318925678748 6.192324571311473 2.8546205125749111 1.6775749474763868 3.6764118019491461 2.9343074336647978 4.7764797210693377 2.5317294243723154 4.8942617289721966 9.7681312840431911 3.5034918300807467 4.2246786877512923 4.1624345332384109 7.1422880943864566 3.2531781615689397
leaf_count=35 2114 3867 27 21 21 26 58 25 32 25 17 31 28 29 36 34 58 40 13 28 20 34 21 35 78 46 31 35 124 111
internal_value=-0.000651457 0.00171203 0.0196714 0.0108213 0.0361553 0.0136724 -0.00751397 0.000833918 -0.0104755 0.00198026 0.04226 -0.0154403 0.0302166 0.0951274 -0.00564198 0.003284 -0.0358635 -0.0020132 0.0394247 -0.00445355 0.0198951 -0.0184641 0.021789 -0.0258935 -0.00106046 -0.0469565 -0.0302506 -0.0539868 0.000847842 -0.0334464
internal_weight=786.849 768.721 35.8341 32.0919 13.4743 9.29016 18.6176 732.887 67.4501 665.437 18.1964 8.70054 6.16268 9.49588 64.6386 49.9004 14.7382 8.54585 4.5322 44.8435 16.3789 28.4646 11.7975 7.42599 13.4445 16.6671 13.1636 8.93891 647.24 10.3955
internal_count=7100 4986 188 153 68 47 85 4798 566 4232 130 76 59 54 541 398 143 85 53 362 126 236 90 56 106 146 100 69 4102 235
is_linear=0
shrinkage=0.1


Tree=31
num_leaves=31
num_cat=0
split_feature=0 4 0 1 4 3 4 4 4 1 1 3 3 0 4 0 4 0 4 4 4 1 3 3 3 0 1 3 4 1
split_gain=16.8226 1.03015 2.26599 3.29573 2.71322 1.59522 1.55444 3.43435 3.07499 2.46067 2.74505 3.03964 5.42727 3.0105 2.17573 2.01631 5.33031 1.97222 1.9602 1.94475 2.96238 4.4108 4.95985 1.54862 2.90485 1.48659 1.46535 1.1288 1.11335 4.61203
threshold=22.585000000000004 27.689944611042005 21.205000000000002 0.16732318700000001 29.847205783897003 3.0815441649095003 38.142381583201505 40.192409113974009 41.934006154810511 1.3981576005000003 0.63322219360000009 1.2408006881065001 1.5867843155205004 18.845000000000002 54.562109776062009 19.065000000000001 34.938787536239509 18.815000000000001 35.57030006452451 32.485928466519006 31.0508717856525 0.26518937995000008 1.5599096591775001 1.1320925405765003 1.4483160408810003 17.155000000000005 0.21161971635000001 1.6083744740825001 24.492478134604003 0.43606991770000009
decision_type=2 2 2 2 2 2 2 2 2 2 2 2 2 2 2 2 2 2 2 2 2 2 2 2 2 2 2 2 2 2
left_child=1 5 3 -3 -4 28 15 17 -9 10 11 -10 -13 -14 25 18 19 -8 23 20 21 26 -23 -5 -25 -12 -17 -20 -1 -30
right_child=-2 2 4 6 -6 -7 7 8 9 -11 14 12 13 -15 -16 16 -18 -19 27 -21 -22 22 -24 24 -26 -27 -28 -29 29 -31
leaf_value=0.0025074499865036072 -0.10078884905129855 0.10275790547764481 0.025377952127772642 -0.10989275099991187 -0.10169594781127736 -0.044854925783397032 0.096243482329196162 -0.077420301681959888 0.09366047928364124 0.069077748499410604 -0.025495962197222895 -0.096550909421481701 0.10392522395346518 -0.019072142833264385 0.017053903585857174 0.023278460319556989 -0.08540265672097555 0.0085675848553734123 0.052698526919379762 0.074833492542752483 -0.071631589300786599 0.001785161350401239 0.18299561405204234 0.030760897782153202 -0.061348168879521194 -0.11800872199610116 -0.073115142939449207 -0.028634822771051307 0.043881993826061623 -0.029434429287904542
leaf_weight=607.87199259642512 16.416303158737719 2.8424582555890074 2.5026772320270529 3.6613807380199495 5.1130044907331467 6.8783561438322058 5.8319498822092992 5.3533911257982245 4.0332082808017828 4.9770997092127791 3.0138498544692975 4.3258995711803419 3.9914932250976562 3.9684594124555588 3.5482069030404091 2.9523670077324002 5.5724122934043399 4.5808837786316872 3.3122522607445708 5.6270238310098639 3.7259920239448538 3.0611397325992584 2.981648676097393 4.5401919111609486 13.925496146082876 4.0997021719813347 3.3854392766952515 3.5196443796157837 26.268531870096922 12.741897679865358
leaf_count=3723 2114 16 17 20 49 59 41 52 24 29 21 34 28 30 25 18 52 37 23 38 30 19 25 31 162 33 22 37 170 121
internal_value=-0.000623608 0.00151688 -0.00723532 -0.00347841 -0.0599367 0.00304904 -0.00638229 0.00689298 -0.00727856 0.00447114 -0.00744671 0.0183352 -0.0063927 0.0426045 -0.0469088 -0.0176424 0.00185253 0.0576725 -0.0360246 0.0242244 0.00654355 0.0300707 0.0911985 -0.0504813 -0.0387011 -0.0788132 -0.0282117 0.0107974 0.00355841 0.0199348
internal_weight=784.624 768.208 114.447 106.832 7.61568 653.761 103.989 47.7241 37.3113 31.9579 26.9808 16.3191 12.2859 7.95995 10.6618 56.265 27.306 10.4128 28.959 21.7336 16.1066 12.3806 6.04279 22.1271 18.4657 7.11355 6.33781 6.8319 646.882 39.0104
internal_count=7100 4986 913 847 66 4073 831 354 276 224 195 116 92 58 79 477 204 78 273 152 114 84 44 213 193 54 40 60 4014 291
is_linear=0
shrinkage=0.1


Tree=32
num_leaves=31
num_cat=0
split_feature=0 4 3 4 4 3 4 1 0 3 0 4 4 1 3 4 4 1 3 4 1 1 0 3 0 4 3 4 4 4
split_gain=15.1856 0.990113 2.07026 1.22616 1.2678 1.16776 1.13714 2.812 1.76932 0.834907 2.91999 3.47378 4.57601 3.30307 2.14724 3.13301 4.44257 2.9678 1.93879 4.92986 3.97273 1.89595 1.58826 2.03192 3.83891 3.41879 3.3018 1.93782 3.11955 2.37187
threshold=22.585000000000004 2.4124982457480004 1.3486996003260001 1.8590679096615002 2.0092280682095005 2.0084882645355004 1.5848971776135001 0.30168667455000003 21.085000000000004 1.1393672292635002 21.705000000000002 11.762941475455001 24.492478134604003 0.12751348865000003 1.2042857910045002 30.187614679171503 22.745536914931005 0.20024243965000002 1.2408006881065001 26.122062919325504 0.19299947510000001 0.14640507385000004 20.835000000000004 0.91176088127900012 20.225000000000005 9.1028370822105025 1.0378430671955001 21.372869246372503 26.960253770592505 36.13759337890901
decision_type=2 2 2 2 2 2 2 2 2 2 2 2 2 2 2 2 2 2 2 2 2 2 2 2 2 2 2 2 2 2
left_child=1 2 -1 6 -5 -6 7 8 -4 10 13 -12 -13 -3 15 16 17 -11 19 20 -16 -15 23 -23 25 -25 -26 -27 -29 -30
right_child=-2 9 3 4 5 -7 -8 -9 -10 14 11 12 -14 21 18 -17 -18 -19 -20 -21 -22 22 -24 24 26 27 -28 28 29 -31
leaf_value=0.089652755876364454 -0.10071321973375701 0.10266765645104559 -0.074224862392333099 0.079060915404166029 0.057178356144271171 -0.015972474382442179 -0.046051032482842869 0.070456067315147974 0.016726369823805615 0.0049181913735960418 -0.11148142279969012 0.080297393497428426 -0.097434864904389462 -0.034943770448196035 -0.070134908741509447 -0.10593669277411287 0.056447997259913708 -0.0824960167196713 -0.00062075816371636361 0.12980425187659178 0.049637683900396003 -0.012780924210994457 0.04479392632631967 0.12323683385774649 0.029407080332984642 -0.00092721835300200073 -0.064020924082498584 0.10029271508236659 -0.036235233689036549 0.059539299667075621
leaf_weight=3.5882072336971751 14.864673423580824 3.9736454784870139 3.990627542138105 4.0916096605360499 3.5472072698175889 5.6715280935168266 5.3262282311916342 4.7392649948596945 4.6094805784523487 7.1992398239672246 4.2761140987277013 3.4937003534287214 2.4747365675866604 8.6888083517551404 4.6145471055060607 4.3909378200769416 6.4405793696641913 8.4339948892593366 573.80380354914814 4.0650468170642844 6.925557017326355 28.858718484640121 14.120643638074396 4.1983053088188163 6.943594552576541 13.771685287356378 8.3093073666095716 7.1024529784917858 4.9031025916337949 5.4710940346121788
leaf_count=35 2114 18 17 21 21 26 24 20 24 38 39 30 17 40 26 27 31 41 3991 21 33 139 63 20 34 64 38 33 26 29
internal_value=-0.000603576 0.00133399 0.0176285 0.00954622 0.0327356 0.0121747 -0.00698998 0.00860656 -0.0254769 0.000542821 0.00830261 -0.0426859 0.00660297 0.0132147 -0.000926119 -0.0287918 -0.0134461 -0.042241 0.000325062 0.035103 0.00174416 0.00974233 0.013887 0.0084014 0.0204586 0.0385092 -0.0214896 0.0271258 0.0492317 0.0142739
internal_weight=782.888 768.024 35.5642 31.9759 13.3103 9.21874 18.6656 13.3394 8.60011 732.46 116.586 10.2446 5.96844 106.341 615.874 26.4648 22.0738 15.6332 589.409 15.6052 11.5401 102.368 93.6789 79.5583 50.6995 35.4466 15.2529 31.2483 17.4766 10.3742
internal_count=7100 4986 188 153 68 47 85 61 41 4798 590 86 47 504 4208 137 110 79 4071 80 59 486 446 383 244 172 72 152 88 55
is_linear=0
shrinkage=0.1


Tree=33
num_leaves=31
num_cat=0
split_feature=0 4 3 3 0 1 1 3 3 0 1 4 1 0 3 0 3 3 4 3 3 3 1 0 3 0 4 3 3 0
split_gain=13.7172 0.909986 2.11151 4.58068 1.65871 1.44782 2.31055 1.38871 1.30979 1.27157 1.94114 2.0665 1.83393 4.18401 1.81042 1.63205 3.09597 1.68674 1.27129 1.27027 1.26419 1.52995 1.5976 1.4286 1.19594 4.70316 4.19071 3.24276 3.08772 2.1154
threshold=22.585000000000004 6.5478299648655005 0.81466184475150005 1.022242389936 21.465000000000003 0.087812456800000008 0.10128756435000001 0.7841024627130001 0.81466184475150005 17.615000000000006 0.95842057385000012 3.4895522184880003 0.48034815605000009 18.815000000000001 2.7837177864175007 18.145000000000003 1.9104176872465002 2.2547791427275006 17.336409698829005 2.1353951193560006 0.84255828570150004 0.92269409182550011 0.36775291840000007 20.405000000000005 1.0890576161495003 21.305000000000003 16.075997879646504 0.98993921542300012 1.0624342913870002 21.355000000000004
decision_type=2 2 2 2 2 2 2 2 2 2 2 2 2 2 2 2 2 2 2 2 2 2 2 2 2 2 2 2 2 2
left_child=1 2 -1 4 -4 18 -7 -8 -9 10 -5 -12 13 -11 -15 19 -17 -18 -3 -14 -10 22 23 -22 25 26 27 -23 -28 -26
right_child=-2 5 3 9 -6 6 7 8 20 12 11 -13 15 14 -16 16 17 -19 -20 -21 21 24 -24 -25 29 -27 28 -29 -30 -31
leaf_value=-0.079522438711754045 -0.10064488221654344 -0.001570781164390465 0.13126378940553532 0.10074279981592525 0.031451317041172204 -0.068521286865063299 0.037898485941725457 -0.062256561861674178 0.046027737263342285 0.12072367619591957 0.072753825749702461 -0.019686270319983601 0.04719313416408677 0.0064988788489342897 -0.065227671835205295 -0.10465762579119149 0.039417041901721676 -0.044572379303391578 0.15394154213151179 -0.029081243787094254 0.02391624435812445 0.010816588080620637 -0.077677240873239989 -0.0418260364321386 -0.0039918127821197864 -0.052009587051522123 -0.015939027041774457 0.10794109562725761 0.059934851574207415 0.018468257614644702
leaf_weight=2.7729776762425891 13.458780365064738 0.98055047355592195 3.9210539534687987 3.3545244410634032 2.8936400134116411 5.0406246557831755 9.2566446363925916 3.4863181784749022 5.7129167616367331 3.1766272485256186 3.7655878961086255 6.7591927051544189 4.6798282414674777 139.84590130392462 3.6098379474133244 5.2481510490179053 4.1020165681838971 5.7328078597784042 1.1331554614007471 4.0931221321225166 6.1340284943580645 5.5044632703065863 5.0284477993845931 7.1678271889686584 432.64926523715258 8.8006683439016324 19.442089363932613 9.1550845652818662 7.4069549590349189 46.435120686888695
leaf_count=16 2114 32 25 19 24 126 39 18 28 15 17 41 21 763 25 24 22 37 16 24 28 24 28 34 3092 40 98 39 33 238
internal_value=-0.000563298 0.0011922 0.00711314 0.00836974 0.0888816 -0.000810816 -0.0011165 -0.000516404 -0.0011549 0.00539381 0.0345004 0.0133872 0.00302427 0.00720765 0.00469399 -0.0226892 -0.0426371 -0.00954115 0.0817992 0.0116064 -0.000769996 -0.00125811 -0.029661 -0.0115096 -0.000274658 0.0143925 0.0284711 0.0714721 0.00499261 -0.00181488
internal_weight=780.748 767.289 193.955 191.182 6.81469 573.334 571.22 566.18 556.923 184.368 13.8793 10.5248 170.488 146.632 143.456 23.8559 15.083 9.83482 2.11371 8.77295 553.437 547.724 18.3303 13.3019 529.394 50.3093 41.5086 14.6595 26.849 479.084
internal_count=7100 4986 1073 1057 49 3913 3865 3739 3700 1008 77 58 931 803 788 128 83 59 48 45 3682 3654 90 62 3564 234 194 63 131 3330
is_linear=0
shrinkage=0.1


Tree=34
num_leaves=31
num_cat=0
split_feature=0 0 4 1 0 1 3 3 4 1 3 4 4 3 4 3 3 0 4 1 4 3 3 4 3 0 3 3 4 3
split_gain=12.3937 0.827513 2.02393 1.70889 4.39269 1.52112 3.82826 3.34442 1.37677 1.82088 1.25848 2.8981 1.67319 1.80634 2.62461 2.03897 3.7822 1.54652 1.84335 1.52958 1.79844 1.48467 1.42238 1.21916 1.76627 1.59636 1.22925 1.53022 2.01994 1.44383
threshold=22.585000000000004 22.005000000000006 25.834092352474503 0.087812456800000008 22.465000000000003 0.11469807470000001 1.1911206979435003 2.3457533140325002 10.447732652686001 0.096728873050000011 1.1393672292635002 4.5026922644975009 36.13759337890901 1.0624342913870002 25.604251850392004 1.0890576161495003 1.1168054096230002 19.345000000000002 30.603808863945002 0.13352301425000004 23.190836565998506 1.1631946741460002 1.1723714902810001 17.507327042073005 0.81466184475150005 19.735000000000003 0.86918503322100016 0.92269409182550011 9.1028370822105025 0.98993921542300012
decision_type=2 2 2 2 2 2 2 2 2 2 2 2 2 2 2 2 2 2 2 2 2 2 2 2 2 2 2 2 2 2
left_child=1 5 3 4 -3 6 -1 -8 9 -5 11 -7 13 14 19 -15 -17 -16 -19 -13 23 -12 -23 24 -21 -25 -26 -28 -29 -30
right_child=-2 2 -4 8 -6 10 7 -9 -10 -11 21 12 -14 15 17 16 -18 18 -20 20 -22 22 -24 25 26 -27 27 28 29 -31
leaf_value=-0.049536216125420668 -0.10058314266733764 0.2117123620985244 0.058268292554642248 -0.10579519814120207 -0.052776376973469125 0.095377953110990454 0.074237603816849962 -0.026161417488923217 -0.1113131476185177 -0.0033081165134476267 -0.04160265478335639 -0.047173924779745781 0.05228404027142295 0.059436267966555913 -0.091974067254337266 -0.054874062756944814 0.050574908771591022 -0.058829602747261303 0.03172723733768059 -0.036482255418263311 0.068065514527218041 0.064967698067422766 -0.00075193879470362795 0.010324792093704004 0.06663872561643315 -0.055460573558843866 -0.024993288387525962 0.081843888389142957 -0.030620748512358072 0.041154772200742547
leaf_weight=5.0711072497069862 12.185103139840065 0.93226900044828953 2.7286286372691384 2.4206460816785675 1.9235746273770926 3.8931680619716635 13.221924521028997 4.4293926358222953 2.9843710027635089 6.1076361648738384 8.8703821152448636 5.1079288423061362 7.7392216622829428 10.99902091920376 4.4382394403219214 6.3509366661310178 7.3239839375019073 5.2531409412622434 3.9291456788778305 5.6599693745374671 4.8669829517602912 3.3113012313842765 604.41720862314105 8.1124116480350477 5.6077599823474911 6.7644658535718909 6.9121668338775661 5.3117597624659565 5.3458662629127485 5.8910820782184601
leaf_count=26 2114 19 30 87 57 33 62 22 69 46 46 24 42 47 26 29 32 25 20 24 24 16 3976 40 26 31 32 25 24 26
internal_value=-0.00052345 0.0010684 -0.0206848 -0.0356783 0.033564 0.00156506 0.0270429 0.0490436 -0.0528546 -0.0323978 0.000767771 0.0106465 0.00752314 0.00398378 -0.00390346 0.0273831 0.00160207 -0.0435066 -0.0200799 0.0051501 0.0100566 -0.000986685 -0.000393855 0.00436509 0.0146258 -0.0195876 0.0245771 0.0145233 0.0310288 0.00700828
internal_weight=778.111 765.926 17.0971 14.3685 2.85584 748.829 22.7224 17.6513 11.5127 8.52828 726.106 109.507 105.614 97.8749 73.2009 24.6739 13.6749 13.6205 9.18229 59.5804 54.4725 616.599 607.729 49.6055 34.7286 14.8769 29.0686 23.4609 16.5487 11.2369
internal_count=7100 4986 308 278 76 4678 110 84 202 133 4568 530 497 455 347 108 61 71 45 276 252 4038 3992 228 157 71 133 107 75 50
is_linear=0
shrinkage=0.1


Tree=35
num_leaves=31
num_cat=0
split_feature=0 4 0 4 1 3 4 4 4 3 1 4 1 3 0 0 3 3 0 1 3 0 0 4 4 1 4 0 3 1
split_gain=11.1988 0.798845 1.91513 2.55763 2.29083 1.28643 1.16846 1.94346 1.73077 3.58717 2.85823 4.09479 2.41686 7.46333 3.40489 3.28963 2.55177 7.82537 2.4239 2.37375 1.68709 1.84432 3.60938 2.65599 4.28837 1.54885 1.44086 1.41826 1.3764 1.36006
threshold=22.585000000000004 27.689944611042005 21.205000000000002 29.847205783897003 0.16732318700000001 3.0815441649095003 29.473350025835003 30.187614679171503 32.485928466519006 0.94498959212800016 0.45452327565000006 34.938787536239509 0.63322219360000009 2.0533932659030003 18.575000000000003 17.615000000000006 1.8547877875215002 1.6797571640490003 18.325000000000003 1.3981576005000003 1.2344912469990001 19.115000000000006 19.305000000000003 39.397888971587513 38.142381583201505 0.69112424405000017 38.720161460708503 19.175000000000004 1.5599096591775001 0.41453015415000005
decision_type=2 2 2 2 2 2 2 2 2 2 2 2 2 2 2 2 2 2 2 2 2 2 2 2 2 2 2 2 2 2
left_child=1 5 4 -4 -3 -1 27 29 -9 -10 11 -11 13 14 18 16 17 26 -12 -18 -13 -22 -23 24 -24 -17 -14 -6 -29 -8
right_child=-2 2 3 -5 6 -7 7 8 9 10 12 20 15 -15 -16 25 19 -19 -20 -21 21 22 23 -25 -26 -27 -28 28 -30 -31
leaf_value=0.002750570421980408 -0.10052733910686994 0.082971057425115707 0.026229701482493702 -0.099048223978482952 -0.067944759774871258 -0.041482249812344003 0.094522285579937859 -0.040521592117108908 0.10302137795972266 0.044474297344575642 0.030373421196303985 -0.10676060094825056 0.050961868265003867 0.18596438999487822 0.063564938198537882 -0.017455894131482696 -0.075636519106064434 0.18651441470463814 -0.096239511967276828 0.019455226515551483 -0.11581186128301629 0.090377090014461425 -0.075553308371243882 -0.096411186950936978 0.11253361025656071 -0.11809099688532543 -0.030908367915133184 -0.04560690252962462 0.048789919310855322 -0.00184770849592527
leaf_weight=645.07900865189731 11.031346492469309 2.9846759438514701 2.4685541875660411 4.7952208947390318 6.3051139153540117 6.6427356302738181 3.4123083725571624 12.294221006333826 3.2327662408351889 5.5086650922894504 2.6044854409992677 4.5123718827962902 3.3280627802014404 2.9443895220756522 5.7705949395895004 2.8660715222358695 4.9098635129630548 2.8789018243551245 3.6047265902161598 5.6413237079977989 2.4830675013363352 2.3456979170441619 2.8112205564975721 5.2885015122592449 2.1311662271618843 3.2791505828499794 6.0710794702172279 3.2372112944722176 2.9543097913265228 2.5654646009206772
leaf_count=4014 2114 16 17 49 64 59 20 111 17 39 20 28 24 25 42 24 46 21 27 46 23 17 36 52 17 28 40 19 23 22
internal_value=-0.000489899 0.000952739 -0.0068002 -0.0564732 -0.00339519 0.00229972 -0.00589833 -0.00193974 -0.00583761 6.73916e-05 -0.00475762 -0.0316882 0.0106286 0.0433222 0.0082637 -0.00621119 0.0112707 0.0422636 -0.0431311 -0.0247945 -0.0531245 -0.0370534 -0.0215037 -0.0471552 0.00555012 -0.0711558 -0.00191963 -0.0345612 -0.00056507 0.0531634
internal_weight=775.982 764.951 113.229 7.26378 105.965 651.722 102.981 90.4841 84.5063 72.2121 68.9793 25.0807 43.8986 14.9242 11.9798 28.9745 22.8292 12.278 6.20921 10.5512 19.572 15.0597 12.5766 10.2309 4.94239 6.14522 9.39914 12.4966 6.19152 5.97777
internal_count=7100 4986 913 66 847 4073 831 725 683 572 555 212 343 114 89 229 177 85 47 92 173 145 122 105 53 52 64 106 42 42
is_linear=0
shrinkage=0.1


Tree=36
num_leaves=31
num_cat=0
split_feature=0 4 3 4 4 0 3 1 1 4 1 1 3 1 1 1 1 3 3 4 1 4 1 3 3 3 3 1 0 1
split_gain=10.1161 0.697186 1.76871 1.05281 2.0257 1.77236 1.5764 0.7022 0.666884 3.54524 1.05527 1.1136 2.28557 1.76145 1.43868 2.95145 3.04078 1.43317 1.26892 1.14351 3.2668 2.67174 2.52398 2.32583 8.93677 5.48922 5.31658 2.75004 2.51686 4.15329
threshold=22.585000000000004 2.4124982457480004 1.3486996003260001 1.3291051223945003 0.98492961169400017 18.275000000000002 2.0455395132475007 0.16774708740000002 2.5325389175500006 17.507327042073005 2.2159774576500006 1.8601849566000002 2.2673182741405005 1.5260056019000003 1.3663316479500003 1.2576393802500003 1.1364651641000003 2.1417294064850005 1.7705946676305002 19.145690083193003 1.0412526696500002 20.244659148508003 0.5855394061000001 1.6490202708535002 1.8345582496220001 1.5599096591775001 1.8615590187205002 0.11105960585000001 21.185000000000006 0.13981576005000004
decision_type=2 2 2 2 2 2 2 2 2 2 2 2 2 2 2 2 2 2 2 2 2 2 2 2 2 2 2 2 2 2
left_child=1 2 -1 4 -4 -5 -7 -8 10 -10 11 13 -13 14 15 16 19 -15 -17 -3 21 22 -21 25 -25 27 -26 -23 -29 -30
right_child=-2 8 3 5 -6 6 7 -9 9 -11 -12 12 -14 17 -16 18 -18 -19 -20 20 -22 23 -24 24 26 -27 -28 28 29 -31
leaf_value=0.083600632964132351 -0.1004769084816764 0.0032280956939192669 0.020973417997897145 -0.045185059536627714 -0.070698134050566477 0.069317673595602772 0.04057331231700561 -0.010580093293983387 -0.11008459652747871 0.033884607360894527 0.05237894117723485 0.014179053524106042 -0.11802416582464065 0.072615894464113165 -0.045213663852375359 0.11165051615576936 -0.056462950605462692 -0.0037807243932536263 0.026941912604999747 -0.055410644510767229 -0.11796018095547256 0.077539362413767257 0.044384120043128972 -0.080987803406974229 0.14071397926126392 0.083737670391600724 -0.0028292769023328026 0.0044688693289798064 0.0021351374968997419 -0.1083228502041521
leaf_weight=3.3594135008752337 9.9863305017352086 470.47908312547952 5.3866020143032092 3.5541294962167767 4.3628618959337473 6.9941297061741379 4.3444994725286943 7.0193819105625153 3.1037574559450141 3.8101518489420414 3.8937516883015624 2.8930353373289099 2.3864164538681507 6.0825612321495992 6.9926397725939742 3.1542076990008345 9.5045883543789369 4.1180102452635765 4.0250163301825523 16.196214064024392 2.5586566329002371 4.583086108788847 3.0045161545276633 15.918144446797667 2.726191319525241 8.7946617081761342 48.209038313478231 92.751906100660563 8.8151197843253595 5.5455549955368033
leaf_count=35 2114 2799 25 15 20 39 25 29 21 33 28 22 22 40 51 18 77 35 32 119 26 40 25 187 26 71 494 551 48 33
internal_value=-0.000480053 0.000826048 0.0146086 0.00728824 -0.0200494 0.0194517 0.0319654 0.00897625 0.000164434 -0.0307453 0.000460169 0.0001789 -0.0455794 0.000517502 -8.09162e-05 0.000372355 -0.000292202 0.0417743 0.0641588 0.000493398 -0.00565963 -0.00426846 -0.0397948 -0.000627391 -0.0155857 0.00767216 0.00485355 0.00168294 -0.00156277 -0.0405196
internal_weight=774.554 764.567 35.021 31.6616 9.74946 21.9121 18.358 11.3639 729.546 6.91391 722.632 718.739 5.27945 713.459 703.259 696.266 689.087 10.2006 7.17922 679.582 209.103 206.544 19.2007 187.344 66.8534 120.49 50.9352 111.696 107.113 14.3607
internal_count=7100 4986 188 153 45 108 93 54 4798 54 4744 4716 44 4672 4597 4546 4496 75 50 4419 1620 1594 144 1450 707 743 520 672 632 81
is_linear=0
shrinkage=0.1


Tree=37
num_leaves=31
num_cat=0
split_feature=0 0 4 3 3 3 4 1 3 3 3 3 3 4 4 3 4 1 0 3 4 4 3 0 0 4 0 4 3 4
split_gain=9.14121 0.826129 1.57185 1.56887 1.4441 2.17043 1.20267 1.11705 3.15482 2.7054 1.06671 1.0585 1.04388 2.4656 1.36767 1.43845 2.12094 1.72826 5.80952 1.4749 2.47948 3.79395 2.27488 3.8462 3.71283 1.543 1.34012 1.58595 1.16312 1.21457
threshold=22.585000000000004 22.005000000000006 25.834092352474503 2.5106141041725003 1.5494936103805002 1.2835574372695002 4.5026922644975009 0.11469807470000001 1.1911206979435003 2.3457533140325002 1.6083744740825001 1.4208953875855002 1.1393672292635002 4.5026922644975009 36.13759337890901 1.0624342913870002 25.604251850392004 0.24074436350000003 20.705000000000002 0.96203006942200009 16.075997879646504 19.703890592892005 0.92269409182550011 20.285000000000004 19.985000000000003 10.875774987788501 19.345000000000002 30.603808863945002 1.1631946741460002 22.745536914931005
decision_type=2 2 2 2 2 2 2 2 2 2 2 2 2 2 2 2 2 2 2 2 2 2 2 2 2 2 2 2 2 2
left_child=1 7 3 4 5 -3 -7 8 -1 10 -10 -8 13 -9 15 16 19 18 -17 22 25 -22 24 -24 -15 -21 -18 -28 29 -14
right_child=-2 2 -4 -5 -6 6 11 12 9 -11 -12 -13 28 14 -16 17 26 -19 -20 20 21 -23 23 -25 -26 -27 27 -29 -30 -31
leaf_value=-0.046795602669770051 -0.10043131488970697 -0.064264937758154964 0.046460537326496604 0.08273736780294158 -0.093445709137157384 0.11138411209731958 -0.065525326395865252 0.091211883056454945 0.10132400234597867 -0.024708283942692429 0.042974811182894958 0.066222530481709035 -0.067885390603275572 -0.030442953159301712 0.046921824324141964 -0.083101676951799971 -0.086296011460324798 0.051866327327518461 0.054022300723333971 -0.015177222130596397 -0.12235548471509379 -0.00042167091339356751 0.13173287016046106 -0.0040033167869327809 0.041174338505431625 0.058731017907496311 -0.054464482871569977 0.030094645341313921 -0.00054378853460476228 0.0085292119038545312
leaf_weight=5.0184690654277828 9.0398990307003242 5.1240479070693272 2.861172290518879 1.0502371601760376 4.1003447435796252 1.3466749936342242 1.3530323896557095 3.5765102356672278 5.1519739404320735 4.4053494036197653 7.9954553693532944 1.1102064084261654 5.2169849723577482 15.317989423871042 7.856530860066413 5.1622980237007159 4.2121814340353003 11.885583132505415 7.695491835474968 6.7105446383357066 4.3696980029344541 6.1336590349674225 4.0998523831367475 4.2532272338867188 13.724783286452292 4.878209725022316 5.1445058733224851 3.8991385996341705 606.72876385971904 3.4592679813504219
leaf_count=26 2114 79 30 27 121 9 23 33 24 22 38 19 26 71 42 23 26 53 32 30 21 29 20 21 63 21 25 20 3992 20
internal_value=-0.000462354 0.000720756 -0.0211127 -0.0348397 -0.0443135 -0.0217637 0.0353974 0.00121612 0.0231237 0.0431142 0.0658396 -0.00614525 0.000533438 0.00955715 0.00678491 0.00355025 -0.00353418 0.024378 -0.00103186 0.0045262 -0.0159599 -0.0511496 0.0166286 0.0626186 0.00340133 0.015934 -0.0397066 -0.0180071 -0.00106366 -0.0374185
internal_weight=772.882 763.842 16.9457 14.0845 13.0343 8.93396 3.80991 746.896 22.5712 17.5528 13.1474 2.46324 724.325 108.92 105.344 97.4872 72.7438 24.7434 12.8578 59.488 22.0921 10.5034 37.3959 8.35308 29.0428 11.5888 13.2558 9.04364 615.405 8.67625
internal_count=7100 4986 308 278 251 130 51 4678 110 84 62 42 4568 530 497 455 347 108 55 276 101 50 175 41 134 51 71 45 4038 46
is_linear=0
shrinkage=0.1


Tree=38
num_leaves=31
num_cat=0
split_feature=0 4 1 1 3 4 3 3 3 3 4 1 3 4 4 4 3 3 0 0 0 0 0 1 1 1 1 3 1 4
split_gain=8.2636 0.70103 2.00102 2.36993 1.53033 1.22528 1.71858 1.84805 2.532 6.21414 1.96145 1.33346 1.70925 1.73276 1.78787 2.86731 2.57652 2.84719 1.78777 1.71771 2.42888 2.28695 1.26651 1.57925 1.24349 1.49531 1.06196 1.03847 1.06065 1.01822
threshold=22.585000000000004 28.032890011635505 0.15260056015000004 0.19211272310000002 2.6974348278020002 29.473350025835003 2.3293993512645002 2.0533932659030003 1.8768754143740003 1.8345582496220001 44.762153085264508 0.24074436350000003 1.2408006881065001 57.24384304632401 43.425992620898008 38.142381583201505 1.6303764834100003 1.5055953526415002 19.305000000000003 17.975000000000005 18.755000000000006 19.345000000000002 19.675000000000004 0.76130052255000014 0.63322219360000009 0.45452327565000006 1.3981576005000003 3.0815441649095003 0.45872892775000002 30.603808863945002
decision_type=2 2 2 2 2 2 2 2 2 2 2 2 2 2 2 2 2 2 2 2 2 2 2 2 2 2 2 2 2 2
left_child=1 27 29 -4 5 22 7 8 9 11 -10 -7 19 14 15 16 17 18 -14 -13 -21 -22 23 -5 25 -9 -8 -1 -29 -3
right_child=-2 2 3 4 -6 6 26 24 10 -11 -12 12 13 -15 -16 -17 -18 -19 -20 20 21 -23 -24 -25 -26 -27 -28 28 -30 -31
leaf_value=0.002274876540460124 -0.10039010236893926 -0.0099410902257706588 0.049862774533558536 -0.11624106821594891 0.044327127917611668 -0.058601558671479662 -0.0874557748306799 0.024167186514903301 -0.11286820736831329 0.12363511650871739 0.0023908635405570037 -0.033615824033061063 -0.015124495329172911 0.058104387746989374 -0.06775698566061765 0.032967518474555861 -0.10972850751543842 0.063170234106746659 -0.11727861212708697 0.10871842693270306 -0.049219584139964807 0.049322518404629569 0.0046357562096898822 -0.00078944337659593567 0.0031309757239677237 0.14556662305287674 0.0099625671071977891 -0.082294552434504578 -0.00071638469410072409 -0.092680462364942928
leaf_weight=647.34504148177803 8.1828257157467288 2.3925207406282416 7.7199127301573744 3.4827650748193246 5.3263419866561881 5.234784707427024 4.0556073598563662 2.1755119413137418 3.8925869017839423 3.6752526052296153 2.3787502869963646 4.599830441176894 5.4949491992592865 2.6993121802806845 7.5671059712767592 8.9126234687864763 3.8048864565789691 3.3240165412425995 2.4892345741391182 3.5091727972030631 3.7886200919747335 6.2244083136320114 2.9734934419393539 1.7957055009901521 4.1726768314838409 1.9013643935322759 1.5453813895583151 2.9450712576508513 3.4734945334494114 3.9314438439905643
leaf_count=4039 2114 18 50 35 39 40 50 24 44 31 17 26 37 18 58 68 53 30 21 17 24 32 21 21 39 17 14 26 33 44
internal_value=-0.000432426 0.000639811 -0.00678209 -0.00342168 -0.00775058 -0.010843 -0.00712278 -0.00317531 -0.00862849 -0.00243926 -0.0691499 -0.0104768 -0.0056704 -0.018798 -0.0253686 -0.012018 -0.0385472 -0.0145968 -0.0469732 0.0191708 0.0371272 0.0120372 -0.0475612 -0.0769651 0.0415072 0.0807852 -0.0605769 0.00187802 -0.0381474 -0.061378
internal_weight=771.015 762.832 109.068 102.744 95.0244 89.698 81.4461 75.8451 67.5955 61.3242 6.27134 57.6489 52.4142 34.2921 31.5928 24.0257 15.1131 11.3082 7.98418 18.122 13.5222 10.013 8.25196 5.27847 8.24955 4.07688 5.60099 653.764 6.41857 6.32396
internal_count=7100 4986 888 826 776 737 660 596 516 455 61 424 384 285 267 209 141 88 58 99 73 56 77 56 80 41 64 4098 59 62
is_linear=0
shrinkage=0.1


Tree=39
num_leaves=31
num_cat=0
split_feature=0 1 1 3 3 3 3 4 1 3 3 3 4 4 4 1 3 0 4 3 3 0 1 3 1 4 3 3 3 0
split_gain=7.46889 0.680772 1.45629 1.58208 1.37415 3.89519 2.1988 1.82207 2.27616 1.80422 4.51719 0.814558 2.17607 1.14431 2.33383 1.90242 1.54363 1.08239 2.56476 1.04571 2.19117 1.40716 4.88428 1.89778 3.49761 2.84308 2.05386 1.76464 1.44402 1.04857
threshold=22.585000000000004 0.10606110020000002 0.11469807470000001 1.1911206979435003 1.1806122030995001 1.5494936103805002 2.4900758947025006 20.657276586388004 0.096728873050000011 1.9563022026870003 1.7705946676305002 1.1393672292635002 4.5026922644975009 32.011297272806509 26.960253770592505 0.37458995565000003 1.1234031362310002 21.740000000000006 10.176786391451001 1.0890576161495003 1.0734048427885001 18.665000000000003 0.37115569425000006 0.87938481153400005 0.14573240360000003 8.4827407559950014 0.81466184475150005 0.92269409182550011 0.98993921542300012 20.405000000000005
decision_type=2 2 2 2 2 2 2 2 2 2 2 2 2 2 2 2 2 2 2 2 2 2 2 2 2 2 2 2 2 2
left_child=1 4 3 -3 -1 7 9 8 -6 10 -7 12 -4 14 16 -15 19 -13 -19 20 21 27 23 26 -25 -26 -23 -14 29 -27
right_child=-2 2 11 -5 5 6 -8 -9 -10 -11 -12 17 13 15 -16 -17 -18 18 -20 -21 -22 22 -24 24 25 28 -28 -29 -30 -31
leaf_value=-0.059589733967926911 -0.10035284181667284 -0.023882654375958226 0.087708761102629929 0.046923014953585161 -0.059425590169517609 -0.12854654556135833 0.044186297202308024 0.14015609300528759 0.077613110319007736 -0.12153724321853383 0.094873468885597403 -0.0004998343461981049 -0.0014241060030182546 0.074068173831516967 -0.047863740931167381 -0.0023143587823086314 0.064102708696569116 0.0087408222097055122 -0.096384108901244714 -0.032121885038703071 0.06654583153749194 -0.008479077420672082 -0.097991833567275977 -0.068102880585997713 0.077118968074475075 -0.0053179484656147944 0.065981913022696112 0.07537239136796213 0.021241992806256285 -0.067155413756980656
leaf_weight=5.5948025342077043 7.406736198347061 4.1615643128752735 3.3502713926136485 13.055801969021557 1.993192190304401 1.8845398053526863 2.1601066049188375 1.8346430603414772 3.0926210843026638 3.5524736437946558 1.7409408884122965 605.22075567767024 6.6549952328205091 6.1398398056626302 8.5465622134506685 6.9538031220436096 4.480257883667945 5.6614686101675016 3.9330603033304214 7.3634410947561255 5.7694547772407523 6.4286438822746268 5.0769576728343955 7.5519297868013373 4.9828920513391521 6.5240314453840274 8.7413746863603574 5.4361783489584923 9.7661679536104185 4.7304854989051819
leaf_count=72 2114 22 33 63 47 44 34 16 19 80 21 3992 31 31 48 37 19 25 21 33 24 28 28 35 24 29 40 25 43 22
internal_value=-0.000418439 0.000552447 0.00106578 0.0298088 -0.0168426 -0.00213273 -0.0442697 0.0547244 0.023906 -0.0708893 -0.0212612 0.0003816 0.00837002 0.00584207 0.00190763 0.0335028 0.00700151 -0.00102813 -0.0343528 0.00376427 0.0074516 0.00227748 -0.00465013 0.00507561 -0.00819395 0.00920474 0.0344274 0.0331035 -0.00689413 -0.0313094
internal_weight=769.79 762.383 740.53 17.2174 21.8533 16.2585 9.33806 6.92046 5.08581 7.17795 3.62548 723.313 108.497 105.147 92.0534 13.0936 83.5068 614.815 9.59453 79.0266 71.6631 65.8937 53.8025 48.7255 33.5555 26.0036 15.17 12.0912 21.0207 11.2545
internal_count=7100 4986 4653 85 333 261 179 82 66 145 65 4568 530 497 429 68 381 4038 46 362 329 305 249 221 153 118 68 56 94 51
is_linear=0
shrinkage=0.1


Tree=40
num_leaves=31
num_cat=0
split_feature=0 4 4 1 0 4 3 3 4 1 4 1 4 1 1 1 3 1 4 1 1 3 1 3 4 4 4 0 1 0
split_gain=6.75318 0.597725 1.76295 1.68463 2.5435 1.50682 1.16112 0.964006 0.971651 1.88696 1.56665 1.4421 1.46478 1.02059 3.58743 1.0168 0.854861 0.938902 0.789474 2.9189 6.62804 4.9622 3.86689 3.10837 3.062 1.83525 1.81499 4.98718 1.52056 1.89196
threshold=22.585000000000004 28.032890011635505 28.361377534483005 0.15260056015000004 20.705000000000002 30.187614679171503 2.6974348278020002 2.5106141041725003 48.48484628485501 0.63322219360000009 54.562109776062009 2.2159774576500006 43.425992620898008 1.3663316479500003 1.1364651641000003 1.2576393802500003 3.0815441649095003 0.45872892775000002 24.492478134604003 0.43606991770000009 0.21855267575000001 1.4899757820150004 0.13663316480000001 1.5867843155205004 26.122062919325504 23.843521352786503 23.190836565998506 18.325000000000003 0.49380573320000004 20.225000000000005
decision_type=2 2 2 2 2 2 2 2 2 2 2 2 2 2 2 2 2 2 2 2 2 2 2 2 2 2 2 2 2 2
left_child=1 16 -3 5 6 -4 7 8 11 10 -10 12 13 14 -5 -11 18 -18 25 20 22 24 -20 -21 -22 26 -1 -28 29 -27
right_child=-2 2 3 4 -6 -7 -8 -9 9 15 -12 -13 -14 -15 -16 -17 17 -19 19 23 21 -23 -24 -25 -26 28 27 -29 -30 -31
leaf_value=0.0010403517322510288 -0.10031915298984387 -0.087745548734932788 0.016511096844721657 -0.011354145166333427 0.055101346744187957 -0.091667477036530248 0.038835781465034226 -0.070238855664177452 0.10305179438503949 -0.043552594393105416 0.0094757195612572998 0.06174713247336247 -0.053711877854605572 -0.060665769853571229 0.11078492453291328 0.029641279305379589 -0.078718317843253158 -0.00059534806400879522 0.043020978157873757 0.03881291210277104 0.090978592251835286 0.14859372288780529 -0.063611365312848001 -0.061776097189124912 -0.022036676901526532 -0.1324045084891888 -0.061379341709104307 0.094955808908710373 0.0056854950410891577 -0.014134696241625125
leaf_weight=585.49789750017226 6.7040283880196503 2.600010957568883 1.9085172303020943 51.878393586724997 7.3948516845703116 3.9576743561774492 5.4702757373452178 2.4703078269958487 3.3631708770990363 5.2164957672357541 3.8227309249341488 2.5581366568803778 8.4317904114723188 3.6006515175104132 2.5216630212962619 2.9834466278553009 2.7633093595504752 3.4704037494957447 5.9728249683976191 4.9114404171705237 4.6492176800966245 6.0067332684993735 7.8975517004728317 8.203005023300646 4.9495536088943481 2.8931712470948678 2.9903435930609685 6.4242430413141847 3.7481244765222073 2.540114832110703
leaf_count=3576 2114 24 14 439 47 47 39 36 20 42 29 18 63 34 20 16 26 33 35 29 24 54 47 101 26 21 26 45 34 21
internal_value=-0.000392394 0.0004878 -0.00639699 -0.00439366 -0.00132979 -0.0564725 -0.00585008 -0.00866474 -0.00686202 0.0158617 0.0532715 -0.0119297 -0.0147668 -0.00910521 -0.0056925 -0.0169219 0.0016285 -0.0352261 0.00198376 0.0151427 0.0326047 0.0773106 -0.0176936 -0.0241049 0.0327029 0.00105602 0.00174076 0.0452993 -0.0433117 -0.0771122
internal_weight=767.8 761.096 108.178 105.578 99.7119 5.86619 92.3171 86.8468 84.3765 15.3858 7.1859 68.9906 66.4325 58.0007 54.4001 8.19994 652.918 6.23371 646.684 42.5903 29.4759 15.6055 13.8704 13.1144 9.59877 604.094 594.912 9.41459 9.18141 5.43329
internal_count=7100 4986 888 864 803 61 756 717 681 107 49 574 556 493 459 58 4098 59 4039 316 186 104 82 130 50 3723 3647 71 76 42
is_linear=0
shrinkage=0.1


Tree=41
num_leaves=31
num_cat=0
split_feature=0 1 4 1 1 3 1 3 1 1 1 3 3 4 4 0 0 0 1 0 3 3 3 3 3 1 4 0 0 1
split_gain=6.10475 0.588834 2.98166 1.03163 0.904443 2.14535 1.09794 1.51769 1.16067 2.6119 1.4381 2.03394 2.11697 1.02701 1.96539 2.54605 2.07175 1.91072 3.85131 1.99813 1.7769 7.42551 3.65215 3.24021 2.30917 2.16239 2.09634 2.02676 1.75623 2.20981
threshold=22.585000000000004 2.5325389175500006 17.507327042073005 2.2159774576500006 1.8601849566000002 2.2673182741405005 1.5260056019000003 2.1417294064850005 1.3663316479500003 1.2869335646000002 1.1364651641000003 1.8479505954375004 2.3852490974610006 19.145690083193003 20.244659148508003 17.015000000000004 18.305000000000003 17.895000000000003 0.72369592620000012 17.975000000000005 1.6490202708535002 1.8345582496220001 1.5431838507160003 1.8615590187205002 1.4544412831660003 0.11105960585000001 38.142381583201505 17.725000000000005 19.095000000000002 0.32029940205000007
decision_type=2 2 2 2 2 2 2 2 2 2 2 2 2 2 2 2 2 2 2 2 2 2 2 2 2 2 2 2 2 2
left_child=1 3 -3 4 6 -6 8 -8 9 10 13 -12 -13 17 16 -16 -15 18 -1 -19 22 27 24 -23 25 -17 -26 -22 -18 -30
right_child=-2 2 -4 -5 5 -7 7 -9 -10 -11 11 12 -14 14 15 20 28 19 -20 -21 21 23 -24 -25 26 -27 -28 -29 29 -31
leaf_value=0.11377085364244779 -0.10028868839393811 -0.10486272320642563 0.028414147269345453 0.049673236656396419 0.015240318575263921 -0.11626710599296318 0.0643256168978385 -0.01267435917451757 -0.041097280723403101 0.071432051010615547 0.011232099567362144 -0.1262501565742272 -0.010770632416611118 0.038583900331436521 -0.11654058629626714 0.077151023637717142 -0.11911820658407109 -0.068085532678819644 0.013370431211421202 0.0018738364490794497 0.041424850800097723 0.10194224933523051 0.059734790967100521 -0.0027258901848013915 -0.075371358436331345 0.0020775248336558604 0.027367064571671082 -0.088833194343567443 -0.057443493227035763 0.04225909103991396
leaf_weight=4.2491438984870902 6.0678045381791881 2.9399726316332808 3.9124515801668167 4.2734317705035201 2.8614424839615813 2.1898568123579025 6.228395000100134 4.3458779826760292 6.7347670309245578 5.1701188161969176 5.2708951085805875 3.4235009849071503 2.960018128156662 3.0916903018951443 1.9271076731383789 3.9974376671016207 3.0473822057247153 4.1193324476480475 37.887240640819073 457.15429982915521 1.3124853000044812 3.1518281772732726 11.52632128074765 48.002798605710268 6.9394888728857023 95.436918023973703 2.7823995277285576 13.290391085669397 9.6520145917311293 2.8882221803069106
leaf_count=25 2114 21 33 29 22 22 40 36 51 33 34 27 34 25 22 33 26 26 240 2693 16 26 92 496 62 531 26 172 70 23
internal_value=-0.000382351 0.000414492 -0.0287671 0.000679727 0.000400433 -0.0417712 0.000686526 0.0326797 0.00022563 0.000608289 0.00010121 -0.0347418 -0.0727027 0.000672779 -0.00525574 -0.00218765 -0.0361952 0.00311111 0.0234951 0.00124908 -0.00100566 -0.0142311 0.00620064 0.00372311 0.000547714 0.00509561 -0.0459677 -0.0771258 -0.0510271 -0.0344804
internal_weight=766.835 760.767 6.85242 753.915 749.641 5.0513 744.59 10.5743 734.016 727.281 722.111 11.6544 6.38352 710.457 207.046 188.367 18.6793 503.41 42.1364 461.274 186.44 65.7575 120.683 51.1546 109.156 99.4344 9.72189 14.6029 15.5876 12.5402
internal_count=7100 4986 54 4932 4903 44 4859 76 4783 4732 4699 95 61 4604 1620 1476 144 2984 265 2719 1454 710 744 522 652 564 88 188 119 93
is_linear=0
shrinkage=0.1


Tree=42
num_leaves=31
num_cat=0
split_feature=0 0 0 0 0 0 4 3 4 3 4 1 4 1 4 4 0 3 3 4 1 3 3 3 3 3 4 0 4 3
split_gain=5.51898 0.658375 1.52518 2.15514 2.7202 1.38748 1.39484 1.51417 1.84781 1.46528 2.1982 1.06491 2.98452 2.66426 4.45005 3.48715 2.47914 2.55032 3.88673 4.30813 0.950953 2.35768 3.4001 2.18091 2.3818 1.87671 2.58569 1.62333 0.971007 0.925889
threshold=22.585000000000004 22.005000000000006 22.405000000000005 22.465000000000003 22.505000000000006 22.275000000000002 25.834092352474503 0.98993921542300012 10.447732652686001 1.37315115852 2.5416821208975002 0.13981576005000004 1.8590679096615002 0.14640507385000004 16.463027537856004 8.2454191482415009 21.505000000000006 2.2807882456185005 1.6742055699285003 12.189686640862503 0.11469807470000001 2.4017498091815006 1.4423373088600002 1.1911206979435003 2.3457533140325002 1.3187340391460001 16.603767135810504 21.740000000000006 6.0343770234675009 1.6083744740825001
decision_type=2 2 2 2 2 2 2 2 2 2 2 2 2 2 2 2 2 2 2 2 2 2 2 2 2 2 2 2 2 2
left_child=1 11 5 -4 -5 6 7 -3 9 -9 -11 12 -1 14 15 -13 17 18 19 -14 23 22 25 -18 29 26 -22 28 -24 -25
right_child=-2 2 3 4 -6 -7 -8 8 -10 10 -12 13 16 -15 -16 -17 20 -19 -20 -21 21 -23 27 24 -26 -27 -28 -29 -30 -31
leaf_value=0.13896842271190732 -0.10026114069287562 -0.13568227636305735 0.15422682161831347 -0.1051020371882992 0.12614795607247861 -0.10543049476660685 0.054839858920213862 0.063398484814334563 -0.1159473306919612 -0.14643534664612415 0.022726069045106601 -0.058239273962233995 -0.066849559017725504 0.00038974361231949308 -0.12846849032670069 0.063486886490525057 -0.043965757743115785 -0.032794594243768231 0.11748379805626941 0.068148019343289581 -0.044069794173618053 0.062481187661411711 -0.069470848718135289 0.086556083177997983 -0.033072973128357559 0.069061642287519279 0.048676520299943848 -0.09976489716281213 -0.0087839181152560893 0.031349976209277229
leaf_weight=1.799129270017146 5.4918087362311772 1.3218847140669838 1.1182611994445317 1.3330178586766126 0.82255141716450442 2.2903369562700382 2.0352336354553691 2.5406112913042307 1.5708572268486021 1.1903069093823435 2.1661218274384737 5.4865372478961927 3.779140863567596 648.91437820531428 4.2951489575207225 4.1212228834629059 4.8786689378321197 4.0101632401347151 6.3441440463066092 6.3126592114567757 7.7071904465556162 3.8619388639926902 4.2150198519229907 5.11209859326482 4.2173345461487761 4.2294046878814688 4.9279593974351883 5.0471068993210784 7.0402553714811802 7.4877312853932381
leaf_count=12 2114 13 19 42 19 92 19 21 33 9 41 26 18 4193 33 20 25 22 29 33 37 22 19 24 21 21 24 24 39 36
internal_value=-0.000374231 0.000347391 -0.0194782 0.0415801 -0.0168585 -0.0347194 -0.0197585 -0.0370314 -0.0195693 0.00610397 -0.0372645 0.000784242 0.0116102 -0.000538262 -0.0438527 -0.00602516 0.00871605 0.0387058 0.056151 0.0175946 -0.00172546 -0.0114661 -0.0200765 0.0148991 0.0319759 0.0114033 -0.00789689 -0.0526418 -0.0315107 0.0537486
internal_weight=765.668 760.176 16.3892 3.27383 2.15557 13.1154 10.825 8.78978 7.4679 5.89704 3.35643 743.787 80.9699 662.817 13.9029 9.60776 79.1708 20.4461 16.4359 10.0918 58.7247 37.0289 33.1669 21.6958 16.8172 16.8646 12.6351 16.3024 11.2553 12.5998
internal_count=7100 4986 308 80 61 228 136 117 104 71 50 4678 406 4272 79 46 394 102 80 51 292 186 164 106 81 82 61 82 58 60
is_linear=0
shrinkage=0.1


Tree=43
num_leaves=31
num_cat=0
split_feature=0 1 3 3 3 3 3 4 0 1 0 4 3 4 3 4 3 3 4 3 3 3 3 0 4 0 4 3 3 1
split_gain=4.99114 0.589521 1.11798 2.99044 1.88082 1.61985 3.67598 1.11529 1.68572 1.02367 2.25212 5.55839 2.79367 2.09292 1.8386 1.56124 4.47153 3.55425 3.40354 4.15276 2.80015 2.17336 2.09051 1.94932 3.20367 2.81171 4.01291 0.824315 3.09462 2.26587
threshold=22.585000000000004 0.10606110020000002 1.2344912469990001 1.5494936103805002 2.4900758947025006 1.9563022026870003 1.7705946676305002 20.657276586388004 22.195000000000004 0.13981576005000004 21.235000000000003 16.463027537856004 1.3827252452820002 1.8590679096615002 0.90298307962900004 14.287128132820003 1.3187340391460001 1.5554906949180001 16.463027537856004 1.3617647341225003 1.1723714902810001 1.8854726594460003 1.0978558643830001 21.805000000000003 9.6577499587335023 21.605000000000004 5.7351176681385008 1.0890576161495003 1.0734048427885001 0.36270715920000007
decision_type=2 2 2 2 2 2 2 2 2 2 2 2 2 2 2 2 2 2 2 2 2 2 2 2 2 2 2 2 2 2
left_child=1 2 -1 7 5 6 -5 8 -4 13 27 12 -12 -3 -15 16 20 -18 -17 22 -16 -21 -20 24 25 26 -19 28 29 -11
right_child=-2 9 3 4 -6 -7 -8 -9 -10 10 11 -13 -14 14 15 18 17 23 19 21 -22 -23 -24 -25 -26 -27 -28 -29 -30 -31
leaf_value=-0.054363272227217999 -0.10023623061693376 0.13591100033184939 0.067632159817400048 -0.12444295416836254 0.039935274539626094 -0.11770034203015059 0.083896442174177577 0.11109191244355197 -0.054918373341985183 0.016947448142716075 0.068457848320946466 -0.12557961749683269 -0.031541801171073025 0.077192779316047511 -0.012026938897679591 0.12141547568533584 0.080289251163030095 0.1046565247218787 0.005269980407609268 -0.079397940394313207 -0.1123217451368011 0.026075176151660592 0.096836162155798669 0.044259834555838339 -0.090335079017621681 -0.042253195956523368 -0.015394036669597034 -0.00083464472000272676 0.06926281099715674 -0.0205070731522842
leaf_weight=5.6231060680002001 4.9703658702783278 1.3342593014240254 2.9924379251897326 1.6707692556083187 2.1765221394598484 3.2442634692415595 1.7174565410241482 1.9676762185990808 1.7961097806692121 44.71975189819932 3.9975555688142803 4.9510955661535254 9.2766706496477109 3.8129660636186591 5.86821451038122 3.3192763030529049 6.4087516702711573 4.7651289254427045 4.6087036877870577 5.2976155094802362 5.2959708906710148 3.0950478501617908 5.4322254434227943 7.1994071602821341 4.5784828066825858 8.1747280806303007 6.6985246986150742 566.45883810147643 7.9486338421702376 25.284266516566277
leaf_count=79 2114 10 18 44 34 80 21 14 43 211 19 40 46 20 30 16 29 21 23 35 24 21 25 34 23 37 33 3786 35 135
internal_value=-0.000353666 0.000299807 -0.0161461 -0.00233979 -0.0407262 -0.0671962 -0.0188379 0.0477099 0.0216654 0.000771642 -0.000488297 -0.0351541 -0.00142674 0.0117729 0.00955134 0.00590549 -0.00399379 0.0124197 0.0281995 0.0114144 -0.0596039 -0.0405015 0.054808 -0.00142528 -0.015007 0.002555 0.0345077 0.000492127 0.0101334 0.00341951
internal_weight=764.685 759.714 21.1883 15.5652 8.80901 6.63249 3.38823 6.75622 4.78855 738.526 662.637 18.2253 13.2742 75.8893 74.555 70.7421 48.9892 37.825 21.7529 18.4336 11.1642 8.39266 10.0409 31.4163 24.2169 19.6384 11.4637 644.411 77.9527 70.004
internal_count=7100 4986 333 254 179 145 65 75 61 4653 4272 105 65 381 371 351 231 177 120 104 54 56 48 148 114 91 54 4167 381 346
is_linear=0
shrinkage=0.1


Tree=44
num_leaves=31
num_cat=0
split_feature=0 4 3 3 0 0 4 1 4 3 0 1 4 3 3 3 4 4 3 0 1 0 0 4 4 4 0 0 3 3
split_gain=4.51415 0.543149 1.57185 1.13372 2.50357 2.01249 1.81559 0.716637 0.586318 2.20853 2.06457 4.515 1.24329 2.10749 2.69829 0.920478 0.795442 1.06521 1.75817 1.39175 0.74704 1.76533 1.34724 1.3139 1.76709 1.71815 1.4272 1.72227 0.610105 1.03561
threshold=22.585000000000004 2.4124982457480004 1.3486996003260001 2.3126556205695006 18.305000000000003 19.415000000000003 1.8590679096615002 0.15260056015000004 3.1108815323000005 2.3763879008035005 20.435000000000006 0.35773063045000003 3.4895522184880003 2.2494137346950001 1.4767494965170003 1.7603062995555001 3.7061823083905003 3.9976733121360009 2.1876295114465005 20.175000000000004 0.10606110020000002 22.155000000000005 21.905000000000005 6.0761450812490008 6.8496350789015006 13.240980433598503 22.405000000000005 22.275000000000002 1.2497869916300002 1.8068317781240002
decision_type=2 2 2 2 2 2 2 2 2 2 2 2 2 2 2 2 2 2 2 2 2 2 2 2 2 2 2 2 2 2
left_child=1 2 -1 4 -4 -6 7 -7 9 10 11 -3 13 14 -10 -12 -14 18 19 -18 21 28 -22 -23 -25 -26 27 -27 -19 -30
right_child=-2 8 3 -5 5 6 -8 -9 12 -11 15 -13 16 -15 -16 -17 17 20 -20 -21 22 23 -24 24 25 26 -28 -29 29 -31
leaf_value=0.082741300944449994 -0.10021369569470469 0.078037838242225988 -0.086968306180921953 0.035202760815814728 0.083743089286843833 0.0048920561322690174 0.040725047040564344 -0.050891412153360821 -0.0093108006666368301 0.034292906109144122 -0.040914255817213946 -0.06550760861363468 -0.034756445857677114 -0.025180475246264468 0.10707718703246871 -0.112368157621347 0.114083966688625 -0.094435566815138317 -0.02807862971671676 0.026033910067382773 -0.00048762043390216525 -0.10420841456822444 0.049188968716192237 0.18744739208632247 -0.10286335498107274 0.078968728008942807 0.10978215754789099 -0.1063347876502226 0.0053893846867342343 -0.080388313157868985
leaf_weight=2.9220373407006255 4.4983329009264699 3.8512812331318909 3.2825065553188386 9.3101541846990568 2.9354576170444515 3.5384987313300353 5.3205202668905249 6.5955887883901596 3.3092787861824018 6.2369438791647545 3.7202224396169177 5.0833645910024643 6.6670171441510311 4.3470297185704103 5.0038097593933344 3.4980466244742274 2.732499808073042 2.5314796678721887 3.5865264674648643 5.2331326743587852 651.20875452086329 0.78150108456611533 5.505510374903678 0.66295611765235651 1.0063711577095089 1.0051316800527281 1.7652803510427473 1.0011640898883341 2.9634539904072881 2.6806745920330286
leaf_count=35 2114 20 14 41 14 22 34 28 21 32 27 23 34 23 25 17 12 20 23 31 4229 34 25 18 54 20 28 33 24 25
internal_value=-0.000333874 0.000258637 0.0126294 0.00601702 -0.00652067 0.00783871 -0.00657861 -0.0314136 -0.000320378 -0.0162506 -0.0357665 -0.00363231 0.000187714 0.0312415 0.0607454 -0.0755415 -0.000382614 -4.69129e-05 0.0300609 0.0562383 -0.000565173 -0.0230978 -7.11608e-05 0.017039 0.0344543 0.013226 0.0442021 -0.0134998 -0.0536456 -0.0353507
internal_weight=762.785 758.286 33.9048 30.9827 21.6726 18.3901 15.4546 10.1341 724.381 22.3899 16.1529 8.93465 701.992 12.6601 8.31309 7.21827 689.331 682.664 11.5522 7.96563 671.112 14.398 656.714 6.2224 5.4409 4.77795 3.77158 2.0063 8.17561 5.64413
internal_count=7100 4986 188 153 112 98 84 50 4798 119 87 43 4679 69 46 44 4610 4576 66 43 4510 256 4254 187 153 135 81 53 69 49
is_linear=0
shrinkage=0.1


Tree=45
num_leaves=31
num_cat=0
split_feature=0 0 1 3 3 3 3 3 4 4 0 0 3 3 4 3 0 1 4 3 3 3 1 1 0 1 3 3 3 3
split_gain=4.08349 0.504938 1.24064 1.14324 2.21241 1.45191 2.67848 1.50364 1.39537 0.717062 2.91304 1.40782 2.38021 1.5777 0.747498 1.41319 2.02191 3.69327 1.32526 2.07727 0.78072 2.51526 1.67343 0.910312 4.46801 2.81918 1.96273 1.83165 2.15596 3.12085
threshold=22.585000000000004 22.005000000000006 0.083860245200000016 1.1393672292635002 1.37315115852 1.5431838507160003 1.6254877300670001 2.5106141041725003 6.4049397796545007 2.4124982457480004 21.465000000000003 20.405000000000005 1.6899448701290003 2.3126556205695006 3.1108815323000005 2.3763879008035005 20.435000000000006 0.35773063045000003 3.4895522184880003 2.2494137346950001 0.7841024627130001 0.81466184475150005 0.33231973120000008 0.93230095245000011 17.335000000000004 0.95842057385000012 2.7653586668395005 1.0812714052000001 1.3230218173515003 1.5055953526415002
decision_type=2 2 2 2 2 2 2 2 2 2 2 2 2 2 2 2 2 2 2 2 2 2 2 2 2 2 2 2 2 2
left_child=1 9 -3 -4 8 -6 -7 -8 -5 10 11 12 -1 -14 15 16 17 -11 19 -16 22 -22 -20 24 -23 -25 27 -27 -29 -30
right_child=-2 2 3 4 5 6 7 -9 -10 14 -12 -13 13 -15 18 -17 -18 -19 20 -21 21 23 -24 25 -26 26 -28 28 29 -31
leaf_value=0.097898365966065271 -0.10019331877170673 0.095493052182997293 -0.07454706239512203 0.10493008114624416 -0.12134925476805658 0.16459253234728882 -0.083189251436578446 0.044948733315534423 -0.0076416512967240951 0.070945472615270053 0.099860828960240677 -0.029502017024424121 -0.021506348501820621 0.044635323426066666 0.06365901036765069 0.023155907392945589 -0.076609806887783738 -0.059463553168913455 0.068538495135573627 -0.022687832658276522 -0.089256435625776925 0.1231327920106946 -0.011128312146274272 -0.092608778487086693 0.0005634975853961024 -0.062076068242538307 -0.069462317315757513 0.071608126007973741 -0.07427082714838322 0.006871189085192163
leaf_weight=3.2183872275054553 4.0710457032546392 0.91547787748277087 3.4860660191625348 2.1139267124235612 1.807430801913142 0.70041604293510307 3.1417932501062751 1.29251953959465 2.2982010487467051 3.8146222531795519 3.6169228293001643 8.463810630142687 9.6044945120811445 5.7747737616300574 7.8962430357933027 5.8910036832094184 6.5393255054950705 5.0422413498163223 5.0455752164125425 4.3051663115620613 3.1767587363719931 2.9890292063355437 5.5225597023963928 3.9924991056323043 594.03384021483362 4.5348197966814032 4.5166971795260897 4.3486551865935317 5.3094096779823294 44.200514581054449
leaf_count=25 2114 19 54 19 26 16 113 28 33 20 29 41 40 24 39 26 31 23 22 22 17 21 24 36 3741 24 47 21 33 372
internal_value=-0.000308569 0.000228178 -0.0174866 -0.0244561 -0.00907683 -0.0442677 -0.0171349 -0.0458394 0.0462934 0.00060442 0.0155734 0.00430785 0.0196947 0.00332924 -4.13191e-05 -0.0184977 -0.0344355 -0.00329681 0.000528185 0.0331922 -5.99292e-05 -0.000487139 0.0269072 -6.23947e-05 0.00117715 -0.0111238 -0.00595245 -0.00104 0.00409916 -0.00183042
internal_weight=761.664 757.593 15.7558 14.8404 11.3543 6.94216 5.13473 4.43431 4.41213 741.837 30.6784 27.0615 18.5977 15.3793 711.159 21.2872 15.3962 8.85686 689.872 12.2014 677.67 667.102 10.5681 663.925 597.023 66.9026 62.9101 58.3934 53.8586 49.5099
internal_count=7100 4986 308 289 235 183 157 141 52 4678 159 130 89 64 4519 100 74 43 4419 61 4358 4312 46 4295 3762 533 497 450 426 405
is_linear=0
shrinkage=0.1


Tree=46
num_leaves=31
num_cat=0
split_feature=0 4 1 1 3 1 4 4 4 3 1 3 4 3 3 0 4 4 3 3 3 3 4 3 4 1 4 0 3 3
split_gain=3.6938 0.482685 1.58029 1.65993 1.2423 1.30333 4.68633 2.59669 1.55237 1.80733 2.74743 2.16528 1.82215 1.76347 2.46507 1.60377 1.39242 1.26722 1.4105 3.27956 1.44977 1.34108 3.08407 2.25422 1.78597 1.67548 0.949385 0.93926 0.892949 2.46716
threshold=22.585000000000004 28.032890011635505 0.15260056015000004 0.16732318700000001 0.95381601391050008 0.30168667455000003 34.423374790276505 32.011297272806509 46.613427510235006 1.7366798324065003 0.63322219360000009 1.3042896367285002 57.24384304632401 2.8779002199265005 2.5106141041725003 15.365 40.953990227072005 36.660282957685006 1.3678969272915003 1.6161157967865003 1.8406180853655003 1.3558049270395003 31.0508717856525 1.8345582496220001 32.485928466519006 0.90689316320000013 30.187614679171503 20.105000000000004 1.2497869916300002 1.5130191389540002
decision_type=2 2 2 2 2 2 2 2 2 2 2 2 2 2 2 2 2 2 2 2 2 2 2 2 2 2 2 2 2 2
left_child=1 -1 26 -4 -5 6 7 27 13 11 -11 -10 -12 14 15 -7 17 21 -19 -20 -21 24 23 -23 -17 -24 -3 -6 -8 -30
right_child=-2 2 3 4 5 8 28 -9 9 10 12 -13 -14 -15 -16 16 -18 18 19 20 -22 22 25 -25 -26 -27 -28 -29 29 -31
leaf_value=0.0012235594387751795 -0.10017489024438142 -0.0039072070350913302 0.070123751375174154 0.035145453700555926 0.029848961145901243 0.069718426871517067 -0.13004635829095887 0.097369399009914287 0.043462907286578881 0.12075845695525822 0.055870147945106023 -0.057410557340521577 -0.05171264487513455 0.070152924942485859 -0.11204820746607663 -0.02780820437898739 -0.048764887396282194 -0.032828300550135699 0.12101902013659203 -0.067507428466175218 0.032979684925438867 -0.038687020511893697 -0.097228905382934813 0.074362711625913888 0.061222512885285296 0.017910397695178971 -0.088725842213383865 -0.049407426800941248 0.025212167988503745 -0.11263256972444922
leaf_weight=649.36122145224363 3.6842777216806999 2.091871351003646 3.0001110658049575 7.0229045599699012 2.4522027820348757 2.3898618146777144 2.9839662835001928 2.7956034429371357 3.902104467153551 3.6137445271015149 3.8660629354417324 4.6802247241139412 2.6558646634221077 2.5463468022644511 2.4959795624017707 5.1116564348340052 9.3757993094623071 3.7417175173759452 3.2581926658749563 2.2242932803928852 4.0499135330319405 3.9334937892854205 7.1227996721863729 3.1977322548627853 4.0292162820696831 1.5364607013761995 3.57482516951859 3.8316692523658276 2.0446637608110905 3.5576245039701462
leaf_count=4098 2114 15 15 39 17 16 19 17 23 23 30 36 19 19 36 34 73 21 23 25 38 42 92 35 23 18 47 30 18 45
internal_value=-0.000288747 0.000197748 -0.00602264 -0.00315118 -0.0053848 -0.00849912 -0.0328953 0.0171914 -0.00265391 0.0222218 0.0508152 -0.0115467 0.0120602 -0.0111177 -0.015062 -0.0102177 -0.0142326 -0.00575824 0.0192011 0.039624 -0.00264439 -0.0190472 -0.0366934 0.0120059 0.0114358 -0.0767991 -0.0574149 -0.0184786 -0.0858591 -0.0623235
internal_weight=760.132 756.448 107.087 101.42 98.4201 91.3972 17.6657 9.07948 73.7315 18.718 10.1357 8.58233 6.52193 55.0135 52.4671 49.9711 47.5813 38.2055 13.2741 9.5324 6.27421 24.9314 15.7905 7.13123 9.14087 8.65926 5.6667 6.28387 8.58625 5.60229
internal_count=7100 4986 888 826 811 772 146 64 626 131 72 59 49 495 476 440 424 351 107 86 63 244 187 77 57 110 62 47 82 63
is_linear=0
shrinkage=0.1


Tree=47
num_leaves=31
num_cat=0
split_feature=0 1 4 1 1 3 1 1 1 4 1 4 3 4 3 4 4 3 1 3 3 3 3 3 3 4 4 3 3 1
split_gain=3.34043 0.516754 2.40291 0.806553 0.678306 1.99199 0.986829 2.20429 2.19435 2.44776 1.24504 2.2981 1.81059 1.02361 0.845114 0.750116 1.82279 1.7932 1.6766 1.36231 2.34554 1.33641 1.20083 1.38477 3.28711 1.29264 3.90262 2.76149 2.33058 2.28539
threshold=22.585000000000004 2.5325389175500006 17.507327042073005 2.2159774576500006 1.8601849566000002 2.2673182741405005 1.2576393802500003 1.1364651641000003 1.3229886790500003 46.613427510235006 1.6887140935500002 13.573988294514002 1.5235461956725003 36.660282957685006 2.3648014685015002 30.603808863945002 32.485928466519006 1.0978558643830001 0.40138036900000007 1.2042857910045002 1.2408006881065001 1.3486996003260001 2.8779002199265005 2.2547791427275006 2.0899030716415004 38.142381583201505 38.720161460708503 1.3617647341225003 1.6254877300670001 0.80455572205000014
decision_type=2 2 2 2 2 2 2 2 2 2 2 2 2 2 2 2 2 2 2 2 2 2 2 2 2 2 2 2 2 2
left_child=1 3 -3 4 6 -6 7 15 -8 10 11 -10 -13 14 -9 -1 21 18 -18 -19 -21 -17 23 24 25 28 -27 -28 -22 -29
right_child=-2 2 -4 -5 5 -7 8 13 9 -11 -12 12 -14 -15 -16 16 17 19 -20 20 22 -23 -24 -25 -26 26 27 29 -30 -31
leaf_value=0.0014155795740916652 -0.10015821479095351 -0.098727732623311484 0.022176319554000092 0.043261210148854624 0.016306307202963315 -0.11414525987035135 0.077666114981422327 -0.093308636604374218 0.027844835266554298 0.086276879409385443 0.044684637268458394 0.0013304407813869797 -0.09496859888984592 0.010235726321279911 -0.016791453088015197 -0.014600217455201415 0.0781102617886512 -0.064444304522418477 -0.0098969998331635105 0.080092027333268881 -0.012148939620095537 -0.088761814534819905 0.053301995640103884 -0.068650730028229037 0.09475232292758845 0.10213232030831459 -0.095419730380277401 -0.017532444650970605 -0.10866784034046256 0.087899479629645214
leaf_weight=636.18440783862025 3.3341991170309475 2.78195697069168 4.0180488675832748 4.3657964915037146 2.8558496013283721 1.9835691861808298 5.2101866267621544 4.581660080701111 5.2246538922190728 3.1036985963582984 3.2905308380722991 3.2202243432402593 4.9592591486871243 2.1413896381855011 2.1073461137712002 5.1473320797085744 4.8491570577025396 4.2368913367390624 3.910208098590374 3.0146911963820449 7.17716554738581 4.6025237534195185 2.7182894796133033 4.3549005910754195 2.8190990760922423 3.0048471763730076 3.9151067249476936 13.83281088806689 3.8403267040848732 2.4148959368467322
leaf_count=4000 2114 21 33 29 22 22 35 35 34 17 25 17 50 17 25 32 24 27 23 15 60 68 18 51 27 20 30 126 63 20
internal_value=-0.000284827 0.000155724 -0.0272869 0.000404847 0.000153602 -0.0371629 0.000397688 -0.000285407 0.0199235 0.00472785 -0.0104329 -0.0239635 -0.0570561 -0.0499383 -0.0692022 0.000335614 -0.00950222 -0.00299456 0.0388235 -0.0101309 -0.00524428 -0.049609 -0.0110809 -0.0153124 -0.00903518 -0.0175941 -0.00418434 -0.0200286 -0.0457922 -0.0018621
internal_weight=759.201 755.867 6.80001 749.067 744.701 4.83942 739.862 714.853 25.0086 19.7984 16.6947 13.4041 8.17948 8.8304 6.68901 706.023 69.8382 60.0884 8.75937 51.329 47.0921 9.74986 44.0774 41.3592 37.0043 34.1852 23.1677 20.1628 11.0175 16.2477
internal_count=7100 4986 54 4932 4903 44 4859 4681 178 143 126 101 67 77 60 4604 604 504 47 457 430 100 415 397 346 319 196 176 123 146
is_linear=0
shrinkage=0.1


Tree=48
num_leaves=31
num_cat=0
split_feature=0 3 3 3 0 4 0 1 0 4 1 1 3 3 0 1 3 3 3 0 0 4 1 1 3 4 0 4 0 3
split_gain=3.02114 0.473593 3.08748 3.99483 3.5662 7.38317 3.75655 2.76727 5.40844 4.2759 3.41788 3.05922 1.86541 2.31512 1.45957 2.13481 1.8317 1.58757 5.40522 3.20903 3.59348 1.59483 1.32538 1.94935 1.93208 2.25654 1.75365 4.2926 3.19733 1.92826
threshold=22.585000000000004 2.1417294064850005 2.3126556205695006 2.2807882456185005 20.905000000000005 8.2454191482415009 21.565000000000001 0.8309140985000002 17.095000000000002 3.3467201238965005 1.9478527727500003 0.61880829675000015 2.5738845363860006 2.5834937169760006 18.915000000000003 0.48703046460000005 2.2611577391305002 2.2179250110670004 2.2057182397870005 19.775000000000002 20.505000000000006 6.8047895431425003 1.4573240360500002 1.0655065600500002 2.4570455348370004 2.4775433611165005 20.535000000000004 9.0019997390320015 21.005000000000006 2.5255478824850006
decision_type=2 2 2 2 2 2 2 2 2 2 2 2 2 2 2 2 2 2 2 2 2 2 2 2 2 2 2 2 2 2
left_child=1 -1 3 4 7 6 -6 9 10 -3 -9 14 22 -14 15 -11 17 18 19 -16 -21 -19 23 24 25 -4 27 -26 -28 -29
right_child=-2 2 12 -5 5 -7 -8 8 -10 11 -12 -13 13 -15 16 -17 -18 21 -20 20 -22 -23 -24 -25 26 -27 28 29 -30 -31
leaf_value=0.0016733385309962258 -0.10014313417599444 -0.13158395055768579 0.087655519501895193 -0.077444878809801762 0.20461993371801751 -0.07072607612681206 0.038335565563284574 -0.072926351852612523 0.15004806290092398 0.095096677069607574 0.071821553873865726 -0.11293558542904365 -0.095889374555956933 -0.0032515483336341949 -0.11608533819169119 -0.010075040132321085 0.048168949689836052 -0.020327133612776823 0.11389963277476578 0.048207297887103207 -0.088646246388373429 -0.11911949184583051 -0.04427714937618174 0.097643527857879053 -0.033625527248415978 -0.0057911382109409014 0.15661395784244547 0.10030297835117197 0.029456734561016641 0.0042471926677485226
leaf_weight=545.27263309853151 3.0173393590375772 3.9334523826837531 2.788881689310073 10.659632090479134 2.6556411236524564 3.2630399959161878 2.7816160982474685 4.3579177930951101 2.6095610409975052 2.7355333715677244 2.6072744876146317 3.3572656027972689 2.8117498047649852 66.521609723567963 4.2080869898200088 6.5543309152126312 2.9495327062904826 2.8782974258065215 2.5793062746524802 4.6685992851853371 3.257400281727314 3.7800441794097424 3.4607955142855635 3.0239235199987879 8.3772015124559456 35.199261093512177 2.9970232024788839 5.7964125871658307 5.8126730062067509 3.2681970670819283
leaf_count=3325 2114 18 13 87 12 25 30 39 23 20 23 35 26 557 38 59 23 19 21 35 25 31 30 27 47 266 18 45 40 29
internal_value=-0.000279403 0.000119612 -0.00391673 -0.0210924 -0.0109416 0.048188 0.119551 -0.0211333 0.0272603 -0.0324618 -0.018743 -0.0219152 0.00464753 -0.00700839 -0.0128236 0.0208943 -0.0257026 -0.0358977 -0.017563 -0.0455076 -0.00803631 -0.0764131 0.0160742 0.0191794 0.0154858 0.0010692 0.0363479 0.0179792 0.0727151 0.0656706
internal_weight=758.184 755.167 209.894 69.8365 59.1769 8.7003 5.43726 50.4766 9.57475 40.9018 6.96519 36.9684 140.058 69.3334 33.6111 9.28986 24.3213 21.3717 14.7134 12.1341 7.926 6.65834 70.7244 67.2636 64.2397 37.9881 26.2515 17.4418 8.8097 9.06461
internal_count=7100 4986 1661 563 476 67 42 409 85 324 62 306 1098 583 271 79 192 169 119 98 60 50 515 485 458 279 179 121 58 74
is_linear=0
shrinkage=0.1


Tree=49
num_leaves=31
num_cat=0
split_feature=1 1 4 1 1 1 3 4 4 4 4 4 3 3 3 4 1 1 0 4 3 4 3 3 3 3 3 3 0 3
split_gain=2.73071 0.4546 2.04607 0.643495 1.85752 1.7774 1.30898 1.54847 2.49302 2.48796 2.3671 1.48048 1.31524 0.915099 1.08134 0.701288 1.74648 1.73225 3.0148 2.70519 2.34326 3.45556 5.32739 3.05142 2.89527 1.64216 7.5908 4.20663 3.39023 2.07032
threshold=0.080455572200000006 2.5325389175500006 17.507327042073005 1.2576393802500003 1.1364651641000003 1.3229886790500003 1.7488181334390001 39.397888971587513 13.872772277463502 22.952295753400005 8.8034365300865023 25.604251850392004 2.1114367761680004 1.8935749537670004 2.3852490974610006 19.145690083193003 1.0655065600500002 0.67228918965000017 17.815000000000001 20.244659148508003 1.3678969272915003 20.985308915774503 1.9474991501410002 1.6970675425730002 1.1320925405765003 1.6490202708535002 1.8345582496220001 1.5431838507160003 19.175000000000004 1.8615590187205002
decision_type=2 2 2 2 2 2 2 2 2 2 2 2 2 2 2 2 2 2 2 2 2 2 2 2 2 2 2 2 2 2
left_child=-1 3 -3 4 15 -5 11 8 10 -10 -8 -7 -11 -6 -15 16 -2 19 20 -17 24 -22 23 -23 -19 27 -27 -21 -29 -28
right_child=1 2 -4 5 13 6 7 -9 9 12 -12 -13 -14 14 -16 17 -18 18 -20 25 21 22 -24 -25 -26 26 29 28 -30 -31
leaf_value=-0.10012949726526255 0.0017241309361395599 -0.094449217299633681 0.018394226000453925 0.066088686899390459 -0.009698333597910079 0.015329811384103456 -0.0062924409711887785 0.066413455282711795 -0.11323851507549042 -0.050270438732986859 0.098681728191392495 -0.067343801183681634 0.078142967594331633 -0.12167075868071034 -0.026883339838297063 -0.03997934609783893 0.069200604087749626 0.00044195641796291869 -0.088897395010655411 0.0036932275584938795 0.13482080292994525 0.0038091240217509336 -0.061888096209194103 0.14074879485643185 -0.1247950138146023 -0.083905919914528518 0.10298682374794987 0.16447523849294587 0.035559070582840323 0.0034906623747310282
leaf_weight=2.7292628417490041 497.14691773138475 2.6399135738611212 4.1060212254524231 5.4469174183905116 3.7789347469806653 4.0756814703345317 5.3838594034314173 4.9449632242321959 2.9543621875345698 1.5907094404101374 3.5741114094853401 4.6229684315621853 1.5997069068253038 2.4673621207475662 2.3496853113174438 16.042356697842479 3.8656482845544806 3.9885070174932542 6.2089813239872447 97.22542729601264 1.9578231945633913 4.0634230561554414 7.9891312792897224 2.714065358042717 3.4364075437188148 11.312115744221954 2.2178061567246905 2.8196166083216649 7.3770326059311628 36.674497810192406
leaf_count=2113 2961 21 33 35 26 22 33 31 31 17 27 32 23 23 28 127 24 22 56 581 16 35 98 27 24 164 18 23 56 373
internal_value=-0.000283357 7.77817e-05 -0.0257652 0.000310904 -0.000331198 0.013712 0.00378753 0.0178438 0.001941 -0.0471144 0.0355909 -0.0286078 0.0141173 -0.046536 -0.0754348 0.00023214 0.00224476 -0.00471008 -0.0267486 -0.00085761 -0.0107697 0.00998555 -0.00656566 0.058647 -0.0575204 0.00312398 -0.0118063 0.0101018 0.0712075 0.00916436
internal_weight=757.304 754.575 6.74593 747.829 713.636 34.1933 28.7464 20.0477 15.1027 6.14478 8.95797 8.69865 3.19042 8.59598 4.81705 705.04 501.013 204.027 30.3583 173.669 24.1494 16.7244 14.7666 6.77749 7.42491 157.626 50.2044 107.422 10.1966 38.8923
internal_count=7100 4987 54 4933 4682 251 216 162 131 71 60 54 40 77 51 4605 2985 1620 278 1342 222 176 160 62 46 1215 555 660 79 391
is_linear=0
shrinkage=0.1


Tree=50
num_leaves=31
num_cat=0
split_feature=1 3 3 0 0 0 1 3 3 4 4 4 4 4 0 3 3 3 1 4 4 1 1 0 1 0 0 3 3 0
split_gain=2.46952 0.430283 1.80134 1.96964 3.0315 3.16008 2.74564 1.88637 1.69147 1.79583 2.7672 2.70073 2.44833 1.57448 2.84215 2.15575 1.47758 3.29318 1.48476 1.45757 1.8319 3.8786 1.85196 2.30679 3.13897 1.4077 4.90046 5.25905 4.00384 2.43929
threshold=0.080455572200000006 2.6174722250135005 2.4181012957445005 16.675000000000004 17.675000000000004 18.235000000000003 0.93230095245000011 2.4458866367500005 2.1536728395620002 8.2454191482415009 7.8034801437690016 8.9142264000450009 9.5593509306870015 12.886441963223502 21.085000000000004 2.2494137346950001 2.1876295114465005 2.2179250110670004 0.22885274600000002 3.0432319562850005 7.8924548656910014 0.20967957510000004 0.15050680200000002 20.255000000000006 0.46671876700000009 20.895000000000003 21.145000000000003 2.2735790076400004 2.3293993512645002 19.915000000000003
decision_type=2 2 2 2 2 2 2 2 2 2 2 2 2 2 2 2 2 2 2 2 2 2 2 2 2 2 2 2 2 2
left_child=-1 2 8 -4 6 -6 -5 -7 -2 10 25 -11 -13 15 16 -14 -15 -18 -19 -9 21 -21 -22 24 -24 28 -27 -28 -10 -30
right_child=1 -3 3 4 5 7 -8 19 9 11 -12 12 13 14 -16 -17 17 18 -20 20 22 -23 23 -25 -26 26 27 -29 29 -31
leaf_value=-0.10011716501303716 0.0014218968437676202 -0.0081904661472157973 -0.049863344464610625 0.1643893015694283 -0.075535650680272834 -0.029776375511047976 0.026809997931829633 0.089579671936371161 -0.036687431191834693 -0.11865521220001951 0.08968381500761087 0.062303399389722139 -0.0091226325726719414 -0.084915118764386496 0.089729743723355154 -0.10177574614212803 0.053954249641723184 -0.11728208953879751 -0.025954331912911771 0.048971851508754487 -0.029789010450693633 -0.083898492205437783 -0.0014286393884789987 0.10838458308880719 0.12745576784992302 0.14490299477290972 0.090805027886443207 -0.082556794134052119 0.071655524850421801 -0.038537798026633277
leaf_weight=2.4698280054144552 550.68655176833272 58.581361653283238 3.85223439708352 2.7600062936544409 3.5279087200760832 5.6547437364934003 3.0574584789574146 3.9710765834897783 24.95169847458601 3.0151396170258513 3.2427335307002059 3.2787705156952134 4.446348491124807 3.5771664939820829 2.3444764688611022 5.7698433715850115 5.2469535097479847 1.9951151199638868 16.519270729273558 4.7232174300588685 3.0065062921494272 4.10749252140522 8.1415072567760962 5.4818120300769797 2.4608424790203562 2.6080216094851476 2.8762112678959966 4.4682969255372882 6.8084898814558965 2.8496833369135857
leaf_count=2113 3373 488 36 22 31 39 30 19 168 26 24 28 37 39 25 48 48 18 156 31 22 26 64 34 25 13 25 32 43 17
internal_value=-0.000286798 4.02052e-05 0.000733538 0.0188741 0.0245208 0.0149521 0.0920824 0.0234543 -0.000694349 -0.0130923 0.00049469 -0.0271535 -0.0207639 -0.0275901 -0.015936 -0.0614507 -0.0249976 -0.0159773 -0.0357958 0.0328924 0.0248302 -0.0128311 0.042251 0.055717 0.0284859 -0.00599546 0.0271485 -0.0146659 -0.0155264 0.0391425
internal_weight=756.481 754.011 695.43 50.7448 46.8926 41.0751 5.81746 37.5472 644.685 93.9982 47.8051 46.1931 43.1779 39.8992 29.683 10.2162 27.3385 23.7613 18.5144 31.8925 27.9214 8.83071 19.0907 16.0842 10.6023 44.5624 9.95253 7.34451 34.6099 9.65817
internal_count=7100 4987 4499 379 343 291 52 260 4120 747 322 425 399 371 286 85 261 222 174 221 202 57 145 123 89 298 70 57 228 60
is_linear=0
shrinkage=0.1


Tree=51
num_leaves=31
num_cat=0
split_feature=1 0 1 3 3 3 3 3 4 4 1 4 1 4 4 0 4 4 4 3 3 0 3 3 1 0 4 3 3 0
split_gain=2.23364 0.432721 0.952391 0.986477 1.81645 1.33394 2.78759 1.37743 1.06519 0.69017 0.604795 2.0936 1.84015 3.62177 2.53789 1.62832 1.84519 4.07917 1.36328 0.688402 2.82336 2.82642 1.95548 1.9233 2.55588 6.08597 4.34189 1.88439 1.79371 2.59421
threshold=0.080455572200000006 22.005000000000006 0.083860245200000016 1.1393672292635002 1.37315115852 1.5431838507160003 1.6021815994500004 2.5106141041725003 6.4049397796545007 10.176786391451001 0.13981576005000004 1.8590679096615002 0.14640507385000004 16.463027537856004 8.2454191482415009 21.505000000000006 12.189686640862503 5.8533350908610009 18.753137826057504 2.1114367761680004 2.3126556205695006 16.115000000000006 2.2807882456185005 2.0308405802395004 0.26518937995000008 18.785000000000004 8.1819755192170014 2.3203953990300001 2.2057182397870005 20.575000000000003
decision_type=2 2 2 2 2 2 2 2 2 2 2 2 2 2 2 2 2 2 2 2 2 2 2 2 2 2 2 2 2 2
left_child=-1 10 -3 -4 8 -6 -7 9 -5 -8 11 -2 13 14 -12 16 17 -13 -18 23 21 -21 28 -14 -25 -26 -27 -22 -23 -30
right_child=1 2 3 4 5 6 7 -9 -10 -11 12 15 19 -15 -16 -17 18 -19 -20 20 27 22 -24 24 25 26 -28 -29 29 -31
leaf_value=-0.1001059980290596 0.1274109055963297 0.078633839808765524 -0.070716562263143642 0.090721605789416709 -0.11952307843606619 0.17599952259555007 -0.11455714087762561 0.04027666128868948 -0.0069940088236197951 -0.013701062371061674 -0.050891081374394381 0.081762774546457861 0.00074213001870028863 -0.12275527297575398 0.052757238539459662 -0.0022236556926977227 0.10782121681985563 -0.04106629928060504 0.029374712863322897 0.050919352987111283 0.086376890804969297 -0.034438529439997409 -0.070839735624094499 -0.020114163338806206 -0.0060014326836638609 0.031526953108084892 0.18196170630817493 0.0026212618926710215 -0.013060763141460022 0.07402293958798016
leaf_weight=2.2350293623749158 1.4555393457412709 0.98502631695009668 3.3343800175935021 2.1790930647402984 1.6553216762840746 0.65724151954054821 2.0698551069945101 1.3301633335649965 2.285780874080956 1.0093798050656912 5.3829776495695096 4.2839537300169486 424.30523991771042 3.6232752986252299 4.2099477648735046 57.831527594476938 4.0260607749223691 7.330016240477562 4.9256487041711807 5.1932835616171351 2.7477438412606707 34.160753395408392 8.3856780156493169 7.0780573189258602 8.6449562236666697 3.4218939542770377 4.3672022819519043 119.9749983176589 22.334832400083545 4.0395305156707755
leaf_count=2113 12 20 54 19 26 12 78 28 33 39 26 21 2500 33 20 292 18 35 28 44 20 271 72 39 58 19 27 936 183 24
internal_value=-0.000285091 1.11038e-05 -0.0165212 -0.0229759 -0.00874623 -0.0415871 -0.0161246 -0.0447616 0.0406963 -0.0814963 0.000358598 0.00857691 -0.000638946 -0.0375763 -0.00540402 0.00637061 0.030538 0.00424069 0.0646563 0.000118315 -0.00481064 -0.0202221 -0.0255827 0.00228482 0.0301247 0.0517622 0.115873 0.00449654 -0.0193134 0.000277086
internal_weight=755.464 753.229 15.5062 14.5212 11.1868 6.72196 5.06664 4.4094 4.46487 3.07923 737.723 79.8527 657.87 13.2162 9.59293 78.3972 20.5657 11.614 8.95171 644.654 196.837 74.1141 68.9208 447.817 23.5121 16.4341 7.7891 122.723 60.5351 26.3744
internal_count=7100 4987 309 289 235 183 157 145 52 117 4678 406 4272 79 46 394 102 56 46 4193 1550 594 550 2643 143 104 46 956 478 207
is_linear=0
shrinkage=0.1


Tree=52
num_leaves=31
num_cat=0
split_feature=0 3 3 4 1 4 4 1 3 3 1 3 0 0 4 1 0 3 3 0 3 3 4 0 1 1 4 3 4 4
split_gain=1.49894 2.34322 7.21402 1.0537 0.841348 0.435582 1.11779 2.7129 2.02296 1.34199 2.9504 1.00806 1.37374 4.35087 1.76196 3.64781 2.60494 4.29941 4.86921 4.16185 3.93259 5.40829 2.01525 2.20689 3.02977 2.38198 1.87072 3.98557 1.64847 2.7456
threshold=22.465000000000003 0.87938481153400005 0.86918503322100016 26.441213263939002 0.083860245200000016 6.5478299648655005 6.9251485932985011 0.21555402060000003 2.0084882645355004 0.7841024627130001 0.33231973120000008 1.0117408623125004 20.705000000000002 20.735000000000003 7.4745972829275003 0.24185558900000001 20.295000000000005 2.3648014685015002 1.5955078497135002 20.595000000000002 1.2497869916300002 1.3187340391460001 7.9850543575055015 20.255000000000006 0.24074436350000003 0.24863148730000004 7.2164334449640011 1.9563022026870003 8.4251072065195007 8.8034365300865023
decision_type=2 2 2 2 2 2 2 2 2 2 2 2 2 2 2 2 2 2 2 2 2 2 2 2 2 2 2 2 2 2
left_child=5 2 -2 -3 -5 -1 7 -7 -9 10 -8 -11 14 -14 15 -13 22 18 20 -19 -18 -22 -16 24 -24 -26 27 -17 -27 -30
right_child=1 3 -4 4 -6 6 9 8 -10 11 -12 12 13 -15 16 26 17 19 -20 -21 21 -23 23 -25 25 28 -28 -29 29 -31
leaf_value=0.0042317143721587206 -0.10648759814349124 -0.10195878875353022 0.92066103189268689 0.15633591302320382 -0.10799452695505839 -0.073556715385382943 0.10001294564350845 0.043223647197741938 -0.047280858107833362 -0.015252615751182278 -0.015017171507868729 0.13509631858442003 0.14237034042843541 0.0070756498956356106 -0.046782958178523737 0.045579838434678284 -0.068143602444890858 0.1030864064909449 -0.097310588658225436 -0.052442686489934602 0.10810773788468556 -0.029950561896222416 -0.098582504162158899 0.075798932830433777 0.062265293103447028 0.042352473764400538 0.056945934381295721 -0.097764087119128637 -0.06533936332164926 -0.00073826603933817671
leaf_weight=187.47996942186728 0.23192205466329952 3.3591375609394167 0.096965202130377293 0.30770836491137732 0.1978328675031662 7.1512631736695793 4.1229748353362066 6.1166361272335035 4.1422189623117447 46.485120574943721 4.8558767437934875 2.7414818853139868 2.4318115897476664 105.30242606205866 9.3949858844280225 4.0845913887023908 8.3797374293208176 4.3353440575301638 11.207903664559124 2.8526393994688988 4.4882102683186513 7.7149825505912304 3.1312545835971823 3.8161583952605715 6.0779829099774352 8.5426579788327199 4.7902776822447777 3.6937912404537201 6.7316558584570876 290.06062634289265
leaf_count=1049 83 2019 7 63 3 45 21 26 32 241 21 13 15 683 63 19 40 29 88 21 21 50 22 25 39 54 32 27 42 2207
internal_value=-0.000276125 -0.0598959 0.196345 -0.0817022 0.0528958 5.71752e-05 -0.00133381 -0.0262771 0.00668063 -0.000537348 0.0378032 -0.0011793 0.000156408 0.0101296 -0.00265596 0.0305814 -0.00404353 -0.0284825 -0.0442747 0.0413628 -0.0153954 0.0208259 -0.00113708 0.00020995 -0.000707121 0.000277015 0.00778458 -0.0224912 -0.000956921 -0.00220351
internal_weight=754.326 4.19357 0.328887 3.86468 0.505541 750.133 562.653 17.4101 10.2589 545.242 8.97885 536.264 489.779 107.734 382.044 15.3101 366.734 38.9788 31.7908 7.18798 20.5829 12.2032 327.755 318.36 314.544 311.413 12.5687 7.77838 305.335 296.792
internal_count=7100 2175 90 2085 66 4925 3876 103 58 3773 42 3731 3490 698 2792 91 2701 249 199 50 111 71 2452 2389 2364 2342 78 46 2303 2249
is_linear=0
shrinkage=0.1


Tree=53
num_leaves=31
num_cat=0
split_feature=0 3 3 4 1 4 4 4 0 1 4 4 1 1 4 3 1 4 0 0 0 1 3 3 1 1 1 1 4 4
split_gain=1.35843 1.6804 2.63327 0.960193 0.677432 0.406846 1.42741 1.77881 2.01839 1.79704 0.967711 1.15927 1.68149 0.997055 5.79605 0.991269 1.13075 1.07039 1.56865 1.67607 2.16496 1.31669 1.25412 3.59209 3.0959 1.83549 3.05389 2.41762 1.40651 1.74478
threshold=22.465000000000003 0.87938481153400005 0.86918503322100016 26.441213263939002 0.083860245200000016 28.032890011635505 29.473350025835003 30.187614679171503 21.205000000000002 0.17520888585000002 32.485928466519006 31.549437265305006 0.38508457955000003 0.30168667455000003 34.423374790276505 1.1393672292635002 0.66306503615000012 38.142381583201505 15.805000000000001 17.095000000000002 18.395000000000003 0.45452327565000006 1.6970675425730002 1.8547877875215002 0.80455572205000014 0.63322219360000009 0.53156469410000018 1.3981576005000003 38.720161460708503 48.48484628485501
decision_type=2 2 2 2 2 2 2 2 2 2 2 2 2 2 2 2 2 2 2 2 2 2 2 2 2 2 2 2 2 2
left_child=5 2 -2 -3 -5 -1 -7 -8 9 -9 11 12 -11 14 -12 16 -15 18 -17 -20 -21 -22 28 24 -24 26 -25 -27 -19 -30
right_child=1 3 -4 4 -6 6 7 8 -10 10 13 -13 -14 15 -16 17 -18 22 19 20 21 -23 23 25 -26 27 -28 -29 29 -31
leaf_value=0.00097509412614506838 -0.10589044031026609 -0.1017800784674652 0.40982887587016353 0.13527626437757054 -0.10717990836445473 -0.040512968986967927 0.044775120487949849 0.072863453790450602 -0.084726992898241538 -0.061951896714463078 0.10114670656012925 -0.074159220546757054 0.036501641235600873 0.070501198570860069 -0.071650563777678256 -0.11728191663700285 -0.0051928638830093625 0.051754962947457753 0.067455834928253036 -0.089849833439285487 -0.030563296422367194 0.056940599715052866 0.017587594449390041 -0.025809114078279613 0.16370778773118039 -0.076895624755001654 0.11777962684403925 0.023919831138770064 -0.062013168775967589 0.01285248714343968
leaf_weight=643.79680913500488 0.21097494661807958 3.044539012073074 0.18655494228005409 0.31936320289969433 0.18029753118753433 10.608893033117054 7.5371504798531523 3.0162681415677062 3.1286553693935266 3.163134563714264 2.5639252327382547 4.2501850165426731 3.8414531871676445 4.3906221240758887 7.9915411472320557 1.6100662052631367 3.5848674327135086 2.672551028430461 2.1768099404871455 3.7847767174243909 4.4181829392910004 2.8153961487114429 2.9026430696249035 3.1398732401430598 2.8973474353551865 4.9937943704426271 2.8038985058665276 4.542256660759449 6.8789078518748266 5.686195120215416
leaf_count=4039 83 2019 7 63 3 97 50 19 45 27 13 44 39 21 79 16 21 16 24 41 47 28 26 26 16 48 17 29 56 41
internal_value=-0.000275852 -0.058827 0.136129 -0.0806939 0.0477884 3.22022e-05 -0.00572714 -0.00183393 -0.00586013 -0.00292701 -0.00574552 -0.0329579 -0.00795805 -0.00136108 -0.0296781 0.00367953 0.0364778 -0.00141729 -0.0240981 -0.0127279 -0.0285692 0.00349427 0.00777818 0.0234599 0.090581 -0.00168905 0.041927 -0.0288747 -0.0141218 -0.0281336
internal_weight=753.138 3.94173 0.39753 3.5442 0.499661 749.196 105.399 94.7905 87.2534 84.1247 81.1084 11.2548 7.00459 69.8537 10.5555 59.2982 7.97549 51.3227 14.8052 13.1952 11.0184 7.23358 36.5175 21.2798 5.79999 15.4798 5.94377 9.53605 15.2377 12.5651
internal_count=7100 2175 90 2085 66 4925 886 789 739 694 675 110 66 565 92 473 42 431 156 140 116 75 275 162 42 120 43 77 113 97
is_linear=0
shrinkage=0.1


Tree=54
num_leaves=31
num_cat=0
split_feature=1 4 4 4 4 4 1 0 4 3 0 4 4 4 4 0 3 4 3 4 3 3 3 1 4 3 0 4 3 0
split_gain=1.20476 1.44936 1.58674 0.497494 0.59921 0.395456 2.36754 5.13258 0.732506 4.09833 3.09943 1.03931 1.82441 1.72113 1.58435 1.03538 2.59624 0.966998 2.55506 1.21781 1.77501 2.57679 3.25236 1.32485 0.796802 4.06808 2.8319 1.49664 0.792524 1.76767
threshold=0.084637989400000016 17.336409698829005 17.507327042073005 26.441213263939002 26.659016121115005 54.562109776062009 0.59368507065000009 17.095000000000002 46.613427510235006 1.8406180853655003 18.485000000000003 40.192409113974009 41.934006154810511 43.425992620898008 38.142381583201505 18.145000000000003 1.6429154162795003 30.603808863945002 1.3558049270395003 32.485928466519006 2.0991876050370002 1.6254877300670001 1.5055953526415002 0.57485210755000005 29.473350025835003 1.2042857910045002 19.285000000000004 28.032890011635505 1.6254877300670001 20.335000000000004
decision_type=2 2 2 2 2 2 2 2 2 2 2 2 2 2 2 2 2 2 2 2 2 2 2 2 2 2 2 2 2 2
left_child=1 -1 -3 -4 -5 8 -7 -8 11 10 -10 14 -13 -14 17 -16 -17 24 -19 -20 21 22 -21 -22 27 -26 -27 -2 29 -29
right_child=5 2 3 4 -6 6 7 -9 9 -11 -12 12 13 -15 15 16 -18 18 19 20 23 -23 -24 -25 25 26 -28 28 -30 -31
leaf_value=-0.10121755304737411 0.00087623680613779743 0.25281766034025249 -0.1051553508132031 0.12363444497693976 -0.10313629590799236 -0.07619829461726646 -0.056771942887405558 0.12062520525030268 -0.094353198780149861 0.09676985052101883 0.042342985831779478 -0.075165642249876929 0.053534066827711883 -0.032488024630501565 0.076444112640910486 0.057391107179336702 -0.071385534867003483 0.012054094468403484 -0.08751530207400765 -0.08089067272270252 0.085127025661033237 -0.10852162593180921 0.075896895492790439 -0.026085777980199509 -0.062368753719035663 0.0044535658103304768 0.13254844325587531 -0.11838452807116498 -0.0068001873320132633 -0.0069625505184407761
leaf_weight=2.4700680900132279 644.03772067651153 0.25739649473689474 0.43883688875939697 0.31823699781671166 0.18382958736037835 4.3492791727185232 3.8375314101576805 2.836457259953022 3.2767182737588865 4.7161828726530075 3.3591322712600231 5.0405271761119357 3.6358807235956174 6.455645676702261 4.270772419869898 4.6437205746769905 2.3618122823536396 16.635522335767746 4.4592269379645613 2.7168704569339734 2.0122164841741315 4.33320795558393 2.5789100676774979 2.2904598172754049 3.3357130661606771 3.2702570073306561 3.6546586602926254 2.8376011513173562 4.6393713541328907 2.8578216582536697
leaf_count=1927 4040 6 170 5 66 36 23 21 25 32 23 54 25 53 26 28 26 95 71 26 26 75 24 28 18 30 24 25 54 18
internal_value=-0.000269268 -0.0574371 0.032808 -0.0273785 0.0406033 1.09301e-05 -0.0187897 0.0186222 0.000291969 0.0254977 -0.0251563 -0.000102121 -0.0260349 -0.00149509 0.000449851 0.0376351 0.013976 -0.000149457 -0.0163438 -0.0420311 -0.0274726 -0.051333 -0.00453913 0.0259247 0.000703989 0.0283549 0.0720563 0.00027042 -0.0374825 -0.0624757
internal_weight=752.112 3.66837 1.1983 0.940903 0.502067 748.443 11.0233 6.67399 737.42 11.352 6.63585 726.068 15.1321 10.0915 710.936 11.2763 7.00553 699.66 35.0264 18.3909 13.9317 9.62899 5.29578 4.30268 664.633 10.2606 6.92492 654.373 10.3348 5.69542
internal_count=7100 2174 247 241 71 4926 80 44 4846 80 48 4766 132 78 4634 80 54 4554 345 250 179 125 50 54 4209 72 54 4137 97 43
is_linear=0
shrinkage=0.1


Tree=55
num_leaves=31
num_cat=0
split_feature=1 4 4 4 0 3 3 4 4 0 4 3 4 0 1 3 4 0 3 3 4 3 1 0 3 0 3 4 4 3
split_gain=1.06927 1.31445 1.13187 0.442506 0.504479 0.387446 1.43996 1.46366 2.491 2.40544 2.10554 2.27274 1.65033 2.35747 1.63832 5.2124 2.94311 1.60666 3.67443 3.32725 2.83867 1.31882 1.67172 1.72725 6.24056 2.60561 1.52477 1.37768 3.22357 1.46525
threshold=0.084637989400000016 17.336409698829005 17.507327042073005 26.441213263939002 22.505000000000006 2.6174722250135005 2.6299947006465003 13.414668312172003 10.176786391451001 19.895000000000003 21.965982497054505 2.6974348278020002 26.659016121115005 18.105000000000004 0.58017114855000018 2.8279768532560001 17.507327042073005 19.955000000000002 2.8083144312000008 2.7837177864175007 6.0343770234675009 2.4181012957445005 1.4573240360500002 17.675000000000004 2.5106141041725003 18.235000000000003 2.4458866367500005 3.8332603017930005 6.0761450812490008 2.5255478824850006
decision_type=2 2 2 2 2 2 2 2 2 2 2 2 2 2 2 2 2 2 2 2 2 2 2 2 2 2 2 2 2 2
left_child=1 -1 -3 -4 -5 21 -7 8 17 -10 14 -12 -13 -14 16 -16 -9 18 20 -19 -8 -2 23 24 -23 -25 -27 -28 -29 -30
right_child=5 2 3 4 -6 6 7 10 9 -11 11 12 13 -15 15 -17 -18 19 -20 -21 -22 22 -24 25 -26 26 27 28 29 -31
leaf_value=-0.10110485592329282 -0.00058686201046342077 0.20142071772900311 -0.10466621938634726 -0.10667950743851583 0.10877875319481689 -0.08367149098587115 0.030311159784718822 -0.060614183781944136 -0.11527192451440288 0.010518049011682122 -0.10640940278413864 -0.054071060184559976 -0.019851781969626038 0.098552505140209593 0.18580310723607427 -0.0024024491668057108 0.064402654789218763 0.016106687370304747 0.093627855487238912 -0.098565381782485306 -0.088987962890836922 0.20051951736819518 -0.0591997023682461 -0.071650189111487378 0.00061697704221682975 -0.028067408140664565 0.071435557696326951 -0.067663321629450379 0.058718017973450914 0.0076270942039722081
leaf_weight=2.2373747337842356 638.48985441029072 0.288778470829129 0.39883714698953554 0.162726990878582 0.32714333321200684 2.4010083656758061 4.7656234130263382 3.3746681325137633 4.5121350139379492 2.2926236726343632 2.3141722399741402 3.3575902879238111 3.8757216818630695 2.9702669866383076 2.5928927958011627 3.4026409760117531 4.2604180201888084 5.8795935343950969 4.4050706066191188 4.4418400675058365 3.430116668343544 2.321289535611867 2.7867405377328387 3.3698995448648921 4.772160928696394 5.5967317358590654 6.0618583234027019 3.7220653137192157 11.07223101006821 11.385657481849192
leaf_count=1927 4065 6 170 3 68 25 30 28 45 18 46 33 32 18 21 28 31 36 37 29 28 18 27 31 43 38 29 24 75 91
internal_value=-0.000266433 -0.0560965 0.0294252 -0.0264633 0.037207 -1.15015e-05 -0.00784115 -0.00458267 -0.0197622 -0.0728914 0.0126743 -0.0169368 0.00335557 0.0315202 0.0398678 0.0789909 0.00914587 -0.00399006 0.0199709 -0.0332426 -0.0196184 0.000650184 0.0161104 0.0204554 0.0660339 0.0126097 0.0201138 0.0284774 0.0185307 0.032816
internal_weight=751.27 3.41486 1.17749 0.888707 0.48987 747.855 58.2764 55.8754 29.727 6.80476 26.1484 12.5178 10.2036 6.84599 13.6306 5.99553 7.63509 22.9222 12.6008 10.3214 8.19574 689.578 51.0886 48.3019 7.09345 41.2084 37.8385 32.2418 26.18 22.4579
internal_count=7100 2174 247 241 71 4926 485 460 223 63 237 129 83 50 108 49 59 160 95 65 58 4441 376 349 61 288 257 219 190 166
is_linear=0
shrinkage=0.1


Tree=56
num_leaves=31
num_cat=0
split_feature=1 4 0 0 3 1 1 3 3 1 4 4 3 3 4 3 4 4 3 0 3 4 3 0 0 0 0 1 3 3
split_gain=0.94686 1.19653 0.864221 0.887247 0.359846 1.92239 1.78793 2.48068 2.52297 2.48459 5.08845 4.2025 1.50632 1.38784 1.26601 1.18845 1.82889 2.97431 2.87306 2.71116 2.24792 1.57152 1.39629 1.58291 4.61106 2.37186 3.07988 0.990945 0.982543 3.63635
threshold=0.084637989400000016 17.336409698829005 22.505000000000006 22.585000000000004 2.1417294064850005 2.3364666249500003 1.9478527727500003 2.3126556205695006 2.2807882456185005 0.16774708740000002 7.0627477611885014 3.1108815323000005 2.2895600681015007 2.3203953990300001 7.3974591310110007 2.2057182397870005 16.463027537856004 24.690237103710004 2.2413827062465006 18.575000000000003 2.2611577391305002 7.2993572659785011 2.1536728395620002 20.505000000000006 19.955000000000002 18.915000000000003 18.395000000000003 0.87812456795000016 1.8406180853655003 1.7913816334265003
decision_type=2 2 2 2 2 2 2 2 2 2 2 2 2 2 2 2 2 2 2 2 2 2 2 2 2 2 2 2 2 2
left_child=1 -1 -3 -4 28 6 7 8 9 10 -6 -11 -10 -9 -14 22 18 -18 21 -19 -20 -17 -13 24 25 26 27 -24 29 -2
right_child=4 2 3 -5 5 -7 -8 13 12 11 -12 15 14 -15 -16 16 17 19 20 -21 -22 -23 23 -25 -26 -27 -28 -29 -30 -31
leaf_value=-0.10100231513635079 0.0010618143173197392 -0.10568993626142219 0.14302339989134832 -0.10010347136072051 0.12101339343215052 -0.081478223302905897 0.069085749524359252 0.072375883813592543 -0.13126474299448077 -0.12457360047976306 -0.039159268783544324 0.020282360545061745 -0.088940576082654904 0.0025015028442429109 -0.0010267859921640882 0.026010584320009897 -0.11214258041654286 -0.069078747652624256 -0.059972718588311491 0.087579646692134805 0.043391825434766641 0.11927591284275903 -0.11083963054076713 -0.11737192051782364 0.099815558518361797 -0.11723448580541107 0.084712888646711615 -0.014664219591495465 0.0090870257042392887 -0.043105886393328866
leaf_weight=2.0264112127479161 396.10941343382001 0.34611401893198468 0.60942402482032776 0.19914920820156112 3.9218859486281863 3.1204403527081004 3.4406405538320533 2.9043758790940037 2.6862156614661199 3.5833375304937354 4.0127196754328907 4.2764308005571392 3.0935763707384467 133.44739190675318 3.4814199842512608 3.9349575415253666 3.1142611652612677 2.0510276816785336 4.9997472539544088 2.3943193070590496 3.6326234638690948 3.3403186425566673 2.331679627299307 2.4863383993506423 2.2465638741850844 4.1099950931966305 1.9528795480728147 1.9819721803069112 125.24935643002391 19.560941411182284
leaf_count=1927 2378 8 4 235 30 34 30 21 22 17 28 37 26 1032 35 26 34 21 39 22 27 26 28 21 17 38 17 20 756 144
internal_value=-0.000264688 -0.0547065 0.0265402 0.083142 -3.29918e-05 -0.00358376 -0.00238889 -0.00361858 -0.019922 -0.011704 0.0400103 -0.0205404 -0.0681687 0.00398987 -0.0423908 -0.0118413 0.00329471 -0.0372017 0.0225393 0.0152994 -0.0164755 0.0688318 -0.0301639 -0.0444418 -0.0300769 -0.0581992 -0.0194801 -0.0666504 0.00132283 -0.00101666
internal_weight=750.646 3.1811 1.15469 0.808573 747.465 206.545 203.425 199.984 63.6323 54.3711 7.93461 46.4365 9.26121 136.352 6.575 42.8531 23.4673 7.55961 15.9076 4.44535 8.63237 7.27528 19.3859 15.1094 12.6231 10.3765 6.26653 4.31365 540.92 415.67
internal_count=7100 2174 247 239 4926 1648 1614 1584 531 448 58 390 83 1053 61 373 195 77 118 43 66 52 178 141 120 103 65 48 3278 2522
is_linear=0
shrinkage=0.1


Tree=57
num_leaves=31
num_cat=0
split_feature=0 4 4 0 3 3 4 3 3 0 3 3 0 4 4 4 4 4 4 4 1 0 4 4 3 3 0 4 1 1
split_gain=0.750824 1.03336 2.46016 1.16736 0.870531 2.86406 3.49247 0.904268 2.53163 0.965743 0.720892 1.37541 1.42304 0.724093 2.48514 0.923319 2.1631 0.485356 1.90627 3.35243 2.11042 3.12322 2.0678 3.0011 3.07084 1.8952 1.42875 1.20088 1.89065 5.91033
threshold=22.005000000000006 25.834092352474503 26.659016121115005 22.095000000000002 2.5106141041725003 2.5605859765880004 2.6274761420165005 1.8068317781240002 1.7988507655635002 22.095000000000002 0.86918503322100016 0.87938481153400005 22.195000000000004 20.657276586388004 20.848754123393004 2.0952952542685002 2.0092280682095005 10.089548089251503 9.4719184210665031 9.3785361397275011 0.64203119175000012 19.775000000000002 8.8034365300865023 8.4251072065195007 1.7488181334390001 1.9877508683860003 19.595000000000002 11.489173592026001 0.15615508385000001 0.19658760325000005
decision_type=2 2 2 2 2 2 2 2 2 2 2 2 2 2 2 2 2 2 2 2 2 2 2 2 2 2 2 2 2 2
left_child=17 4 -3 -4 7 -6 -7 8 9 -2 -11 -12 -13 15 -15 16 -14 18 19 22 21 -20 23 -1 -25 -24 -27 28 -19 -30
right_child=1 2 3 -5 5 6 -8 -9 -10 10 11 12 13 14 -16 -17 -18 27 20 -21 -22 -23 25 24 -26 26 -28 -29 29 -31
leaf_value=0.002415444007236808 -0.097967702495501838 0.12992082787701342 0.10675990357132895 -0.10980954146474525 0.39237596627218485 0.34254219226711097 -0.10777149610266408 -0.104468206687587 0.30136687616407709 -0.125375918641595 0.21507571348292986 0.031910840362323181 -0.10940244680196867 0.31189185580438283 -0.10423858894054652 -0.10391832395026189 0.27242195141850517 -0.073171883829864823 -0.035080477455964217 -0.092224921518936659 0.093479821941017269 0.052976039057876727 0.060048545526695855 0.00075500796826885174 -0.095434814675805599 -0.037378496804021701 0.042946169315041957 -0.00029899621732606252 0.10917342365899207 -0.024566833369523811
leaf_weight=253.47652098350227 2.0662780702114105 1.3577698515728109 0.32462510466575611 1.0668710005702449 0.20035258447751303 0.21449268609285332 0.87404524628072977 1.9201468249084417 0.22594231367111284 0.61088611965533335 0.25671222154051054 2.9567524883896112 0.40757681243121702 0.21799704013392318 0.42002958757802844 2.7010144736850634 0.23329982906579971 5.4774049669504157 6.9626543521881166 3.7990456633269778 4.4456160366535178 9.5561633780598623 11.418993994593622 6.777424603700636 6.5039477273821831 4.9440054818987829 4.0108723491430283 382.67406300082803 3.71373327076435 29.976473398506641
leaf_count=1364 13 15 2 84 34 25 76 755 9 88 5 34 178 2 88 1009 5 28 41 21 27 45 52 32 47 41 24 2740 19 197
internal_value=-0.000262534 -0.0216553 0.0341571 -0.0592856 -0.0331876 0.044914 -0.0190387 -0.0415647 -0.0296017 -0.0371777 -0.0210828 -0.0122259 -0.0206379 -0.0596773 0.0379423 -0.0783146 0.029594 0.000205558 0.00319666 0.00109803 0.03232 0.0158604 0.00233279 -1.24746e-05 -0.0463496 0.0330397 -0.00140124 -0.00200596 -0.0186832 -0.0098244
internal_weight=749.792 16.0548 2.74927 1.3915 13.3055 1.28889 1.08854 12.0166 10.0965 9.87055 7.80427 7.19338 6.93667 3.97992 0.638027 3.34189 0.640877 733.737 311.895 290.931 20.9644 16.5188 287.132 266.758 13.2814 20.3739 8.95488 421.842 39.1676 33.6902
internal_count=7100 2422 101 86 2321 135 101 2186 1431 1422 1409 1321 1316 1282 90 1192 183 4678 1694 1581 113 86 1560 1443 79 117 65 2984 244 216
is_linear=0
shrinkage=0.1


Tree=58
num_leaves=31
num_cat=0
split_feature=1 4 3 4 3 3 3 4 4 0 4 3 4 4 3 4 0 4 4 3 3 4 3 3 4 4 3 4 1 1
split_gain=0.7801 0.994545 0.67248 0.636785 0.827898 0.360404 1.23592 1.21896 2.16517 2.81389 1.93862 3.70558 1.65437 3.50662 3.62565 1.61833 1.5008 1.29056 3.59915 1.18049 1.80515 1.5118 1.32278 1.11277 2.37225 2.99571 3.93861 2.4152 2.23478 1.48109
threshold=0.084637989400000016 17.336409698829005 1.4423373088600002 17.507327042073005 1.4384189407415002 2.6174722250135005 2.6299947006465003 13.414668312172003 10.176786391451001 20.095000000000002 14.719531518122002 2.6863147326505001 5.2860507316945009 6.3163546264935002 2.8279768532560001 3.2639735218310002 20.365000000000006 17.131307325111003 18.953983641650503 2.5922710842515007 2.5738845363860006 10.546354718483 2.4181012957445005 2.2494137346950001 9.5593509306870015 5.5348588206470009 2.3763879008035005 12.886441963223502 0.35773063045000003 0.38508457955000003
decision_type=2 2 2 2 2 2 2 2 2 2 2 2 2 2 2 2 2 2 2 2 2 2 2 2 2 2 2 2 2 2
left_child=1 -1 3 -3 -5 19 -7 8 12 -10 -9 -12 15 -14 16 -8 -15 -13 -19 20 22 -21 23 -2 25 26 29 -26 -29 -25
right_child=5 2 -4 4 -6 6 7 10 9 -11 11 17 13 14 -16 -17 -18 18 -20 21 -22 -23 -24 24 27 -27 -28 28 -30 -31
leaf_value=-0.10090500832828014 0.00075924637247308914 0.20260733067424735 -0.10453843143147104 -0.10402402149487151 0.15071752722111731 -0.079878274925167955 -0.0045005326148281821 0.09029600423979349 -0.11386213095533665 0.029248455382435003 -0.10859788244714673 -0.046695524398087156 0.10423656548091723 -0.092883399494864904 0.079692937511230952 -0.090358859455619417 0.00035776542501663117 0.13306630348760112 0.007175134580375846 -0.011189870197155517 -0.061746681093480665 0.09000124474896376 0.018099441318593496 -0.02581470016331985 -0.098778342647842354 0.035590610843179417 0.05585987760200728 0.031739169541104804 -0.048093281916968211 -0.095188437959719208
leaf_weight=1.6954877403331914 583.86190422810614 0.25091472943313398 0.30061983613995835 0.28888346999883652 0.22848208918003365 2.2752030100673428 5.8880574740469509 2.7574008125811842 4.4678581058979026 1.9840520732104776 2.6979715619236257 2.8382273893803385 3.5036314502358428 3.8910270705819112 3.0133532658219337 3.5004935022443533 3.1028659027069807 2.6669911295175579 15.293366666883228 2.666662208735942 4.6733564995229235 3.3078271001577377 40.68277935590595 7.6262652641162294 5.319479824043813 14.858677452430127 4.4022357175126663 5.3355234675109378 10.229126077145336 5.1594522520899773
leaf_count=1927 3643 2 92 148 5 25 28 20 48 15 47 25 25 32 25 29 21 16 129 17 47 31 281 49 48 112 24 53 102 34
internal_value=-0.00025611 -0.0532801 0.0222624 0.0718782 0.00847647 -5.96243e-05 -0.00763826 -0.00468242 -0.0186854 -0.0698536 0.0109726 0.00166374 -0.00426876 0.0181371 -0.0120072 -0.0365126 -0.0515166 0.0159668 0.0258691 0.000577842 0.000190219 0.0448355 0.000617472 -0.000499399 -0.0143831 0.00270692 -0.0257204 -0.0406077 -0.0207269 -0.0538093
internal_weight=748.768 2.76439 1.0689 0.76828 0.517366 746.004 57.8805 55.6053 29.3513 6.45191 26.254 23.4966 22.8994 13.5109 10.0072 9.38855 6.99389 20.7986 17.9604 688.123 682.149 5.97449 677.475 636.793 52.9308 32.0466 17.188 20.8841 15.5646 12.7857
internal_count=7100 2174 247 155 153 4926 485 460 223 63 237 217 160 103 78 57 53 170 145 4441 4393 48 4346 4065 422 219 107 203 155 83
is_linear=0
shrinkage=0.1


Tree=59
num_leaves=31
num_cat=0
split_feature=0 4 4 3 3 4 3 3 4 4 3 3 0 4 4 4 3 0 0 3 4 3 3 0 3 3 0 3 3 3
split_gain=0.621263 0.836908 1.98436 0.705063 3.3791 2.51965 0.849559 1.8749 0.862948 5.68635 1.34511 3.15382 1.17212 0.804093 0.720122 0.854297 1.13412 0.710661 0.552411 1.62746 0.42014 2.12449 1.81599 3.52659 2.02259 1.49234 1.98819 2.20973 2.75746 3.27086
threshold=22.005000000000006 25.834092352474503 28.781460484395506 2.5106141041725003 2.5386163268610002 2.6274761420165005 1.8068317781240002 1.7988507655635002 6.2371474761970012 6.0761450812490008 1.37315115852 1.2835574372695002 22.405000000000005 17.336409698829005 20.848754123393004 20.657276586388004 0.87938481153400005 22.105000000000004 22.205000000000002 1.2898997802680003 6.0343770234675009 2.6974348278020002 2.5255478824850006 19.865000000000006 2.1055186116675002 2.1492422679925007 21.005000000000006 2.4095314201745004 2.3126556205695006 2.2413827062465006
decision_type=2 2 2 2 2 2 2 2 2 2 2 2 2 2 2 2 2 2 2 2 2 2 2 2 2 2 2 2 2 2
left_child=20 3 -3 6 -5 -6 7 8 9 10 11 17 -10 -14 15 16 -15 -2 -13 -20 21 22 24 -24 -1 -26 27 28 29 -27
right_child=1 2 -4 4 5 -7 -8 -9 12 -11 -12 18 13 14 -16 -17 -18 -19 19 -21 -22 -23 23 -25 25 26 -28 -29 -30 -31
leaf_value=0.013166516515155637 0.0058586761833029806 0.084335538690084783 -0.10700110809979935 0.43963236093658592 0.24444593466746639 -0.10682250431014245 -0.10418084101030663 0.24166583469428363 -0.11261719903111465 0.35206976230052101 -0.12534000681450799 0.16294992752237059 -0.10102164659097178 0.18374792679232116 -0.10584114886339169 0.25407321755269835 -0.10681004056661209 -0.11668345566978698 0.2302364495837515 -0.10794254214748383 -0.0011026579271410275 -0.04411055324427586 0.10122420049019665 -0.022257027657148071 -0.053982026264527118 0.0095178047681168179 0.036643066994942262 -0.069040654553516129 0.040768606105063929 -0.080890299061095738
leaf_weight=93.538770020008087 0.67439060658216199 1.92868104687659 0.75390559248626221 0.18094775895588 0.26585592707851879 0.8805559856700711 1.6999480819504231 0.25201010814635161 2.4653158155269921 0.40434259822359297 1.299263578985119 0.82750100642442681 0.52999894961249072 0.24920771457254864 0.22639257452101447 0.23926291742827743 0.29143467600806616 1.5867393916996659 0.24752809159690514 0.33475351630477235 572.83215025998652 8.447496831417082 5.5446776226162893 3.9681180566549301 7.2124546989798537 9.7309764549136215 9.0788755267858487 6.379528582096099 9.1480204537510854 6.7968189418315879
leaf_count=460 4 39 62 16 33 86 755 9 70 15 281 4 529 3 84 3 68 298 7 56 3835 53 30 19 44 60 44 33 52 48
internal_value=-0.000254672 -0.020173 0.0305629 -0.0309276 0.0380264 -0.0253624 -0.0390072 -0.0275001 -0.0347347 -0.00855724 -0.0378956 -0.00694599 -0.0698934 -0.00133403 0.0511696 0.0967471 0.0271219 -0.0801348 0.11044 0.0358175 0.000162303 0.00469549 0.0074187 0.0497159 0.00458286 -0.0120244 -0.00466755 -0.0163678 -0.00328041 -0.0276612
internal_weight=748.016 15.338 2.68259 12.6554 1.32736 1.14641 11.3281 9.62814 9.37613 5.37452 4.97018 3.67091 4.00161 1.5363 1.0063 0.779905 0.540642 2.26113 1.40978 0.582282 732.678 159.846 151.398 9.5128 141.885 48.3467 41.1342 32.0553 25.6758 16.5278
internal_count=7100 2422 101 2321 135 119 2186 1431 1422 665 650 369 757 687 158 74 71 302 67 63 4678 843 790 49 741 281 237 193 160 108
is_linear=0
shrinkage=0.1


Tree=60
num_leaves=31
num_cat=0
split_feature=1 4 3 4 3 4 1 0 4 3 0 4 4 4 4 4 3 3 4 3 4 3 3 4 0 4 4 4 3 3
split_gain=0.659692 0.830611 0.546633 0.40231 0.661042 0.346 2.09582 4.01043 0.568901 3.04916 2.66014 0.847432 1.57445 1.43669 1.23156 0.78602 2.14329 2.87035 2.46395 1.37771 1.23472 0.846587 1.46821 2.70202 0.755044 2.5539 0.754978 0.446872 2.44883 2.63441
threshold=0.084637989400000016 17.336409698829005 1.4423373088600002 17.507327042073005 1.4384189407415002 54.562109776062009 0.59368507065000009 17.095000000000002 46.613427510235006 1.8406180853655003 18.485000000000003 40.192409113974009 41.934006154810511 43.425992620898008 38.142381583201505 31.0508717856525 1.6254877300670001 2.0991876050370002 33.872251837031008 2.4017498091815006 32.011297272806509 1.1056097922970001 1.5055953526415002 35.57030006452451 18.145000000000003 38.720161460708503 40.953990227072005 29.473350025835003 1.1806122030995001 1.4384189407415002
decision_type=2 2 2 2 2 2 2 2 2 2 2 2 2 2 2 2 2 2 2 2 2 2 2 2 2 2 2 2 2 2
left_child=1 -1 3 -3 -5 8 -7 -8 11 10 -10 14 26 -14 15 27 20 -18 -19 -20 -17 -22 23 -23 -16 -26 -13 -2 -29 -30
right_child=5 2 -4 4 -6 6 7 -9 9 -11 -12 12 13 -15 24 16 17 18 19 -21 21 22 -24 -25 25 -27 -28 28 29 -31
leaf_value=-0.10095513540721548 0.00016435433126646044 0.16932439735489158 -0.10411666979827527 -0.1032495795767277 0.13941667072822123 -0.073513738245714139 -0.052669064957010403 0.10224980957097261 -0.090264525229258818 0.081263119826560093 0.03789815021055503 -0.032954988683605933 0.047944136936816158 -0.030380379334678742 0.065069006087624282 -0.056652196376036759 -0.10734196362365339 -0.10931772102076293 0.10290259839743912 -0.016613164077718342 0.043061879473577536 0.025488466430372461 0.06143337970333658 -0.081611706324318911 0.090052301698353293 -0.034512996947776674 -0.11295700788215134 -0.046713595651867522 0.11617135227280651 0.0050362647440396757
leaf_weight=1.4306881072116078 650.65189284831285 0.24364885862451036 0.26033522584475577 0.24084483520709909 0.21025437238859013 4.1677050217986089 3.7344739735126495 3.0242535695433617 3.0771531686186773 4.9677860699594021 3.4188168738037348 2.449804972857236 3.7100955229252559 6.3504133298993111 4.4488512724637967 3.0248393546789947 5.005325408652423 1.5376205667853353 1.8424919173121455 2.0240924991667271 6.0154963135719326 5.4002403989434224 2.7700293734669676 4.1782197393476963 2.6402575671672821 4.3704466223716736 2.2750346232205629 3.9538443908095351 3.4604519382119161 5.5600472120568156
leaf_count=1927 4137 2 92 148 5 36 23 21 25 32 23 27 25 53 26 25 99 25 20 27 30 35 25 33 17 37 27 22 20 56
internal_value=-0.000245417 -0.0527456 0.0194709 0.0657814 0.00985556 -7.70793e-05 -0.017741 0.0166508 0.000186179 0.0222882 -0.0228127 -0.000164913 -0.0238591 -0.00149601 0.000330679 -0.000205133 -0.0155637 -0.0527786 -0.00224243 0.0403381 0.00254802 0.0122992 -0.00268661 -0.0212297 0.0328465 0.0123988 -0.0714764 0.00053079 0.0189072 0.04767
internal_weight=746.445 2.38577 0.955083 0.694748 0.451099 744.06 10.9264 6.75873 733.133 11.4638 6.49597 721.669 14.7853 10.0605 706.884 695.425 31.7984 10.4095 5.4042 3.86658 21.3888 18.364 12.3485 9.57846 11.4596 7.0107 4.72484 663.626 12.9743 9.0205
internal_count=7100 2174 247 155 153 4926 80 44 4846 80 48 4766 132 78 4634 4554 319 171 72 47 148 123 93 68 80 54 54 4235 98 76
is_linear=0
shrinkage=0.1


Tree=61
num_leaves=31
num_cat=0
split_feature=0 0 0 4 3 4 3 3 3 3 3 3 1 1 0 1 4 1 4 4 0 4 3 4 4 3 4 0 0 0
split_gain=0.514253 1.20322 1.64327 0.755271 0.483038 0.332058 0.581085 0.318221 4.65247 1.31936 1.06512 7.73846 2.74264 1.86193 0.768498 0.746829 1.88237 1.25846 1.94475 0.729518 3.02572 2.94218 2.74574 3.45466 2.70602 3.74243 3.62552 2.40974 4.19821 4.47536
threshold=22.275000000000002 22.405000000000005 22.465000000000003 17.336409698829005 1.4423373088600002 17.507327042073005 1.4384189407415002 1.3827252452820002 1.3982276113530003 1.4208953875855002 1.4483160408810003 1.4544412831660003 0.20209526015000004 0.33231973120000008 19.475000000000005 0.99897846885000019 25.604251850392004 0.74397120700000008 24.039746687819505 11.876256740911002 18.545000000000005 13.240980433598503 1.2702739621495003 14.038340704035003 16.603767135810504 1.2042857910045002 17.507327042073005 18.235000000000003 19.345000000000002 20.035000000000004
decision_type=2 2 2 2 2 2 2 2 2 2 2 2 2 2 2 2 2 2 2 2 2 2 2 2 2 2 2 2 2 2
left_child=7 -2 -3 -4 5 -5 -7 15 -9 14 12 -12 -11 -14 -10 17 -17 19 -19 20 -1 -21 23 -23 -25 26 -26 -28 -29 -30
right_child=1 2 3 4 -6 6 -8 8 9 10 11 -13 13 -15 -16 16 -18 18 -20 21 -22 22 -24 24 25 -27 27 28 29 -31
leaf_value=0.09563787927950862 -0.10472735713082691 0.089255338900000855 -0.10086708383310844 0.15811876148611567 -0.10372311869321003 -0.10294290661135203 0.13348750521040623 -0.094240911033924235 0.0059781463640615623 0.030428910122934402 0.1485997322655655 -0.0012208646383786983 -0.091619450460038554 -0.010612693097714159 0.072842222625582681 0.06908613461642997 -0.01698378461757034 -0.079480465848448478 0.015510079560444066 -0.051664870664416475 0.0066018005042252697 0.10193520791714744 -0.023277333792921837 -0.03671027277950259 0.08240612276895172 0.056954414257790222 0.069686985868814194 -0.057633616366754625 0.059999893267678996 -0.012865847029527616
leaf_weight=4.0635343752801409 1.5696658608503629 1.3096804600209 1.3014848284074108 0.23524809163063753 0.23640930364490487 0.21854159404756501 0.19825380301335827 5.3407031223177901 3.1167306303977957 5.8158226888626841 3.4723477289080611 482.88980390783399 6.1023617647588235 5.3032483980059624 3.8327477425336838 5.5267787128686887 4.7034380733966827 4.6515550613403303 4.0161448791623116 10.473718680441378 62.852990556508303 4.0467359572648993 29.577340062707663 12.038688203319905 5.3541456907987586 16.31052553653717 4.2000670954585066 13.447898060083388 11.43705218285322 32.049852147698402
leaf_count=20 92 19 1928 2 92 148 5 34 19 33 19 3435 34 32 21 26 28 23 28 51 324 18 182 62 24 82 22 78 54 165
internal_value=-0.000239838 -0.0319818 0.00064639 -0.0523457 0.0187327 0.0631311 0.0095181 -2.25761e-05 -0.00139076 -0.000419449 -0.00101664 -0.000151231 -0.0254571 -0.0539539 0.0428547 0.00311784 0.0295147 0.001859 -0.035467 0.00343066 0.0120086 -0.000700757 0.00345442 0.0114501 0.00758913 0.0140301 0.00350023 -0.00341029 -0.00880266 0.00629784
internal_weight=745.694 5.06928 3.49962 2.18994 0.888453 0.652043 0.416795 740.624 515.874 510.533 503.584 486.362 17.2214 11.4056 6.94948 224.75 10.2302 214.52 8.6677 205.853 66.9165 138.936 128.462 98.885 94.8382 82.7995 66.489 61.1349 56.9348 43.4869
internal_count=7100 2286 2194 2175 247 155 153 4814 3627 3593 3553 3454 99 66 40 1187 54 1133 51 1082 344 738 687 505 487 425 343 319 297 219
is_linear=0
shrinkage=0.1


Tree=62
num_leaves=31
num_cat=0
split_feature=0 4 4 1 3 3 4 3 3 4 4 3 3 1 0 3 0 3 0 3 4 1 0 3 4 4 4 3 3 4
split_gain=0.491024 0.727647 1.61907 0.955517 0.61312 1.90896 2.02839 0.747609 1.49112 0.832703 4.12299 1.19968 2.64624 1.02216 0.659211 0.572583 0.844329 0.723932 0.487257 1.24009 0.368711 2.09644 1.40534 1.93432 0.908248 0.669424 1.18229 1.5161 1.04829 0.983652
threshold=22.005000000000006 25.834092352474503 26.659016121115005 0.10128756435000001 2.5106141041725003 2.5386163268610002 2.6274761420165005 1.8068317781240002 1.7988507655635002 6.2371474761970012 6.0761450812490008 1.37315115852 1.2835574372695002 0.087812456800000008 22.105000000000004 1.5431838507160003 22.465000000000003 0.87938481153400005 22.205000000000002 1.2898997802680003 2.4124982457480004 0.13663316480000001 20.405000000000005 1.6899448701290003 1.4276970370950004 3.1108815323000005 3.4895522184880003 2.2494137346950001 2.0899030716415004 2.8429258476855006
decision_type=2 2 2 2 2 2 2 2 2 2 2 2 2 2 2 2 2 2 2 2 2 2 2 2 2 2 2 2 2 2
left_child=20 4 -3 -4 7 -6 -7 8 9 10 11 12 14 15 -2 17 -17 -11 -14 -20 21 -1 23 -23 -25 28 27 -27 29 -22
right_child=1 2 3 -5 5 6 -8 -9 -10 13 -12 -13 18 -15 -16 16 -18 -19 19 -21 25 22 -24 24 -26 26 -28 -29 -30 -31
leaf_value=0.088788934785602722 0.004588858378759479 0.10369401550930822 -0.10938201275172943 0.095648080460617929 0.28728461605252525 0.20269057270102722 -0.10635606262930759 -0.10398373924620097 0.20683491153810929 0.083907580701716167 0.27894715487556149 -0.12391587637741791 0.15399520529861979 -0.11217020212417508 -0.11551413419157207 0.2105030824090818 -0.10166359408469872 -0.10399593803819472 0.19395681152156408 -0.10748587262890018 -0.014958488679718551 0.091682910389502686 -0.032027684925107068 -0.030820135793913097 0.020984827864593769 0.057793685841407198 -0.00034586328066844591 -0.017448706021813736 0.0047778442809269751 -0.077100699125139463
leaf_weight=3.1064341049641397 0.67533844709396085 1.3696438001934432 0.87423546687932663 0.30716527998447418 0.24425443366635491 0.29152799927396678 0.78219779551727697 1.4522561779303931 0.26549301616614762 0.30310785898473136 0.45644939894555125 1.1636138701287562 0.78661276400089242 2.230196874588728 1.4135404091211965 0.24937762320041656 0.1327757102844771 0.63368877483299002 0.25285235344199464 0.2965019823750481 6.300778131932022 2.9510043710470262 8.328659635037182 5.1684744805097571 9.803306117653845 7.6890972703695279 668.35042893514037 4.1090621650218964 10.265729233622549 4.2758315354585648
leaf_count=29 4 15 84 2 16 33 86 755 9 44 15 281 4 70 298 1 153 489 7 56 32 25 41 22 42 39 4358 22 48 20
internal_value=-0.00023091 -0.0186609 0.0297047 -0.056074 -0.0292701 0.0349543 -0.0224466 -0.0374788 -0.0265773 -0.033788 -0.00767954 -0.0361925 -0.00638791 -0.0708997 -0.0766846 -0.00111582 0.102044 -0.0431983 0.103526 0.0312597 0.000126936 0.0111062 0.00191367 0.0176861 0.00310101 -0.00033288 0.00020808 0.0315883 -0.0179861 -0.0400809
internal_weight=744.53 14.1808 2.55104 1.1814 11.6298 1.31798 1.07373 10.3118 8.85955 8.59406 5.04491 4.58846 3.42485 3.54915 2.08888 1.31895 0.382153 0.936797 1.33597 0.549354 730.349 29.3579 26.2514 17.9228 14.9718 700.991 680.149 11.7982 20.8423 10.5766
internal_count=7100 2422 101 86 2321 135 119 2186 1431 1422 665 650 369 757 302 687 154 533 67 63 4678 159 130 89 64 4519 4419 61 100 52
is_linear=0
shrinkage=0.1


Tree=63
num_leaves=31
num_cat=0
split_feature=1 4 3 4 4 4 3 3 3 0 0 0 4 3 4 3 3 4 3 1 0 3 3 0 3 3 3 1 1 1
split_gain=0.507286 0.635032 0.402497 0.310461 3.33292 2.81994 2.03343 1.99717 3.98251 2.25972 2.31133 1.76416 1.70221 2.212 1.6046 1.39929 2.68628 2.5754 1.32087 2.59488 1.81113 1.28139 1.10297 1.0693 1.60053 1.22132 2.49809 1.0402 0.902965 4.31144
threshold=0.084637989400000016 17.336409698829005 1.4423373088600002 13.872772277463502 12.886441963223502 15.1713995954275 2.8779002199265005 1.8147780520910002 1.5494936103805002 17.725000000000005 19.175000000000004 21.355000000000004 15.710731337425001 2.3378096279905005 12.548668563228002 2.6974348278020002 2.6174722250135005 15.885190213481001 2.8279768532560001 0.57485210755000005 18.105000000000004 1.7538197292030002 1.2271393840615004 20.645000000000003 1.1544064223460002 1.7090461368040002 2.0369066254045003 0.51707808045000014 0.80455572205000014 0.87812456795000016
decision_type=2 2 2 2 2 2 2 2 2 2 2 2 2 2 2 2 2 2 2 2 2 2 2 2 2 2 2 2 2 2
left_child=1 -1 -3 4 6 11 14 8 22 -9 -11 23 13 -7 28 16 17 -14 19 -17 -20 -16 -6 24 -5 -26 -27 -8 -2 -30
right_child=3 2 -4 5 7 12 27 9 -10 10 -12 -13 15 -15 21 18 -18 -19 20 -21 -22 -23 -24 -25 25 26 -28 -29 29 -31
leaf_value=-0.10098356211557002 -0.00034836882577184131 0.058993921378594806 -0.10354135398555653 0.025210578005586595 0.0081212006162856322 0.070330339359478605 -0.11356939422330435 -0.0042211431521062158 -0.065457396423530254 0.16051473336382047 0.050978254137450989 0.026603388731674695 -0.091650359377207946 -0.029062352240982994 -0.077079022448274123 0.003268655687103795 -0.084170150204050831 -0.00069073428852818499 -0.033576828957798996 0.13858849473386498 0.041802550588736762 -0.0018164184282084125 0.072936547159384232 -0.10012443173636454 -0.087415880003194724 0.032538163754523251 -0.076443982941576616 -0.015088208105500918 0.10935619578395726 0.0028189850158997138
leaf_weight=1.1018704235029861 345.1676435044501 0.5830991843540686 0.20625031591043808 3.3534458130598166 4.4964673193171638 7.2863485855050367 2.3583058640360823 3.0596136897802335 4.5619212687015525 3.3215716928243637 4.586250988766551 3.9185793022625139 3.1501068547368041 3.2324543097056448 4.7710508704185468 3.0848790761083391 4.0159901911392799 262.67968954565004 5.832134220749138 2.6211322396993637 7.029062308371067 4.3018288500607014 6.3096711784601212 3.1591326221823683 5.6997962296009055 3.8120588138699514 4.6921271197497845 1.9671908505260942 4.3805039525032035 28.593328263610601
leaf_count=1927 2000 155 92 16 21 44 24 17 26 17 28 27 22 27 25 24 74 2006 51 19 49 26 31 19 40 25 39 19 26 184
internal_value=-0.00021321 -0.0519384 0.0165248 -8.12732e-05 0.00171935 -0.00240672 -0.000596825 0.0361549 0.0128911 0.0687531 0.0969875 -0.0349264 0.000273247 0.0397867 0.000164849 -0.00116786 -0.00299496 -0.00176861 0.0253862 0.0654296 0.00762045 -0.0413939 0.0459667 -0.0465649 -0.0369278 -0.0515982 -0.027592 -0.0687812 0.00116198 0.0169722
internal_weight=743.334 1.89122 0.78935 741.442 417.875 323.567 391.54 26.3355 15.3681 10.9674 7.90782 24.6351 298.932 10.5188 387.214 288.413 269.846 265.83 18.5672 5.70601 12.8612 9.07288 10.8061 20.7166 17.5574 14.204 8.50419 4.3255 378.141 32.9738
internal_count=7100 2174 247 4926 2444 2482 2304 140 78 62 45 166 2316 71 2261 2245 2102 2028 143 43 100 51 52 139 120 104 64 43 2210 210
is_linear=0
shrinkage=0.1


Tree=64
num_leaves=31
num_cat=0
split_feature=0 4 4 4 4 3 3 4 3 3 4 4 3 3 3 4 0 3 4 4 4 4 4 3 4 4 3 4 4 1
split_gain=0.415988 0.612887 1.37094 0.52186 1.13529 0.602766 2.27567 1.63438 0.656714 1.35439 1.00068 3.17841 1.07361 2.28712 0.666858 0.646233 0.412103 1.03565 0.375453 1.66213 0.676274 1.18289 0.847416 0.299197 1.76295 1.28869 1.1454 2.19862 3.44784 2.45164
threshold=22.005000000000006 25.834092352474503 28.781460484395506 20.848754123393004 20.657276586388004 2.5106141041725003 2.5255478824850006 2.6274761420165005 1.8068317781240002 1.7988507655635002 6.2371474761970012 6.0761450812490008 1.37315115852 1.2835574372695002 0.87938481153400005 0.85774921404450011 22.205000000000002 1.2898997802680003 0.98492961169400017 1.0743006247990001 1.5848971776135001 1.7709816911940002 2.0092280682095005 1.1393672292635002 4.5026922644975009 36.13759337890901 1.2042857910045002 30.187614679171503 22.745536914931005 0.20024243965000002
decision_type=2 2 2 2 2 2 2 2 2 2 2 2 2 2 2 2 2 2 2 2 2 2 2 2 2 2 2 2 2 2
left_child=18 3 -3 4 5 8 -7 -8 9 10 11 12 13 15 -12 -2 -15 -18 -1 -20 -21 -22 -23 24 -24 -26 27 28 29 -25
right_child=1 2 -4 -5 -6 6 7 -9 -10 -11 14 -13 -14 16 -16 -17 17 -19 19 20 21 22 23 26 25 -27 -28 -29 -30 -31
leaf_value=0.027624934567187412 0.030519123008496754 0.068415492220753923 -0.10593538654946216 -0.11049100015625313 0.1881387864780607 0.33867951030350496 0.16564312529821196 -0.10605507435979328 -0.10374399346705387 0.20083159571565212 0.036678545337661447 0.23552242324105058 -0.12183657728976321 0.14692975325707741 -0.10864525482618925 -0.10514308501945391 0.17666476438728362 -0.10682736953635796 -0.10707473759001217 0.034541706353261738 -0.060534244862169254 0.040323276908932414 0.081724024170416576 0.0090250364726068063 -0.00051357266885918712 0.041800490778512688 -0.00013442849274830667 -0.095829962524932935 0.050808898821636687 -0.073503649670030258
leaf_weight=4.9252648577094069 0.45846822098246276 1.9011372828390443 0.59125282539753232 0.71506601772853251 0.25050019327318374 0.20894002553541113 0.31903618905926101 0.72345180611591786 1.2528288103931116 0.2553616837831213 0.37380457506515119 0.48541844467399631 1.0589106982806695 0.74435292184352853 2.033557812566869 1.4998173895874058 0.25016948522534221 0.26575466356007382 1.4489649385213841 5.6681476756930342 3.2280261516571036 5.2090985253453246 2.8889068253338328 6.4607411399483743 99.171988006681204 7.7606841698288909 574.4029227308929 3.4801376014947882 6.4576838538050643 8.1279434338211995
leaf_count=26 32 39 62 110 3 4 36 92 746 8 43 15 281 4 614 270 7 56 6 30 18 29 29 30 473 42 3896 26 31 42
internal_value=-0.000212122 -0.0176798 0.0270554 -0.0279132 -0.022113 -0.027417 0.0374645 -0.0229063 -0.0367729 -0.0254737 -0.0335333 -0.00697405 -0.0344932 -0.00575708 -0.08608 -0.0733822 0.0993225 0.0306368 0.000108564 -7.85465e-05 0.000135927 -0.000135992 0.000137087 -0.000158269 0.0046399 0.00255739 -0.00103808 -0.0222012 -0.0100263 -0.036955
internal_weight=742.618 13.3878 2.49239 10.8954 10.1804 9.92987 1.25143 1.04249 8.67844 7.42562 7.17025 4.76289 4.27747 3.21856 2.40736 1.95829 1.26028 0.515924 729.231 724.305 722.856 717.188 713.96 708.751 109.822 106.933 598.929 24.5265 21.0464 14.5887
internal_count=7100 2422 101 2321 2211 2208 132 128 2076 1330 1322 665 650 369 657 302 67 63 4678 4652 4646 4616 4598 4569 544 515 4025 129 103 72
is_linear=0
shrinkage=0.1


Tree=65
num_leaves=31
num_cat=0
split_feature=0 0 0 4 0 4 4 1 1 4 3 1 4 4 1 0 0 0 3 4 0 1 0 0 0 3 4 3 3 1
split_gain=0.377693 0.995917 0.959869 0.567042 0.357481 0.30784 1.41137 0.829501 1.27872 0.710173 0.634064 0.826139 0.770142 4.18084 5.97423 2.25084 2.38599 5.47379 3.11619 1.7277 3.2325 2.48563 1.9206 2.9501 2.69538 1.6672 1.51905 1.86354 1.56647 2.15793
threshold=22.275000000000002 22.405000000000005 22.465000000000003 17.336409698829005 22.505000000000006 28.032890011635505 28.361377534483005 0.15260056015000004 0.17520888585000002 30.187614679171503 3.0815441649095003 0.45872892775000002 21.372869246372503 21.754884996694003 0.30588355425000008 16.395000000000003 19.805000000000003 20.205000000000002 2.5386163268610002 24.690237103710004 19.445000000000004 0.40138036900000007 17.335000000000004 18.015000000000004 18.665000000000003 1.5599096591775001 19.145690083193003 2.3852490974610006 2.1536728395620002 0.39770049170000005
decision_type=2 2 2 2 2 2 2 2 2 2 2 2 2 2 2 2 2 2 2 2 2 2 2 2 2 2 2 2 2 2
left_child=5 -2 -3 -4 -5 10 -7 9 -9 -8 12 -12 26 14 -14 -15 18 -18 19 20 22 25 -17 -24 -25 -21 -1 28 29 -28
right_child=1 2 3 4 -6 6 7 8 -10 -11 11 -13 13 15 -16 16 17 -19 -20 21 -22 -23 23 24 -26 -27 27 -29 -30 -31
leaf_value=0.0011041886882114131 -0.1047287465808846 0.066169543913899703 -0.10080148643984971 -0.1036765516103678 0.057122142116295682 -0.082606545514848723 0.0032360735367990656 0.053636257305273598 -0.0038123104841586777 -0.078674758071874809 -0.074937459124444925 0.00048430446793278444 0.0071623989230789236 0.07232628409896745 0.20205308311496153 0.072583047803565101 0.096130195656366837 -0.0018148698363661961 -0.090410760657516687 0.021870863471546331 -0.13034496765247292 -0.018621510180390044 -0.10181654615440064 0.067025127277273305 -0.037080521136745488 0.12099262730442722 -0.042926880366611714 0.034939729120894894 -0.10956351592399638 0.016516127270300867
leaf_weight=508.50583882723004 1.2542881541885424 1.294598965905607 0.92516086537216302 0.18451056210324168 0.55152463738340884 2.2976153157651416 1.7691397611051787 4.0453747883439055 91.725615337491035 2.6349930986762047 2.5357262417674056 3.3991287350654602 3.8398775681853285 4.4896173849701873 2.6642157696187496 2.3906292207539144 7.2085062265396109 27.372711334843189 5.0877030566334716 4.1712787747383109 2.5957941561937323 8.2958582639694196 3.6483587957918635 4.0123301446437818 6.5417724251747131 2.8605276718735695 18.592087927274413 5.1892224811017504 2.284095335751771 9.0944523438811284
leaf_count=2963 92 19 1928 8 239 24 13 23 780 41 26 33 23 42 21 21 46 166 73 22 19 75 29 32 47 22 127 46 30 70
internal_value=-0.00019914 -0.0300659 0.00161726 -0.0486895 0.0168129 -2.85864e-05 -0.00511442 -0.00333706 -0.00138568 -0.0457712 0.000792421 -0.0317404 0.00109946 0.00994069 0.0869938 0.00357069 -0.000590322 0.0186019 -0.0173484 -0.00657909 -0.0265747 0.0184536 -0.010341 -0.0242992 0.0024971 0.0621934 -0.00028575 -0.020388 -0.0299676 -0.0234011
internal_weight=741.463 4.21008 2.9558 1.6612 0.736035 737.252 102.473 100.175 95.771 4.40413 634.78 5.93485 628.845 85.1792 6.50409 78.6751 74.1855 34.5812 39.6043 34.5165 19.1889 15.3277 16.5931 14.2025 10.5541 7.03181 543.666 35.1599 29.9706 27.6865
internal_count=7100 2286 2194 2175 247 4814 881 857 803 54 3933 59 3874 638 44 594 552 212 340 267 148 119 129 108 79 44 3236 273 227 197
is_linear=0
shrinkage=0.1


Tree=66
num_leaves=31
num_cat=0
split_feature=0 3 4 4 4 3 4 0 4 4 3 3 3 3 0 3 3 3 3 1 3 0 4 4 4 3 3 4 3 3
split_gain=0.330166 0.632272 0.656875 1.33711 0.682959 1.15953 2.27625 1.02398 0.908205 2.67725 1.16498 0.745452 1.25912 0.844392 0.688774 0.649517 0.393102 0.390913 0.869547 0.33258 1.51264 1.43013 4.70398 2.1266 1.33577 1.97761 4.3089 4.6288 2.59385 2.64926
threshold=22.005000000000006 0.7841024627130001 25.834092352474503 28.781460484395506 2.7681239181285004 1.37315115852 2.5416821208975002 22.195000000000004 6.0761450812490008 6.2371474761970012 1.5431838507160003 2.5255478824850006 2.5106141041725003 1.8068317781240002 22.405000000000005 0.87938481153400005 1.2835574372695002 1.7988507655635002 1.5494936103805002 0.13981576005000004 0.90298307962900004 21.235000000000003 16.463027537856004 8.4251072065195007 26.122062919325504 1.0890576161495003 1.1631946741460002 20.244659148508003 1.2835574372695002 1.5431838507160003
decision_type=2 2 2 2 2 2 2 2 2 2 2 2 2 2 2 2 2 2 2 2 2 2 2 2 2 2 2 2 2 2
left_child=19 -2 4 -4 5 7 -7 -3 -6 -10 15 12 13 17 -9 -11 -16 18 -12 20 -1 -21 23 -23 25 -22 -27 28 -28 -30
right_child=1 2 3 -5 8 6 -8 14 9 10 11 -13 -14 -15 16 -17 -18 -19 -20 21 24 22 -24 -25 -26 26 27 -29 29 -31
leaf_value=0.068769941834377318 -0.12448780373903012 0.15004456484327183 0.078453052453512973 -0.10520964105393467 -0.093131119008962218 -0.11800382639509553 0.21185560239449774 -0.10734892661740088 0.20243126568567235 0.037886585949970034 0.15431355353426604 -0.10360411224586026 0.26195622846198513 -0.10194941627727792 -0.10345413786146081 -0.10984947906750116 0.15533843092068531 0.17054599268961296 -0.10182800766607006 0.00010536282058124186 -0.046235726696282835 -0.03228682201479479 -0.12151767346754068 0.050100135299565973 0.056260400512244339 0.10851418213541474 -0.058471771375861063 -0.10972459307186935 0.06143640425597207 0.0024513908213372035
leaf_weight=3.6841131877154103 0.51781148050213133 0.8550016433000549 1.7517849081195884 0.51232122984947626 2.1874134679237613 1.0347593965561825 0.26221230631927017 0.36729089356958866 0.50488443719223131 0.34937711912789415 0.2562328937492564 0.39772399608045805 0.23671254457440216 0.43479669489897788 0.077276038166019134 2.0076287374249659 0.2441049699409632 0.26497304922668263 0.27454136720916722 632.18436227925122 8.2450315207242948 7.8951808363199252 4.1731849983334532 5.1943378821015358 4.4534122161567202 3.8385212402790776 5.5412528030574313 3.6610425859689704 9.4050871804356557 39.995410434901714
leaf_count=20 35 5 38 62 657 352 34 8 28 30 6 55 2 263 116 538 26 3 164 4167 42 40 40 25 34 19 27 22 46 196
internal_value=-0.000202577 -0.0162929 -0.0116316 0.0368939 -0.0228943 0.0183867 -0.0513152 0.0769492 -0.0398541 -0.0151996 -0.0412248 0.0178283 0.0507446 0.0101151 -0.0138004 -0.0879507 0.0931118 0.0713471 0.0218251 7.44112e-05 0.00620842 -0.000670078 -0.0290678 0.000406946 0.00314102 -0.000205629 0.00587239 -0.000850713 0.0064041 0.0136812
internal_weight=740.808 12.5368 12.019 2.26411 9.75493 2.84065 1.29697 1.54367 6.91428 4.72687 4.22199 1.86498 1.46726 1.23054 0.688672 2.35701 0.321381 0.795747 0.530774 728.271 78.8239 649.447 17.2627 13.0895 75.1398 70.6863 62.4413 58.6028 54.9418 49.4005
internal_count=7100 2422 2387 100 2287 541 386 155 1746 1089 1061 493 438 436 150 568 142 173 170 4678 406 4272 105 65 386 352 310 291 269 242
is_linear=0
shrinkage=0.1


Tree=67
num_leaves=31
num_cat=0
split_feature=0 0 0 4 1 3 1 1 1 4 0 1 4 1 4 3 0 4 0 1 4 1 4 4 0 0 0 4 4 3
split_gain=0.313534 0.847614 0.694565 0.491817 0.313814 1.19197 0.591001 0.633406 0.847467 1.12377 0.927158 1.0898 1.87281 1.47428 0.877786 0.883831 0.584405 0.445179 1.21779 2.38522 2.74219 1.45718 1.36843 1.9112 1.28109 0.941291 1.39471 0.892846 0.951429 1.99523
threshold=22.275000000000002 22.405000000000005 22.465000000000003 17.336409698829005 2.5325389175500006 2.0899030716415004 2.2159774576500006 1.8601849566000002 1.5260056019000003 24.039746687819505 16.395000000000003 1.2576393802500003 22.952295753400005 1.1364651641000003 36.660282957685006 2.3852490974610006 15.575000000000001 39.397888971587513 19.415000000000003 0.66306503615000012 54.562109776062009 0.57485210755000005 48.48484628485501 43.425992620898008 19.705000000000002 20.105000000000004 20.895000000000003 36.660282957685006 31.0508717856525 1.3486996003260001
decision_type=2 2 2 2 2 2 2 2 2 2 2 2 2 2 2 2 2 2 2 2 2 2 2 2 2 2 2 2 2 2
left_child=4 -2 -3 -4 6 -6 7 8 10 -10 -1 13 -13 17 15 -15 -9 27 19 21 -21 22 23 -19 -20 -26 -27 28 -12 -30
right_child=1 2 3 -5 5 -7 -8 16 9 -11 11 12 -14 14 -16 -17 -18 18 24 20 -22 -23 -24 -25 25 26 -28 -29 29 -31
leaf_value=-0.045337094347590597 -0.10457062295630955 0.054888410336012661 -0.10067641603987683 0.015105913175249279 0.013170121109687412 -0.074554963595800203 0.036866579909327624 -0.073818668842596358 -0.0029361525281696617 0.062574674087560581 0.00087076503560391404 0.07221322007325591 -0.015810543602183921 -0.087697456571273827 0.013498458414297563 -0.004969217252880684 -0.0033696170722242267 0.027600204206802148 -0.12027862105942906 -0.081908902603245792 0.048431309402581953 0.08477571029134881 0.047278491759169781 -0.083866624681153495 0.037008186640217683 -0.11446177979785831 0.0033979249059106552 0.028704161122605473 0.0083035717778211695 -0.050434544117644635
leaf_weight=4.5315166711807242 1.0641490172129118 1.2666170373559 0.77847994120384079 0.6938831615698291 3.8624922111630431 2.5858048312366009 4.3576412647962561 2.2265674751251927 5.4780557602643949 5.016272559762001 623.49024152662605 5.4490515664219838 4.3440108075737953 4.1684872917830926 2.0620250590145588 1.871060363948345 2.4991914667189121 3.3426744602620655 1.7933181412518013 5.57907267846167 2.2712637633085251 3.1274413242936125 4.840346671640873 2.8494462445378304 1.7788515072315929 1.8433333132416008 2.2051786873489618 11.124327130615709 12.10272626578808 11.074870672076939
leaf_count=35 92 19 1928 247 24 30 29 22 36 40 3858 36 31 36 17 24 22 29 18 55 16 19 30 25 16 21 21 88 68 168
internal_value=-0.000192601 -0.0288312 0.000595026 -0.0461115 -4.45918e-05 -0.0220082 0.000149571 -7.1097e-05 0.000168299 0.0283779 -0.000248748 4.09346e-05 0.0331676 -0.000425492 -0.0428348 -0.0620681 -0.0365621 7.43193e-05 -0.0119159 1.2947e-05 -0.0441988 0.0245242 0.00744433 -0.0236938 -0.0463691 -0.0236241 -0.0502649 0.000614431 0.000131216 -0.0197631
internal_weight=739.678 3.80313 2.73898 1.47236 735.875 6.4483 729.427 725.069 720.344 10.4943 709.849 705.318 9.79306 695.525 8.10157 6.03955 4.72576 687.423 29.6309 22.0102 7.85034 14.1599 11.0325 6.19212 7.62068 5.82736 4.04851 657.792 646.668 23.1776
internal_count=7100 2286 2194 2175 4814 54 4760 4731 4687 76 4611 4576 67 4509 77 60 44 4432 250 174 71 103 84 54 76 58 42 4182 4094 236
is_linear=0
shrinkage=0.1


Tree=68
num_leaves=31
num_cat=0
split_feature=4 1 0 3 4 3 0 4 4 4 4 4 3 4 3 1 0 3 1 3 3 4 0 0 0 3 4 3 3 1
split_gain=0.353406 1.66813 2.85928 0.798034 0.431798 2.41721 2.10348 0.554985 1.43168 1.12535 0.89515 0.922597 1.98051 1.18964 1.0842 0.822613 0.637232 2.0292 0.606894 0.386279 1.20406 2.18096 1.46987 2.71055 1.05333 1.01753 1.47626 1.40073 1.15651 1.76852
threshold=54.562109776062009 0.59368507065000009 17.095000000000002 3.3055281837000003 46.613427510235006 1.8406180853655003 18.485000000000003 40.192409113974009 41.934006154810511 43.425992620898008 38.142381583201505 34.938787536239509 1.1056097922970001 36.660282957685006 1.5055953526415002 0.54394642640000013 18.145000000000003 1.6429154162795003 0.45452327565000006 2.6174722250135005 2.7428291567530003 19.357049135107005 18.145000000000003 21.285000000000004 17.615000000000006 2.5922710842515007 10.546354718483 2.5738845363860006 2.4181012957445005 1.2290120129500002
decision_type=2 2 2 2 2 2 2 2 2 2 2 2 2 2 2 2 2 2 2 2 2 2 2 2 2 2 2 2 2 2
left_child=3 -2 -3 4 7 6 -6 10 15 -10 11 19 -13 18 -15 -9 -12 -18 -14 25 21 22 24 -24 -21 27 -27 28 -1 -30
right_child=1 2 -4 -5 5 -7 -8 8 9 -11 16 12 13 14 -16 -17 17 -19 -20 20 -22 -23 23 -25 -26 26 -28 -29 29 -31
leaf_value=-0.00042207513601790121 -0.070174427034078779 -0.049658422655582936 0.079084160176569315 0.060682723642024886 -0.0857623762515482 0.070489229318682234 0.030137598592199135 -0.11261997179150225 0.044383426631521429 -0.025449537558403196 0.056561126109425874 0.073165825076342547 -0.11363735463712561 -0.05669906621520332 0.033847106743130108 -0.025984823633960548 0.045432851920909852 -0.069295260102377965 -0.045425308139586423 -0.014605322747380592 0.0040646522217535098 -0.10766867528444685 -0.064024415885961014 0.055720055796771417 0.067652069615263877 -0.013908469914515446 0.086174215841380533 -0.056146740860456339 0.02217979753243584 -0.081516834989331904
leaf_weight=577.63008963884204 3.9257122314011195 3.6351701989769936 3.2831053510308266 2.1663471729989388 2.8501920476555807 5.0902320109307766 3.4752796055399813 2.1011148728430262 3.7419676969875564 6.0202896807750221 4.574074871838091 1.6780377433751699 2.4701601471751911 2.5852391622611322 2.70726378262043 2.2910647969692945 4.8116518453753088 2.2684600722859614 2.7636526729911566 3.2588222175836625 30.428921384154819 2.9042243443836915 8.2016139924526197 2.4565740668913341 2.9805441573262215 2.6490742495661825 3.3220392977818847 4.366221589545602 36.591104672581423 1.722081422805785
leaf_count=5569 37 23 21 22 25 32 24 28 27 54 26 10 40 21 33 26 29 28 33 27 277 59 64 38 20 25 29 55 379 19
internal_value=-0.000187947 -0.0181077 0.0114371 7.89392e-05 -0.000101914 0.0191932 -0.0220857 -0.000410186 -0.0200144 0.00131811 -1.39854e-05 -0.000479041 -0.027729 -0.043813 -0.0103822 -0.067429 0.027469 0.00867409 -0.0776188 1.2552e-05 -0.00842493 -0.0276174 -0.0138588 -0.0364249 0.024689 0.000689279 0.0417727 0.000293809 0.000693897 0.0175189
internal_weight=738.95 10.844 6.91828 728.106 725.94 11.4157 6.32547 714.524 14.1544 9.76226 700.37 688.716 12.2044 10.5263 5.2925 4.39218 11.6542 7.08011 5.23381 676.511 50.2307 19.8018 16.8976 10.6582 6.23937 626.281 5.97111 620.309 615.943 38.3132
internal_count=7100 81 44 7019 6997 81 49 6916 135 81 6781 6698 137 127 54 54 83 57 73 6561 485 208 149 102 47 6076 54 6022 5967 398
is_linear=0
shrinkage=0.1


Tree=69
num_leaves=31
num_cat=0
split_feature=4 1 0 3 1 1 4 4 4 3 3 4 0 0 3 4 3 3 3 0 0 4 1 3 0 4 4 4 0 0
split_gain=0.294239 1.42511 2.26692 0.620074 0.36554 1.18778 2.31009 2.36948 3.07993 1.95054 3.75968 1.22045 0.872202 0.663915 0.582882 2.27317 2.01866 3.04694 2.40591 2.67802 4.1004 4.06239 2.67631 3.29817 2.79493 2.49304 2.07238 1.74136 1.34485 1.31174
threshold=54.562109776062009 0.59368507065000009 17.095000000000002 3.3055281837000003 1.2576393802500003 1.3229886790500003 39.397888971587513 25.334696002878506 21.965982497054505 1.9184034115240001 2.2179250110670004 9.3785361397275011 16.675000000000004 15.805000000000001 2.1055186116675002 30.603808863945002 2.3293993512645002 2.3378096279905005 2.3203953990300001 20.905000000000005 21.105000000000004 15.546180241554001 0.13981576005000004 2.2735790076400004 21.495000000000001 5.6041653044760009 10.089548089251503 7.3974591310110007 18.105000000000004 18.845000000000002
decision_type=2 2 2 2 2 2 2 2 2 2 2 2 2 2 2 2 2 2 2 2 2 2 2 2 2 2 2 2 2 2
left_child=3 -2 -3 4 12 -6 7 8 9 -7 -11 -12 -1 -9 -14 16 18 -18 19 -16 -21 22 23 24 -22 -26 27 -27 -17 -30
right_child=1 2 -4 -5 5 6 -8 13 -10 10 11 -13 14 -15 15 28 17 -19 -20 20 21 -23 -24 -25 25 26 -28 -29 29 -31
leaf_value=-0.072465931351554116 -0.06639218589773907 -0.045984894876918037 0.068200299579090379 0.052471800178057554 0.05459432449375265 -0.060106006106103886 0.06344576516505715 -0.094777165291981547 0.092448930196573451 0.075995954775341032 0.0049624694926220852 -0.083390329651071779 0.0014114113400127042 -0.03085135357505038 -0.02151632910715439 -0.11241242417832516 0.12840065793788094 0.0033880467189139184 -0.12537931196598759 0.14287058614141659 0.17801049673957683 0.21304836222071205 -0.12528394143130978 -0.14721248284068339 0.11606146497511334 -0.002177854676581653 0.090625908927779594 -0.14448218488845871 0.025537984525807453 -0.076127758542978485
leaf_weight=1.6859203800559033 3.7440542369440646 3.538243755698204 3.4184833914041519 2.2499826006242065 5.0587925463914862 5.3690683022141554 5.2011418528854838 3.1597729362547389 3.5230810306966296 5.1771752536296827 3.1266599856317043 3.1270494759082794 487.42759572061186 3.3440486174076796 60.894039735198021 2.8524864017963401 1.9839322441839602 112.82766573775734 1.9396272554004088 2.5145662724971762 1.1267698109149877 0.8380420012399562 1.8370512500405318 1.1767981293814953 1.5482130715681703 1.8418010395544118 1.0704495012614641 1.6129860486835239 2.4742119833827019 2.6056329628627282
leaf_count=16 37 23 21 22 32 30 31 32 28 36 22 37 4621 36 497 40 25 1138 27 14 5 13 12 52 97 39 18 37 21 41
internal_value=-0.000185808 -0.0166474 0.0101249 5.62935e-05 -0.000106297 0.00956447 0.00245205 -0.0093733 0.00743917 -0.010388 0.0129644 -0.0392167 -0.000627406 -0.0619086 -0.000451002 -0.00500947 -0.00283338 0.00554825 -0.015429 -0.0125649 0.0276136 0.00139044 -0.0159756 0.00799531 0.0333624 0.00652667 -0.0309483 -0.0686175 -0.0574648 -0.02661
internal_weight=738.295 10.7008 6.95673 727.595 725.345 37.0868 32.028 26.8269 20.323 16.8 11.4309 6.25371 688.258 6.50382 686.572 199.144 191.212 114.812 76.4003 74.4607 13.5667 11.0521 10.2141 8.37702 7.20022 6.07345 4.52524 3.45479 7.93233 5.07984
internal_count=7100 81 44 7019 6997 284 252 221 153 125 95 59 6713 68 6697 2076 1974 1163 811 784 287 273 260 248 196 191 94 76 102 62
is_linear=0
shrinkage=0.1


Tree=70
num_leaves=31
num_cat=0
split_feature=0 0 0 4 4 1 3 1 0 4 1 4 1 1 1 0 1 3 3 4 0 3 3 4 4 4 3 4 1 4
split_gain=0.286003 0.765396 0.61597 0.279987 0.696092 0.269248 1.05516 0.501637 0.517965 0.862985 0.81913 1.33618 0.828937 1.22667 0.81237 3.07318 2.25076 1.39991 3.42162 2.7433 2.84498 2.11243 2.8863 1.89703 1.0153 0.701877 0.45408 1.66467 1.37895 1.57043
threshold=22.275000000000002 22.405000000000005 22.585000000000004 13.240980433598503 2.3290377884175002 2.5325389175500006 2.0899030716415004 2.2159774576500006 15.805000000000001 24.331163326551504 1.5260056019000003 24.039746687819505 1.3663316479500003 1.2869335646000002 0.93230095245000011 17.335000000000004 0.95842057385000012 1.9717444252175003 1.7771633195920002 25.042223356875002 17.095000000000002 2.3559473345740005 2.6174722250135005 18.539201925885504 33.108337437447005 24.843355592348505 2.7653586668395005 26.659016121115005 0.45872892775000002 16.463027537856004
decision_type=2 2 2 2 2 2 2 2 2 2 2 2 2 2 2 2 2 2 2 2 2 2 2 2 2 2 2 2 2 2
left_child=5 -2 3 4 -3 7 -7 8 9 -1 12 -12 13 14 15 -10 -16 18 23 20 21 -19 -23 -18 -25 -14 -17 28 -28 -30
right_child=1 2 -4 -5 -6 6 -8 -9 10 -11 11 -13 25 -15 16 26 17 19 -20 -21 -22 22 -24 24 -26 -27 27 -29 29 -31
leaf_value=0.0050974924991418306 -0.10415568538475557 0.095590429276774788 -0.1000367632395395 0.047867570534709789 -0.10261184478047465 0.011788107755897052 -0.072181238518847654 0.033878825398495231 0.098159735491659489 -0.076939839742861796 -0.0070779890297263523 0.066311004168862583 -0.065623921363854282 0.047111611110747798 -0.089577509051150472 -0.00055541411597998371 0.033989569723551681 -0.09521504295910628 0.10922501915426652 -0.10981311188812476 0.084920508768959055 0.081649310637455508 -0.070837943937070727 -0.093632420008585862 -0.010974446754036658 0.0017039852251788312 -0.017462106845745447 0.070032113569340818 0.070251474475836892 -0.015948655739181253
leaf_weight=2.8697830475866786 0.97128870338201467 0.28574291383847672 0.50727852577983856 1.4502720162272451 0.46644380246289074 3.8790239393711081 2.4364751596003771 4.3778700456023207 3.2039697468280783 2.3179936800152063 5.09231288731098 4.8376664891839027 3.5618052482604972 5.5016054287552825 3.6649274975061408 633.70043590501882 5.2677823156118411 3.3373277336359006 3.0737058483064166 3.2163841333240262 2.6736124232411376 2.5577614977955818 2.4117018803954124 2.7060213834047318 3.2960553579032421 2.7390491254627705 14.005471613258129 4.2632699236273757 4.9371510408818704 3.6954779103398323
leaf_count=26 92 6 2114 28 46 24 30 29 21 22 34 38 30 33 36 4041 28 28 19 47 19 17 30 23 23 21 106 24 38 27
internal_value=-0.000187522 -0.027992 -0.000691534 0.02219 -0.0273182 -4.80112e-05 -0.0206067 0.000130507 -7.3863e-05 -0.0315583 0.000153703 0.0286755 -0.000246432 7.78954e-05 -0.000293882 0.000458628 -0.0158044 -0.00633102 0.0157026 -0.0285925 -0.00480126 -0.033679 0.00764659 -0.00980439 -0.0482406 -0.0363558 -1.52303e-05 0.0127096 0.00191444 0.0333507
internal_weight=737.306 3.68103 2.70974 2.20246 0.752187 733.625 6.3155 727.309 722.931 5.18778 717.743 9.92998 707.814 701.513 696.011 663.806 32.2053 28.5404 14.3436 14.1968 10.9804 8.30679 4.96946 11.2699 6.00208 6.30085 660.602 26.9014 22.6381 8.63263
internal_count=7100 2286 2194 80 52 4814 54 4760 4731 48 4683 72 4611 4560 4527 4257 270 234 93 141 94 75 47 74 46 51 4236 195 171 65
is_linear=0
shrinkage=0.1


Tree=71
num_leaves=31
num_cat=0
split_feature=4 1 0 3 4 1 0 4 3 3 3 1 4 4 3 3 3 3 3 4 1 4 3 0 3 0 4 3 3 3
split_gain=0.279734 1.22798 1.8521 0.449623 0.32202 2.00965 3.95307 0.528328 1.96833 1.73533 1.77353 1.43032 0.761228 2.04604 0.905835 0.508391 1.7322 0.733386 0.592117 0.41797 1.66579 1.29947 1.56982 1.06141 0.820088 0.61409 0.385891 2.18425 2.40816 3.7218
threshold=54.562109776062009 0.59368507065000009 17.095000000000002 3.3055281837000003 46.613427510235006 0.58017114855000018 16.835000000000004 40.192409113974009 2.1114367761680004 1.7855564088540004 1.1168054096230002 0.81951352970000013 36.660282957685006 34.938787536239509 1.5694706825845002 1.4483160408810003 1.5494936103805002 2.0991876050370002 1.2408006881065001 33.108337437447005 0.40884258720000005 31.0508717856525 1.2344912469990001 18.725000000000005 1.2497869916300002 17.725000000000005 29.473350025835003 1.8345582496220001 1.4384189407415002 1.2042857910045002
decision_type=2 2 2 2 2 2 2 2 2 2 2 2 2 2 2 2 2 2 2 2 2 2 2 2 2 2 2 2 2 2
left_child=3 -2 -3 4 7 -6 -7 12 9 10 -9 -12 13 19 -15 18 -17 -18 -14 21 24 26 -23 -24 -21 -22 -1 28 29 -28
right_child=1 2 -4 -5 5 6 -8 8 -10 -11 11 -13 15 14 -16 16 17 -19 -20 20 25 22 23 -25 -26 -27 27 -29 -30 -31
leaf_value=-7.1277788073250282e-05 -0.063733687238263323 -0.043916192088541257 0.059084727218347337 0.043921676600307998 0.061667816993964453 0.067703457101723652 -0.094364099969281925 0.039856819666003046 -0.11441703572973344 0.057142742687422678 -0.089858802591489803 0.015878121981309758 0.034777617744048396 -0.028271662449564711 -0.10788685411784181 0.10796977270695628 -0.013063589897814594 0.051412303256343807 -0.022673743585734103 0.016763927409848122 0.015523534480997981 0.0071726045714132006 -0.022745715243953881 -0.11477883841671262 0.098718698317646167 -0.070293319314248051 -0.032173712667542667 0.096780979720077862 -0.083807236547328079 0.11202151860522597
leaf_weight=644.31276634661481 3.6035521514713746 3.4541414603590965 3.5296705514192581 2.3285885280492939 5.2940060188411717 2.7028128728270531 3.396074004471302 2.6713972819270548 1.8934665937267698 3.2925743479281655 4.2360018225153908 1.8328713998198507 3.0399316801340346 3.8024792619398786 2.2895699637010694 2.4754815027117711 4.6361272789363284 2.8478256946837064 4.3767725713551044 2.334623283648396 1.5142273362725975 4.3273017869796586 2.2188037019222975 2.8792400554521009 2.5596836385084316 1.8557797614485023 4.4647601374890638 2.7323257845418985 2.7532441028160974 2.9878801727900282
leaf_count=6255 37 23 21 22 33 16 32 16 26 30 50 13 18 33 48 16 49 28 28 13 19 27 35 48 28 24 28 28 37 19
internal_value=-0.000184904 -0.0163224 0.00814124 5.0413e-05 -9.07424e-05 0.0165886 -0.0225414 -0.000357507 -0.0196437 -0.00473033 -0.0280387 -0.057925 2.70604e-05 -0.000500285 -0.0581934 0.0206956 0.0354564 0.0114711 0.000874211 2.04557e-05 0.0223713 -0.000256612 -0.037124 -0.0747236 0.0596256 -0.0317337 0.000272087 0.0173714 -0.00388823 0.0256364
internal_weight=736.644 10.5874 6.98381 726.057 723.728 11.3929 6.09889 712.335 13.9263 12.0328 8.74027 6.06887 698.409 681.033 6.09205 17.3761 9.95943 7.48395 7.4167 674.941 8.26431 666.676 9.42535 5.09804 4.89431 3.37001 657.251 12.9382 10.2059 7.45264
internal_count=7100 81 44 7019 6997 81 48 6916 135 109 79 63 6781 6642 81 139 93 77 46 6561 84 6477 110 83 41 43 6367 112 84 47
is_linear=0
shrinkage=0.1


Tree=72
num_leaves=31
num_cat=0
split_feature=3 3 4 4 4 4 0 4 3 0 3 0 3 4 4 3 3 4 3 4 4 3 3 4 4 4 3 4 0 0
split_gain=0.266038 1.03104 1.00899 3.11125 2.05271 1.67384 2.06055 1.39518 2.71086 1.08732 1.46478 1.55202 1.08417 1.07695 2.62025 0.756212 1.20632 1.01063 0.805581 1.5511 2.64287 1.04959 0.905273 2.58564 6.49093 2.78388 0.697198 0.575113 5.35454 1.09806
threshold=2.6174722250135005 2.6299947006465003 5.2860507316945009 6.3163546264935002 3.4895522184880003 13.414668312172003 17.555000000000003 14.719531518122002 2.6863147326505001 21.185000000000006 2.7184211241450007 19.955000000000002 2.7837177864175007 17.131307325111003 18.953983641650503 2.5922710842515007 2.5738845363860006 10.546354718483 2.5482720604245004 5.0413543349490011 13.706191163720503 2.5386163268610002 2.4900758947025006 10.546354718483 4.4155824144550007 13.240980433598503 2.5834937169760006 0.85774921404450011 20.605000000000004 22.005000000000006
decision_type=2 2 2 2 2 2 2 2 2 2 2 2 2 2 2 2 2 2 2 2 2 2 2 2 2 2 2 2 2 2
left_child=15 -2 4 -4 12 6 -5 -7 -9 10 -8 -12 -3 -10 -15 16 18 -17 21 -20 -21 22 27 24 -24 -25 -18 28 -1 -30
right_child=1 2 3 5 -6 7 9 8 13 -11 11 -13 -14 14 -16 17 26 -19 19 20 -22 -23 23 25 -26 -27 -28 -29 29 -31
leaf_value=-0.17184640686124006 -0.076478408545908011 0.030353031763739359 0.090331382114200942 -0.11335778338506926 -0.11610005678753042 0.075367483047706921 -0.085406950150453298 -0.10726273681798176 -0.045472553541436256 0.048264839641737861 0.031707091754043869 -0.058827606426174787 -0.049840060057575825 0.10893502367670008 0.0048139796403878056 -0.012007911320650898 -0.088080792685875403 0.069755184609688409 0.10022480503771336 -0.079463805757847852 0.080987687804292302 -0.064027994973540919 -0.031790903329232789 -0.13069395256067495 0.15811766531200255 0.026278233104565327 -0.0059561170697229352 -1.4418967912951204e-05 0.15639377316480524 -0.01499879841048561
leaf_weight=1.5929111838340753 2.0457102213986209 3.6334558701637416 3.660460832543321 2.5704296305775634 2.3048086524213431 2.8904148124274824 3.1993965804576856 2.0782840329775381 2.7735847229923847 2.223598032273002 4.6542315594851971 3.1922070607542992 3.1451887832954526 2.8773098737001446 15.105922986549556 2.6211506925465065 2.4330019171175072 3.5717142419889569 2.3546674665994933 2.1145131555822445 1.9952214229560921 2.5473705472249994 3.5092040317831543 1.7274270509806227 3.6946612776519032 3.2657389353989856 1.7974228802340801 644.90430060058134 0.94564812257885911 0.61815012902661692
leaf_count=8 28 28 30 29 28 22 30 48 27 35 42 24 28 16 133 25 28 31 15 20 21 28 34 15 31 32 28 6118 7 111
internal_value=-0.000183457 -0.00678597 -0.00416081 0.00194773 -0.0345748 -0.00583579 -0.0314097 0.00991072 0.00162535 -0.0155355 -0.0283789 -0.00512561 -0.00685535 0.0125278 0.0214733 0.000363973 4.4126e-05 0.0351487 0.000380602 0.035511 -0.00156674 3.7972e-05 0.000285148 0.0272758 0.0656079 -0.0280276 -0.0531877 -0.000222839 -0.0428022 0.0886444
internal_weight=736.048 56.355 54.3093 45.2258 9.08345 41.5654 15.8399 25.7255 22.8351 13.2694 11.0458 7.84644 6.77864 20.7568 17.9832 679.693 673.5 6.19286 669.27 6.4644 4.10973 662.805 660.258 12.197 7.20387 4.99317 4.23042 648.061 3.15671 1.5638
internal_count=7100 548 520 436 84 406 160 246 224 131 96 66 56 176 149 6552 6496 56 6440 56 41 6384 6356 112 65 47 56 6244 126 118
is_linear=0
shrinkage=0.1


Tree=73
num_leaves=31
num_cat=0
split_feature=1 3 3 3 0 3 3 4 4 4 4 0 0 3 4 3 3 3 3 3 0 4 0 3 1 3 4 4 0 4
split_gain=0.277001 0.785041 1.81643 1.44256 1.78457 1.28803 0.986754 1.8898 0.798886 0.736542 0.730427 0.654394 0.56774 0.455079 0.809039 0.974662 0.70356 1.75927 0.38722 1.06105 1.16192 0.925865 0.340488 0.393448 0.324352 0.949243 0.895704 0.950916 0.512094 1.65854
threshold=0.10606110020000002 1.9563022026870003 2.4900758947025006 1.2344912469990001 22.005000000000006 1.2408006881065001 2.5255478824850006 2.6274761420165005 1.4276970370950004 2.9048056676985001 2.7681239181285004 22.095000000000002 22.005000000000006 0.7841024627130001 0.85774921404450011 0.87938481153400005 1.1393672292635002 1.1469728795410001 1.5431838507160003 1.5494936103805002 22.095000000000002 25.834092352474503 22.205000000000002 1.3042896367285002 0.11469807470000001 1.1911206979435003 4.7457080605250006 10.007612802451002 21.740000000000006 10.176786391451001
decision_type=2 2 2 2 2 2 2 2 2 2 2 2 2 2 2 2 2 2 2 2 2 2 2 2 2 2 2 2 2 2
left_child=1 3 9 12 -5 -6 -4 -8 -7 11 22 -3 -1 -14 -15 -16 -17 -18 21 -20 -21 -12 -10 -24 25 -2 -27 -28 -26 -30
right_child=24 2 6 4 5 8 7 -9 10 -11 18 -13 13 14 15 16 17 -19 19 20 -22 -23 23 -25 28 26 27 -29 29 -31
leaf_value=-0.1294796011195519 -0.028076551252952078 0.13814873204930489 0.10983309856855542 0.11592301746306673 0.22015581766398251 -0.12573408866554159 0.13631112534014131 -0.11406609328802962 0.13921317242292952 -0.13959458110151651 -0.08427941320362721 -0.10437893970621158 -0.12199600175225481 0.15815335821896184 0.072624322019958928 -0.11118080471412412 0.23080997817365706 -0.085266220267040282 0.148520605630688 0.13858660306471621 -0.1025407005791116 0.034260949979450242 0.090309192147128875 -0.10623339970152455 0.00011770245281934735 -0.01836335028053698 0.076108311660791808 0.012135505925651239 0.014462899007390152 -0.065215537659876824
leaf_weight=0.69064682722091841 4.0527626797556904 0.1998878121376032 0.74731160279770881 1.7186511904001234 0.25481424172176037 0.5368981815263395 0.44603805977385469 0.93001141960849054 0.49579906463623036 1.8229173512809209 1.6638757327455098 0.25090280601580162 0.47032897498866111 0.24448797185323234 0.68303143761295393 1.2906619588320611 0.24712906393688161 0.61264729923277628 0.47799043341365155 0.28031286224722862 0.69610663967614528 1.0908818526077082 0.27784305595559999 0.16079979900678154 692.31022923346609 3.159579884260892 4.5256940573453885 4.7751888446509838 5.6911797672510129 4.829179048538208
leaf_count=4 22 1 30 9 12 93 37 100 3 406 389 188 35 28 63 362 13 129 8 2 396 31 8 100 4514 20 20 23 27 27
internal_value=-0.000181573 -0.0130765 -0.0491799 0.000271768 0.0261902 0.000206833 0.0173295 -0.0329078 -0.00965956 -0.111291 0.00245648 0.00316173 -0.0465274 -0.0303814 -0.0163822 -0.0314422 -0.0644962 0.00558486 -0.015299 0.0264436 -0.0333173 -0.0373375 0.0824355 0.0182597 0.00011044 0.0139636 0.0276372 0.0432639 -0.000215045 -0.022112
internal_weight=735.634 16.29 4.39707 11.8929 7.65397 5.93532 2.12336 1.37605 5.68051 2.27371 5.14361 0.450791 4.23893 3.54829 3.07796 2.83347 2.15044 0.859776 4.20917 1.45441 0.97642 2.75476 0.934442 0.438643 719.344 16.5132 12.4605 9.30088 702.831 10.5204
internal_count=7100 2447 762 1685 1051 1042 167 137 1030 595 937 189 634 630 595 567 504 142 826 406 398 420 111 108 4653 85 63 43 4568 54
is_linear=0
shrinkage=0.1


Tree=74
num_leaves=31
num_cat=0
split_feature=4 3 1 4 3 0 4 1 4 0 4 0 4 4 3 3 4 4 4 0 0 4 0 1 1 3 3 3 3 4
split_gain=0.274292 2.67368 2.17846 1.07058 2.74176 6.26745 1.30909 1.11338 1.1124 0.878072 1.28868 0.87107 0.598646 1.26294 1.31596 0.910796 1.87572 0.858488 1.45317 0.565231 0.497976 0.470836 1.31712 2.32634 3.4524 2.50754 2.41977 1.13632 2.21155 1.43683
threshold=0.98492961169400017 2.4458866367500005 0.21555402060000003 1.3291051223945003 1.9004980770420004 21.285000000000004 1.5848971776135001 0.15260056015000004 1.7709816911940002 19.805000000000003 1.6717198954145003 22.005000000000006 2.4124982457480004 2.3290377884175002 1.7366798324065003 1.4845394293650003 2.0952952542685002 2.0092280682095005 1.9246017002275002 19.205000000000002 20.795000000000005 3.1108815323000005 16.935000000000006 0.35773063045000003 0.21855267575000001 2.3763879008035005 2.4817950210465001 1.3042896367285002 1.7538197292030002 2.7681239181285004
decision_type=2 2 2 2 2 2 2 2 2 2 2 2 2 2 2 2 2 2 2 2 2 2 2 2 2 2 2 2 2 2
left_child=1 2 11 4 5 -2 7 -5 9 -8 -11 -1 13 14 15 16 -10 18 -16 -19 -21 22 -14 24 25 27 -27 -24 -29 -30
right_child=3 -3 -4 6 -6 -7 8 -9 12 10 -12 -13 21 -15 17 -17 -18 19 -20 20 -22 -23 23 -25 -26 26 -28 28 29 -31
leaf_value=0.14224334962579463 0.18356787569350125 0.15736217424735854 -0.066822115777190647 0.15721908876219309 -0.12806986149391067 -0.18267020677401555 -0.11085661773206057 0.028020027496489713 0.10943075778229971 0.068275540465444193 -0.10305012570181458 -0.013641051555549686 0.084744387749752598 0.10006563257362383 -0.021864756802512091 0.11791793774407221 -0.15865453136036836 -0.078849951121261766 0.093514427101609732 -0.045272161593948694 0.033098130365526938 -2.4079381581816144e-05 -0.15449346567568545 -0.071950339819082554 0.071015820506717939 0.16000069869241507 -0.039734806413192623 0.025686708039744807 -0.16668167411441059 -0.035340161797305418
leaf_weight=0.93217994458973297 1.1545542534440745 1.1533277010166783 2.7736320942640305 0.89293213575729113 2.1815023108356399 0.78494556149234984 1.6147957220673554 2.6361432932317257 0.63639420863182505 0.97425366293464299 0.79917806075536646 0.58244097996794153 1.2471582368016267 1.7394478022324626 2.7671689280396077 1.6312739654676987 0.44243402351276018 1.9200068712234495 1.8027479225856948 1.830305874347687 1.455571537473588 682.4179595324822 1.1633560479822351 6.2442587390542021 4.7307566329836837 1.1383066114649412 1.2983893013588383 2.461947352392599 1.6230140074039812 1.7109597242379093
leaf_count=8 6 23 13 69 35 43 8 15 31 23 25 124 6 28 35 31 19 8 17 8 47 6204 49 29 25 23 25 45 37 41
internal_value=-0.000168453 0.0221997 -0.0141523 -0.000335351 -0.0511603 0.0353457 -4.65255e-05 0.0607102 -0.000343643 -0.0575075 -0.00893054 0.0822987 -7.39865e-05 0.020236 0.0091147 0.0707735 -0.000512651 -0.0079787 0.0236502 -0.0357437 -0.0105558 -0.000484358 -0.0150139 -0.0211214 0.00134591 -0.033732 0.053572 -0.0643003 -0.0461968 -0.0992786
internal_weight=734.741 5.44158 4.28825 729.3 4.121 1.9395 725.179 3.52908 721.65 3.38823 1.77343 1.51462 718.261 14.2254 12.4859 2.7101 1.07883 9.7758 4.56992 5.20588 3.28588 704.036 21.6181 20.371 14.1267 9.39597 2.4367 6.95928 5.79592 3.33397
internal_count=7100 168 145 6932 84 49 6848 84 6764 56 48 132 6708 224 196 81 50 115 52 63 55 6484 280 274 245 220 48 172 123 78
is_linear=0
shrinkage=0.1


Tree=75
num_leaves=31
num_cat=0
split_feature=3 3 1 1 3 4 4 0 0 4 1 0 4 3 4 4 4 0 4 4 0 3 3 0 4 4 4 3 3 4
split_gain=0.297209 1.72808 1.15739 1.69969 1.20164 2.94714 3.63492 3.14478 3.95097 2.31231 2.44722 1.82623 2.04219 1.62205 2.31456 4.33742 3.07169 1.77182 1.30227 1.48676 1.16504 2.47985 1.0614 0.908678 0.886576 2.08495 1.89318 2.81762 2.29561 1.58632
threshold=2.1536728395620002 2.1620966166470006 2.3364666249500003 1.9478527727500003 2.3126556205695006 3.9976733121360009 8.2454191482415009 20.905000000000005 21.565000000000001 7.2993572659785011 0.44828698250000004 19.705000000000002 5.8533350908610009 2.2547791427275006 10.754686174844002 16.237724264327003 23.190836565998506 19.235000000000003 9.776391253072001 26.122062919325504 21.005000000000006 2.2735790076400004 2.3203953990300001 19.175000000000004 48.48484628485501 35.57030006452451 28.781460484395506 2.3293993512645002 2.3378096279905005 26.659016121115005
decision_type=2 2 2 2 2 2 2 2 2 2 2 2 2 2 2 2 2 2 2 2 2 2 2 2 2 2 2 2 2 2
left_child=-1 -2 3 4 5 20 7 9 -9 10 11 -7 -13 14 -8 17 -17 -16 -15 -20 -3 -22 -6 -18 25 26 27 -24 -29 -30
right_child=1 2 -4 -5 22 6 13 8 -10 -11 -12 12 -14 18 15 16 23 -19 19 -21 21 -23 24 -25 -26 -27 -28 28 29 -31
leaf_value=0.0010657289938183264 -0.085704130637758544 -0.098517539949681834 -0.071201343092504463 0.069742140787959955 0.061019639556326832 0.078489543930519406 -0.074573249217326637 0.21138270093578482 0.0010837638544941987 0.087917496366539324 -0.086341998449810872 0.031820079647288807 -0.082303458756981432 0.018002907404207541 0.13294765373633036 -0.11073194303973977 0.047859236005341234 0.018489742308157722 -0.1126325502992396 -0.0031079299172300503 0.10683557303807337 -0.16748070653116454 -0.12250025120915529 -0.0347163683818539 -0.04857285544579814 0.081847971381315693 -0.081183632031285619 0.10647929511904466 0.00018381051385724272 0.073367076174020593
leaf_weight=538.20189526600007 2.5233129320695289 5.3499072939157477 2.41523753106594 3.2874664813280097 3.0033328859717576 3.0378142111003417 4.7362233276653631 1.8768235296010964 1.7048955618665784 2.9029947593808165 3.2193154841661444 3.7794990316033363 2.6797360554337502 1.4695730889070526 2.7480335906147948 3.4501947266253392 2.9209982119500637 2.6631933655589819 5.0811282702779863 1.639273229986429 0.87737281483714447 0.52779599325731397 1.7889406396789116 2.4506660000188276 3.5256754122674456 3.2089647971442892 2.7935110784310373 2.1439663328928864 115.04059095443517 3.0401602037600233
leaf_count=5040 28 32 31 29 28 26 53 8 56 24 28 25 21 18 22 46 32 22 64 18 49 24 27 26 25 36 47 25 1156 34
internal_value=-0.000148182 -0.00348342 -0.00241048 -0.00154036 -0.0027891 -0.0155249 -0.00653337 0.0267686 0.111281 0.00738897 -0.0109947 0.0145465 -0.0155262 -0.0300772 -0.0140194 0.00613065 -0.0371042 0.076616 -0.0672699 -0.0859168 -0.0772339 0.00379953 0.0022387 0.0101865 0.000896623 0.00225906 0.000212715 0.00207629 0.00392999 0.00206802
internal_weight=734.088 195.887 193.363 190.948 187.661 53.1154 46.3604 19.2011 3.58172 15.6194 12.7164 9.49705 6.45924 27.1593 18.9693 14.2331 8.82186 5.41123 8.18997 6.7204 6.75508 1.40517 134.545 5.37166 131.542 128.016 124.807 122.014 120.225 118.081
internal_count=7100 2060 2032 2001 1972 594 489 188 64 124 100 72 46 301 201 148 104 44 100 82 105 73 1378 58 1350 1325 1289 1242 1215 1190
is_linear=0
shrinkage=0.1


Tree=76
num_leaves=31
num_cat=0
split_feature=3 1 1 3 0 1 0 0 4 4 0 3 4 3 4 0 0 0 0 0 4 4 4 1 3 4 0 3 3 3
split_gain=0.252207 1.24662 1.14543 1.23216 2.1219 1.90642 3.33665 2.30399 2.39339 2.4154 2.05383 2.49669 2.00215 2.08628 2.02548 1.51514 3.89527 2.53413 4.11112 2.16055 2.11177 1.26227 1.10865 1.45792 0.886928 1.50614 0.876015 0.830173 0.756165 3.11171
threshold=2.1417294064850005 2.3364666249500003 1.9478527727500003 2.3126556205695006 16.395000000000003 0.8309140985000002 17.095000000000002 18.015000000000004 3.3467201238965005 8.2454191482415009 21.005000000000006 2.2735790076400004 11.086980089100502 2.2547791427275006 15.885190213481001 20.905000000000005 21.495000000000001 20.605000000000004 20.295000000000005 19.705000000000002 6.979960506837501 23.649912249939501 23.190836565998506 0.36270715920000007 2.2007077643015003 5.7981778618085009 20.005000000000006 2.3203953990300001 1.8406180853655003 1.7913816334265003
decision_type=2 2 2 2 2 2 2 2 2 2 2 2 2 2 2 2 2 2 2 2 2 2 2 2 2 2 2 2 2 2
left_child=28 2 3 4 -2 7 -7 -6 10 15 -9 -12 26 14 -14 17 -17 18 19 24 -18 -15 -16 -24 -10 -26 -11 -5 29 -1
right_child=1 -3 -4 27 5 6 -8 8 9 12 11 -13 13 21 22 16 20 -19 -20 -21 -22 -23 23 -25 25 -27 -28 -29 -30 -31
leaf_value=0.00082898725376859348 -0.12118996206815436 -0.072624144821926459 0.054143856745676115 0.053155375006955441 -0.11123130006831801 -0.038712046978111779 0.11665355705988752 -0.11494322431488367 -0.030192230114030289 -0.044556518638814296 0.1153636236927236 -0.15777985321989463 0.071477356438814491 -0.11237126458300216 -0.070927597636892825 0.20519926376297126 0.058257492689370673 -0.085370427120523215 0.13391170973148017 -0.066575813881515289 -0.1388748104757391 0.00096878729271891425 -0.037575342550915582 0.077153678098399098 -0.004799023267954252 0.089231258031737523 -0.1172263563168517 0.00077947404627440591 0.0077986612529927744 -0.040598737065015225
leaf_weight=389.38980977798929 1.8338359221816052 2.5521814171224824 3.5329180080443612 3.0974988711895994 2.5150916203856459 2.6031173616647711 2.9474295414984226 3.8515119701623908 2.2877167984843307 4.1716489717364338 0.99085516350169178 0.50529938102408778 3.9584933357837127 2.5630107846372985 2.5291090926621109 1.4392559081315983 1.8533490294357764 2.6277418285608283 2.6627779304981223 3.7425725534558287 0.76884632334258629 1.5935655459761617 2.5758707458444405 1.9431619346141813 3.4395822808146477 3.3748211711645126 2.7539147805873654 131.57793590635993 124.63430201125448 19.01625791045808
leaf_count=3724 17 34 30 28 32 31 26 21 22 40 48 23 32 35 37 6 59 19 17 30 17 17 29 18 27 28 43 1350 1064 196
internal_value=-0.000156109 -0.00318146 -0.00228518 -0.0033117 -0.015292 -0.0119262 0.0437896 -0.0178565 -0.0131248 -0.00549399 -0.0763179 0.0231143 -0.0289051 -0.00855842 0.0142361 0.0178033 0.0730114 0.00543928 0.020827 -0.00261611 0.0004569 -0.0689185 -0.0179126 0.0117576 0.0236826 0.0417693 -0.0734533 0.00198411 0.000980683 -0.00109998
internal_weight=733.333 200.293 197.741 194.208 59.5326 57.6987 5.55055 52.1482 49.6331 44.2854 5.34767 1.49615 22.0888 15.1632 11.0066 22.1967 4.06145 18.1352 15.5075 12.8447 2.6222 4.15658 7.04814 4.51903 9.10212 6.8144 6.92556 134.675 533.04 408.406
internal_count=7100 2116 2082 2052 674 657 57 600 568 476 92 71 251 168 116 225 82 143 124 107 76 52 84 47 77 55 83 1378 4984 3920
is_linear=0
shrinkage=0.1


Tree=77
num_leaves=31
num_cat=0
split_feature=3 3 0 1 0 3 0 3 0 3 0 1 1 4 4 4 3 0 4 4 3 4 3 3 3 4 4 3 3 4
split_gain=0.256129 0.902731 0.875807 2.71986 1.35284 1.25322 1.25861 1.16447 3.2589 1.80768 2.13792 1.35223 3.02315 0.967726 0.941491 0.971574 0.828766 0.750339 0.9992 0.677354 0.571534 2.05511 1.0272 0.643724 0.637775 1.2675 2.14136 0.958216 0.613653 2.07686
threshold=2.6174722250135005 2.6299947006465003 17.555000000000003 0.61880829675000015 17.785000000000004 2.8083144312000008 16.675000000000004 2.7653586668395005 21.285000000000004 2.7837177864175007 21.205000000000002 0.52427135305000017 0.37115569425000006 10.176786391451001 18.539201925885504 8.2454191482415009 2.6974348278020002 19.265000000000004 9.0019997390320015 10.007612802451002 2.5922710842515007 14.719531518122002 2.5738845363860006 2.5834937169760006 2.5482720604245004 5.0413543349490011 13.706191163720503 2.5386163268610002 2.4900758947025006 10.546354718483
decision_type=2 2 2 2 2 2 2 2 2 2 2 2 2 2 2 2 2 2 2 2 2 2 2 2 2 2 2 2 2 2
left_child=20 -2 5 7 -5 16 -7 8 17 -9 11 12 14 -12 15 -11 -3 -4 -19 -10 22 -22 24 -24 27 -26 -27 28 -1 -30
right_child=1 2 3 4 -6 6 -8 9 19 10 13 -13 -14 -15 -16 -17 -18 18 -20 -21 21 -23 23 -25 25 26 -28 -29 29 -31
leaf_value=-9.79096330511343e-05 -0.073446197079327605 -0.044519125593500679 -0.093012902340912237 -0.00056786628574314734 0.082881552750897799 -0.014296153672640539 -0.11205980707774846 0.083744267347259815 0.10956066417249828 0.01030744076106894 -0.15680159478508182 -0.055865155340872365 0.092746227042669258 -0.023155634512504856 0.034288186968641277 -0.067201877354031159 0.033202169475422941 -0.079878740459097763 -0.00017735882668002206 0.01106674098090151 0.075811343517730348 -0.041016220716071868 -0.084735467019981428 -0.0046573224699591803 0.090815775486612266 -0.075248119904842023 0.068951214537417718 -0.062593845788376554 0.055688037519537492 -0.027719792207071593
leaf_weight=644.9079937638744 1.9536176916590182 2.2508855098858458 4.05924553144723 3.0244881622493249 5.431290321983397 2.5588660091161728 2.7130285948514938 2.5190456642449162 1.4508569068420905 2.9225879386067444 1.2512278597569086 2.9214670881628981 3.9552803747355929 0.95558779443672381 3.1043346002697945 3.6207771524786949 3.5137425437569618 2.9863460659980774 3.3235602267086506 1.3459838468697851 3.8636342268291619 2.4672549981623888 2.3077411371341432 1.7767246607836567 2.3211184431565917 2.0156853758526267 2.1055651928909356 2.4293186347495057 7.4636438077723124 4.9754310444986913
leaf_count=6244 28 35 44 20 39 25 34 22 25 22 31 22 31 22 23 28 27 19 34 17 33 23 28 28 15 20 21 28 65 47
internal_value=-0.000160866 -0.00666882 -0.00424884 0.00221818 0.0530331 -0.0293704 -0.0646074 -0.0102666 -0.0336355 0.004212 -0.00648377 0.00586237 0.0191194 -0.0989307 -0.0110655 -0.0325824 0.00285472 -0.0594742 -0.0378983 0.0621603 0.000376424 0.0302817 9.39743e-05 -0.0499018 0.000400489 0.0317118 -0.00157604 9.47513e-05 0.000326426 0.0223262
internal_weight=732.496 55.8622 53.9086 42.8721 8.45578 11.0365 5.27189 34.4163 13.166 21.2503 18.7313 16.5244 13.603 2.20682 9.6477 6.54337 5.76463 10.3692 6.30991 2.79684 676.634 6.33089 670.303 4.08447 666.219 6.44237 4.12125 659.776 657.347 12.4391
internal_count=7100 548 520 399 59 121 59 340 139 201 179 126 104 53 73 50 62 97 53 42 6552 56 6496 56 6440 56 41 6384 6356 112
is_linear=0
shrinkage=0.1


Tree=78
num_leaves=31
num_cat=0
split_feature=1 3 3 3 3 0 4 0 3 3 4 4 4 4 4 0 1 3 3 3 3 4 4 3 0 0 4 4 4 4
split_gain=0.256432 0.728183 1.56271 1.9052 1.24226 1.48427 1.12666 1.17929 0.910356 0.73308 0.744477 0.589992 0.583778 1.61065 0.574805 0.563882 0.52268 0.515358 1.46135 0.526338 0.77622 0.89374 0.367989 0.346557 0.877179 0.685534 0.473406 0.27286 0.62356 0.995399
threshold=0.10606110020000002 1.9563022026870003 2.4900758947025006 2.5006460182170005 1.1806122030995001 22.005000000000006 2.6274761420165005 22.405000000000005 2.5255478824850006 1.37315115852 6.1634119900705011 2.9048056676985001 25.834092352474503 5.0413543349490011 6.2371474761970012 22.095000000000002 0.096728873050000011 1.1469728795410001 1.1393672292635002 1.0065473751830003 0.98993921542300012 17.336409698829005 2.0952952542685002 1.7988507655635002 22.405000000000005 22.095000000000002 20.657276586388004 0.98492961169400017 1.3291051223945003 1.5848971776135001
decision_type=2 2 2 2 2 2 2 2 2 2 2 2 2 2 2 2 2 2 2 2 2 2 2 2 2 2 2 2 2 2
left_child=1 4 11 -4 17 -6 -5 -8 -9 12 -11 15 13 16 -12 -3 22 18 19 20 21 -1 -7 24 -16 -25 -26 -2 -29 -30
right_child=27 2 3 6 5 9 7 8 -10 10 14 -13 -14 -15 23 -17 -18 -19 -20 -21 -22 -23 -24 25 26 -27 -28 28 29 -31
leaf_value=-0.11786584362896507 0.024418059366652256 0.13064140906463959 0.28308571618836298 0.12325011821021077 0.10782928808490107 0.071981426524108688 -0.12594061424878206 0.19363522823916116 -0.10422514106877356 -0.11294061046656706 0.1466617943041994 -0.13602201989065635 0.099602019641442163 -0.11194814600309709 -0.10673748027919293 -0.10420953366827149 0.13000337432180886 -0.12034541451234003 0.20230283158807183 -0.11131954186487059 0.15202592787349214 0.027798819808181122 -0.10416839823657054 0.16714152084738237 -0.10106554462741524 -0.10295259830494129 0.11228241984850956 -0.041144815385432618 0.056673576055881317 -7.6355010579311024e-05
leaf_weight=0.81446659063658378 4.5905280485749236 0.17953415215015356 0.2322886770271001 0.41550327837467183 1.6469612792134283 0.27260498621035389 0.96024384489282943 0.25513666679034941 0.17163677086500684 0.86654366899165358 0.2299723265168726 1.6757278146906172 0.95924889721209172 0.73856928767054331 0.86648489884100832 0.23745470254652901 0.71600669994950294 0.75035840658529185 0.25304827076615755 0.90687911340501148 0.23343853150436178 0.87237796997942496 0.20992177666630596 0.2403380125761031 0.14124019880546257 0.15430547496362124 0.39452040058677085 3.6716523207724086 3.1043756864964953 705.1032038545236
leaf_count=224 25 1 16 40 9 42 22 9 80 373 5 406 16 215 41 188 5 49 14 210 14 39 61 1 233 72 62 17 18 4593
internal_value=-0.000158371 -0.0129281 -0.0488615 0.013539 0.000235281 0.024066 -0.0211971 -0.0644686 0.0738438 0.000238611 -0.0353627 -0.109535 0.0358037 0.00421098 -0.00219589 -0.00309469 0.0757914 -0.04603 -0.0279263 -0.0485333 -0.0188816 -0.0425331 -0.00465201 -0.0212472 -0.0445451 0.0615348 0.0560384 0.000116014 -4.06973e-05 0.000172404
internal_weight=731.865 15.3948 4.12753 2.03481 11.2673 7.43672 1.80252 1.38702 0.426773 5.78976 2.8934 2.09272 2.89635 1.9371 2.02686 0.416989 1.19853 3.83057 3.08021 2.82716 1.92028 1.68684 0.482527 1.79689 1.40225 0.394643 0.535761 716.47 711.879 708.208
internal_count=7100 2447 762 167 1685 1135 151 111 89 1126 787 595 339 323 414 189 108 550 501 487 277 263 103 409 336 73 295 4653 4628 4611
is_linear=0
shrinkage=0.1


Tree=79
num_leaves=31
num_cat=0
split_feature=4 4 1 1 3 3 0 1 4 3 4 4 1 0 4 1 3 3 3 3 3 0 1 1 3 4 3 3 1 0
split_gain=0.230353 1.22865 0.80127 1.13626 0.935293 1.69298 0.832621 1.74006 1.45204 0.932181 0.912179 0.800475 0.801715 3.35707 1.46727 1.97452 0.85474 1.90911 2.17411 1.42557 3.38848 2.94065 1.2924 0.849027 0.837748 0.710188 1.31242 2.80916 1.36539 1.11335
threshold=28.032890011635505 28.361377534483005 0.15260056015000004 0.19211272310000002 1.0456193384895001 1.3486996003260001 19.835000000000004 0.31300849755000004 34.423374790276505 1.37315115852 31.0508717856525 29.473350025835003 0.67228918965000017 17.615000000000006 30.187614679171503 0.33849801630000004 1.2898997802680003 1.5431838507160003 1.6490202708535002 1.7855564088540004 1.8615590187205002 18.415000000000003 0.54394642640000013 0.40884258720000005 2.0899030716415004 33.108337437447005 1.8547877875215002 1.6970675425730002 1.3981576005000003 17.095000000000002
decision_type=2 2 2 2 2 2 2 2 2 2 2 2 2 2 2 2 2 2 2 2 2 2 2 2 2 2 2 2 2 2
left_child=-1 -2 4 -4 -3 -6 7 -5 10 -10 -8 -9 14 25 -13 -16 23 22 -19 -20 -21 -22 -18 -17 -23 -14 27 -27 29 -28
right_child=1 2 3 6 5 -7 8 11 9 -11 -12 12 13 -15 15 16 17 18 19 20 21 24 -24 -25 -26 26 28 -29 -30 -31
leaf_value=0.00055902855168120965 -0.078941629044987638 -0.11757258643168163 0.036637090318522726 0.064860234640634173 0.048436585622060463 -0.10727493837276765 -0.030263901589097683 -0.046381551793351725 -0.029450388262009304 -0.11319972264600851 0.04298353902568286 0.086915475671421147 -0.046367532478555781 -0.095841237726266071 -0.080780312575494104 0.072885724845682343 -0.09441139725038733 0.1093301110479452 -0.068177755859880604 0.13879276259037063 0.055299810532943139 -0.11233811799922629 0.0039861040441046183 0.013131805760739024 -0.027827275848074668 -0.0004646388189648474 -0.11551703582804758 0.1055824915528235 0.01021992742275054 -0.0091465520313507697
leaf_weight=631.0419207324594 2.1752462367294347 1.2661841983790498 7.3720107264816752 3.887091612443327 1.7261242837703323 1.172583748004399 3.8679480254650098 4.1673160307109347 2.9303762279450893 2.4320819182321429 3.0336363073438406 2.2542980983853331 2.8841467928141418 4.2326559852808705 2.5636351965367785 3.6282884888350981 3.1057775132358101 2.1781576611101618 2.4023100286722174 1.8860478233546007 3.9904609452933055 1.8907956108450887 2.3409556187689304 6.8998013511300087 3.089706995524466 9.6772775277495402 2.1465541468933211 3.3670174255967131 5.5048054475337267 1.8168226629495619
leaf_count=6160 28 23 47 31 21 65 26 46 23 38 21 14 35 45 30 22 27 18 38 21 29 23 20 38 33 69 26 19 44 20
internal_value=-0.000147273 -0.00460924 -0.00295451 -0.00104383 -0.0458715 -0.0145518 -0.0042672 -0.000263341 -0.028398 -0.0674339 0.00193249 -0.00387826 -0.00118883 -0.0133893 0.00878876 0.00360507 0.010492 -0.00122008 0.0167391 0.0015288 0.0169526 -0.00866293 -0.0521211 0.0337248 -0.0599109 0.000352344 0.00633778 0.0269084 -0.0220024 -0.0667565
internal_weight=730.932 99.8901 97.7149 93.55 4.16489 2.89871 86.178 73.9139 12.264 5.36246 6.90158 70.0268 65.8595 29.6293 36.2302 33.9759 31.4123 20.8842 15.4375 13.2593 10.857 8.97096 5.44673 10.5281 4.9805 25.3966 22.5125 13.0443 9.46818 3.96338
internal_count=7100 940 912 803 109 86 756 648 108 61 47 617 571 258 313 299 269 209 162 144 106 85 47 60 56 213 178 88 90 46
is_linear=0
shrinkage=0.1


Tree=80
num_leaves=31
num_cat=0
split_feature=1 3 3 3 3 0 4 0 3 4 4 0 3 4 3 3 3 0 0 3 3 4 3 3 0 4 1 3 0 3
split_gain=0.222732 0.634634 1.38686 1.4063 1.06735 1.24019 0.949236 1.03802 0.751487 0.642927 0.513651 0.50087 0.480873 0.50719 0.472677 1.2027 0.494657 0.71361 0.480989 0.414238 1.47177 1.23539 0.742104 0.777707 0.905229 0.409756 0.352739 0.268674 0.259493 0.317865
threshold=0.10606110020000002 1.9563022026870003 2.4900758947025006 2.5006460182170005 1.1806122030995001 22.005000000000006 2.6274761420165005 22.405000000000005 2.5255478824850006 1.4276970370950004 2.9048056676985001 22.095000000000002 1.2408006881065001 2.7681239181285004 1.1469728795410001 1.1393672292635002 1.0065473751830003 22.105000000000004 22.505000000000006 1.3042896367285002 1.3298939770040004 28.361377534483005 1.5431838507160003 1.5494936103805002 22.095000000000002 26.122062919325504 0.083860245200000016 0.86918503322100016 22.205000000000002 1.3042896367285002
decision_type=2 2 2 2 2 2 2 2 2 2 2 2 2 2 2 2 2 2 2 2 2 2 2 2 2 2 2 2 2 2
left_child=1 4 10 -4 14 -6 -5 -8 -9 -7 11 -3 25 28 15 16 17 -1 -19 21 -21 -15 26 -24 -25 -11 -22 -20 -14 -30
right_child=-2 2 3 6 5 9 7 8 -10 12 -12 -13 13 19 -16 -17 -18 18 27 20 22 -23 23 24 -26 -27 -28 -29 29 -31
leaf_value=0.05763770528503849 9.7806108394718851e-05 0.12687380721209227 0.23218910135189549 0.11185963144127571 0.1006606884920779 -0.117608059939348 -0.12367041840503167 0.17514678670264683 -0.10381896165336016 -0.0061078571905972979 -0.13251462394907235 -0.10381234781702393 0.12866578832343378 -0.1475544572516384 -0.11817703912882878 0.18215987417184526 -0.11024736166717926 -0.11207982889965487 -0.10549286414570624 0.1668861287489582 0.034797708132674861 0.13677823670971426 0.13373792793728154 0.12078539499017762 -0.10208447571532737 0.19311823123887084 -0.10843702494709694 0.094713009787507796 0.083065772718832989 -0.10544117055082868
leaf_weight=0.75290056318044607 715.63356596697122 0.16694954037666265 0.25347259896807361 0.41201490504317906 1.5899524986743925 0.42667384506057704 0.88048255210742332 0.25381281091540586 0.15586485386302229 0.17453651907271694 1.5536039539583724 0.21575402969028801 0.41022123396396626 0.61874224924395127 0.69284121209784633 0.25279815967951424 0.82785098489694053 0.76508806250058092 0.09603188575420063 0.4618230311898518 0.20770065987017028 0.2029264269513078 0.43735844202456042 0.26798013970255852 0.56963856382208178 0.25271388451801613 0.9983641819562763 0.22195572529017227 0.24582183675374836 0.14062224956433056
leaf_count=5 4653 1 16 40 9 98 22 9 80 87 406 188 3 92 49 14 210 24 83 39 252 3 8 2 396 4 34 165 8 100
internal_value=-0.000150865 -0.0124183 -0.0469602 0.0124381 0.000246973 0.0230093 -0.0202852 -0.0624859 0.0690122 0.000209873 -0.106952 -0.00317846 0.0102871 0.000784696 -0.0439291 -0.0262916 -0.0460737 -0.0171375 -0.0691175 -0.0145554 0.0029726 -0.0773332 -0.0275384 0.025654 -0.0307815 0.111732 -0.0837701 0.0342511 0.0732722 0.0144704
internal_weight=730.14 14.5065 3.89196 1.95565 10.6145 7.00508 1.70218 1.29016 0.409678 5.41512 1.93631 0.382704 4.98845 4.5612 3.60947 2.91663 2.66383 1.83598 1.08308 3.76453 2.94287 0.821669 2.48104 1.27498 0.837619 0.42725 1.20606 0.317988 0.796665 0.386444
internal_count=7100 2447 762 167 1685 1135 151 111 89 1126 595 189 1028 937 550 501 487 277 272 826 731 95 692 406 398 91 286 248 111 108
is_linear=0
shrinkage=0.1


Tree=81
num_leaves=31
num_cat=0
split_feature=3 4 4 0 3 4 0 0 3 3 4 3 4 1 3 4 4 0 0 3 4 3 4 3 3 3 3 4 0 4
split_gain=0.216751 0.550446 1.89805 3.30827 1.45407 2.66932 1.36588 2.40013 1.98901 2.38608 1.8311 1.72231 1.94646 0.777293 3.60397 1.18915 2.25047 2.12527 1.06656 0.488617 0.903888 0.837836 0.616887 0.521284 1.15205 0.79045 0.508474 1.97441 3.87685 2.47168
threshold=2.6174722250135005 13.414668312172003 10.176786391451001 20.575000000000003 2.6974348278020002 17.507327042073005 19.955000000000002 18.725000000000005 2.7837177864175007 2.7428291567530003 7.4745972829275003 2.6974348278020002 5.9678886534530013 0.58017114855000018 2.8279768532560001 26.659016121115005 21.965982497054505 19.265000000000004 17.555000000000003 2.5922710842515007 10.546354718483 2.5738845363860006 13.117306157812001 2.5482720604245004 2.5605859765880004 2.5386163268610002 2.4181012957445005 7.7106131108395006 20.595000000000002 10.546354718483
decision_type=2 2 2 2 2 2 2 2 2 2 2 2 2 2 2 2 2 2 2 2 2 2 2 2 2 2 2 2 2 2
left_child=19 2 6 -4 5 -3 7 11 9 10 -8 -2 -13 15 -15 16 17 -6 -16 21 -21 23 -23 25 -25 26 -1 28 -28 -29
right_child=1 4 3 -5 13 -7 8 -9 -10 -11 -12 12 -14 14 18 -17 -18 -19 -20 20 -22 22 -24 24 -26 -27 27 29 -30 -31
leaf_value=-0.00033841390810624209 0.046563248071482814 0.051782142164892346 -0.11261486235572714 0.050174811338213332 -0.056107838517492237 -0.10815259179716885 -0.11156513487662545 0.088557261918168581 -0.084800385782776447 0.089743301629786526 0.028474152219693322 -0.10356100355927281 0.013585807228078634 0.11872197980423445 -0.049320652645369799 0.057257364117921365 -0.11284393465740419 0.057412197203458581 0.027473283793592679 -0.017007592515817231 0.059737827556599912 -0.083702149093068945 -0.0042703001283612039 0.078575363800162223 -0.0073676538757265174 -0.058068520620228242 -0.062076587153425435 0.088634966722642705 0.047213048772553952 0.0095722257699223587
leaf_weight=622.99561870942125 3.5743278339505249 1.6739519687034796 4.3070138357579699 1.7579052475193746 2.9648743942379969 2.7710308259120211 1.879508889971474 3.5822535604238501 4.0018976374994963 2.1757383781005046 1.8554907315992748 2.6998036839067936 2.9882506430149078 3.4238146767020208 3.1617369540035725 2.4924273058713871 2.0453176082955906 3.7164069643549738 4.2257135063409805 2.6162745049805372 3.7120793545618653 2.0598003746417812 1.8611591383814809 2.6910489433794273 3.7101246991514927 2.3288854300626545 7.8306664153933507 5.6734265469567644 5.5436166077051894 13.047887288077616
leaf_count=6020 23 16 53 23 21 70 27 28 51 16 16 22 25 22 38 18 22 31 26 25 31 27 29 28 28 28 44 44 124 124
internal_value=-0.000140168 -0.00615893 -0.0157212 -0.0654306 0.00425101 -0.0479222 -0.00247342 0.0190484 -0.0303611 0.00649729 -0.0419958 -0.0078343 -0.0420173 0.0147778 0.0339125 -0.00366141 -0.0210606 0.00703673 -0.00539357 0.000353581 0.0280097 9.14781e-05 -0.0459983 0.000363714 0.0287627 8.71984e-05 0.000293945 0.0125684 -0.0167762 0.0335319
internal_weight=729.368 55.2975 28.8222 6.06492 26.4753 4.44498 22.7573 12.8446 9.91264 5.91074 3.735 9.26238 5.68805 22.0303 10.8113 11.219 8.7266 6.68128 7.38745 674.071 6.32835 667.742 3.92096 663.821 6.40117 657.42 655.091 32.0956 13.3743 18.7213
internal_count=7100 548 284 76 264 86 208 98 110 59 43 70 47 178 86 92 74 52 64 6552 56 6496 56 6440 56 6384 6356 336 168 168
is_linear=0
shrinkage=0.1


Tree=82
num_leaves=31
num_cat=0
split_feature=3 3 3 3 3 0 1 4 1 4 4 4 0 4 1 0 0 4 3 4 4 3 3 3 1 3 4 3 1 3
split_gain=0.224842 1.35646 1.13175 1.5915 0.88503 0.876952 1.5569 1.19137 0.764443 1.66791 1.05747 0.740613 3.19166 0.846211 1.8547 3.76985 2.95421 1.27292 1.43149 1.06835 1.5845 1.08088 0.714108 0.662668 1.84529 1.54872 1.39594 1.02147 3.44617 1.79669
threshold=2.1536728395620002 2.1620966166470006 2.1677635608020007 2.1939556255510007 2.1492422679925007 20.335000000000004 0.44828698250000004 7.9850543575055015 2.3364666249500003 0.85774921404450011 1.4985887066210004 0.85774921404450011 20.605000000000004 2.4124982457480004 0.19658760325000005 18.305000000000003 21.185000000000006 1.4276970370950004 1.8479505954375004 1.4985887066210004 1.8590679096615002 1.6254877300670001 2.1417294064850005 2.2494137346950001 0.89445012255000012 2.2611577391305002 48.48484628485501 2.2735790076400004 0.40138036900000007 2.2950903670270004
decision_type=2 2 2 2 2 2 2 2 2 2 2 2 2 2 2 2 2 2 2 2 2 2 2 2 2 2 2 2 2 2
left_child=4 -2 -3 5 11 6 -4 -7 9 -5 -11 12 -1 14 16 -16 -13 18 -18 -19 21 -21 -15 24 -12 -25 27 28 -27 -29
right_child=1 2 3 8 -6 7 -8 -9 -10 10 23 13 -14 22 15 -17 17 19 -20 20 -22 -23 -24 25 -26 26 -28 29 -30 -31
leaf_value=-0.14977313792060087 -0.079150939627324446 0.075075642513424468 -0.11673565449275097 0.11628347428397007 0.061750923139766704 0.047352011005536931 -0.013083244384795543 -0.06854906925213837 -0.061859023789394778 -0.087450613908964997 0.005154746546340596 -0.12528353863932487 0.074843568576699424 0.00048289419769798823 -0.04881654253126478 0.093584493108370997 -0.13247200605984039 0.1782228709708045 0.066902376544223013 0.056858024694273972 0.09440585893928416 -0.17479994430607451 -0.050155927830645389 -0.05969607367867328 0.093664710399703352 0.12748445530721936 -0.058858650148857043 -0.053517824498952073 -0.057176883800827055 0.0018254497698608606
leaf_weight=1.4656713753938668 2.3156080449407446 1.8789733588710067 3.02347334474325 1.2225788342111616 2.3801716645539264 1.9942936865627419 2.7829255498945713 1.5971855677707933 2.0280733257532111 1.4011487762691093 18.99726709583047 1.8173726871609677 1.1129850036159039 513.24020697601372 2.6042896434664708 6.4969050791114569 0.86521965781867016 0.64187957784452043 0.61687815804179991 0.34516273444023715 1.478634760576824 0.48361341028794413 2.8000087253458323 4.5998435623987453 2.6888805888593188 2.4011311698923228 4.0253361519426099 6.1351957200240568 1.745111998170614 133.69383911097975
leaf_count=7 28 28 29 38 28 33 30 20 29 46 187 9 92 4567 13 40 66 12 16 40 101 22 27 54 23 27 31 78 19 1360
internal_value=-0.000144144 -0.00307561 -0.0021495 -0.00291995 0.000908151 -0.0430319 -0.0670565 -0.00419097 -0.00081326 -0.000113441 -0.000923426 0.000636943 -0.0528254 0.000896378 0.0240341 0.0528367 -0.0179163 0.0261165 -0.0494885 0.06411 0.0323659 -0.0783207 0.00020813 -0.000227804 0.0161292 -0.0025523 -0.00077628 0.000847617 0.0497624 -0.000602814
internal_weight=728.88 192.531 190.215 188.336 536.349 9.39788 5.8064 3.59148 178.938 176.91 175.688 533.969 2.57866 531.39 15.35 9.10119 6.24876 4.43139 1.4821 2.94929 2.30741 0.828776 516.04 174.287 21.6861 152.6 148.001 143.975 4.14624 139.829
internal_count=7100 2060 2032 2004 5040 112 59 53 1892 1863 1825 5012 99 4913 319 53 266 257 82 175 163 62 4594 1779 210 1569 1515 1484 46 1438
is_linear=0
shrinkage=0.1


Tree=83
num_leaves=31
num_cat=0
split_feature=1 3 3 3 3 0 4 0 3 4 4 0 3 3 3 0 0 3 4 3 3 4 3 3 0 4 0 0 3 3
split_gain=0.224208 0.551148 1.21878 0.992219 0.924187 1.05662 0.799686 0.903531 0.634639 0.524819 0.424864 0.429223 0.420129 1.01773 0.444094 0.598265 0.437031 0.394309 0.367879 0.36093 1.21273 1.0804 0.65312 0.667701 0.787434 0.347515 0.326191 0.263141 0.259156 0.244575
threshold=0.10606110020000002 1.9563022026870003 2.4900758947025006 2.5006460182170005 1.1806122030995001 22.005000000000006 2.6274761420165005 22.405000000000005 2.5255478824850006 1.4276970370950004 2.9048056676985001 22.095000000000002 1.1469728795410001 1.1393672292635002 1.0065473751830003 22.105000000000004 22.505000000000006 1.2408006881065001 2.7681239181285004 1.3042896367285002 1.3298939770040004 28.361377534483005 1.5431838507160003 1.5494936103805002 22.095000000000002 26.122062919325504 22.505000000000006 22.205000000000002 1.3042896367285002 1.1393672292635002
decision_type=2 2 2 2 2 2 2 2 2 2 2 2 2 2 2 2 2 2 2 2 2 2 2 2 2 2 2 2 2 2
left_child=1 4 10 -4 12 -6 -5 -8 -9 -7 11 -3 13 14 15 -1 -17 25 27 21 -21 -20 26 -24 -25 -11 -22 -19 -29 -2
right_child=29 2 3 6 5 9 7 8 -10 17 -12 -13 -14 -15 -16 16 -18 18 19 20 22 -23 23 24 -26 -27 -28 28 -30 -31
leaf_value=0.049836247341027796 0.004466526533721718 0.12226165207283 0.18827620135524628 0.10007852289193467 0.093968310630669627 -0.11451311626549759 -0.12225707327667837 0.1597414273497797 -0.10364977758792998 -0.010082914163964 -0.12932966402545917 -0.10344722041593586 -0.11627332667728263 0.16690523102355637 -0.10925120584104371 -0.11151913937291953 0.031980898246693527 0.1246095717660084 -0.14318442665710637 0.15103967391292283 -0.10761855042091882 0.13143859504557395 0.12674310944710673 0.11041710486200576 -0.10188861178917606 0.1756673150973814 0.031354313958248628 0.067776857185860073 -0.10523060348358278 -0.00067909618881827928
leaf_weight=0.75162966549396459 109.00456739403307 0.14892819523811285 0.26804807427106414 0.41460163488227397 1.5299673229455946 0.3760878313842112 0.79869517707265891 0.24876451722229831 0.14468568369193235 0.16862224214128207 1.4340990492491981 0.19401056609058287 0.6367298032491816 0.24846182245528314 0.75749859365896544 0.70137996785342671 0.30431267477251822 0.36019253730773915 0.57612858608627027 0.45932397757133037 0.90999857708811782 0.19066445081261918 0.41639159520855151 0.26400505751371384 0.51644388167187572 0.25011788948904723 0.20738295173214283 0.23811030184151605 0.13605650101817446 605.3328218399547
leaf_count=5 549 1 16 40 9 98 22 9 80 87 406 188 49 14 210 24 248 3 92 39 34 3 8 2 396 4 252 8 100 4104
internal_value=-0.000136502 -0.0128313 -0.0460805 0.0101638 -0.000688702 0.0211323 -0.0195501 -0.0611543 0.0628831 -0.000849325 -0.105419 -0.00542851 -0.0430438 -0.0261699 -0.0452455 -0.0176557 -0.0680974 0.00825862 -0.000813161 -0.0141739 0.00261451 -0.0748989 -0.0268447 0.0244859 -0.0300713 0.100868 -0.0818256 0.063599 0.00486697 0.000106102
internal_weight=727.989 13.6513 3.65183 1.8748 9.99951 6.59949 1.60675 1.19215 0.39345 5.06953 1.77704 0.342939 3.40001 2.76328 2.51482 1.75732 1.00569 4.69344 4.2747 3.54034 2.77355 0.766793 2.31422 1.19684 0.780449 0.41874 1.11738 0.734359 0.374167 714.337
internal_count=7100 2447 762 167 1685 1135 151 111 89 1126 595 189 550 501 487 277 272 1028 937 826 731 95 692 406 398 91 286 111 108 4653
is_linear=0
shrinkage=0.1


Tree=84
num_leaves=31
num_cat=0
split_feature=4 3 0 4 1 0 4 3 0 0 4 4 1 0 4 4 4 3 3 4 4 1 0 3 3 4 4 1 1 1
split_gain=0.20785 1.89561 1.61554 2.74156 2.31961 0.638605 0.627089 2.30009 1.95226 1.39907 0.890855 0.899001 0.758927 0.754606 1.04234 0.517474 1.10035 0.942529 0.914062 1.44621 0.809013 2.51651 2.40031 2.28044 1.29595 0.658386 0.38502 1.08106 2.24864 3.03806
threshold=0.98492961169400017 2.4458866367500005 19.305000000000003 0.85774921404450011 0.21555402060000003 22.005000000000006 1.3291051223945003 1.9004980770420004 21.185000000000006 21.305000000000003 1.5848971776135001 1.7709816911940002 0.15260056015000004 19.805000000000003 1.6717198954145003 2.4124982457480004 2.3290377884175002 1.7366798324065003 1.4845394293650003 2.0952952542685002 2.2625415329780005 0.21855267575000001 20.795000000000005 2.5255478824850006 2.2807882456185005 2.0952952542685002 3.1108815323000005 1.0412526696500002 0.35773063045000003 0.21855267575000001
decision_type=2 2 2 2 2 2 2 2 2 2 2 2 2 2 2 2 2 2 2 2 2 2 2 2 2 2 2 2 2 2
left_child=1 2 -1 4 5 -4 7 8 -2 -10 12 13 -8 -12 -15 16 17 18 19 -13 21 22 -19 24 25 -24 27 28 29 -17
right_child=6 -3 3 -5 -6 -7 10 -9 9 -11 11 15 -14 14 -16 26 -18 20 -20 -21 -22 -23 23 -25 -26 -27 -28 -29 -30 -31
leaf_value=-0.15634741132106833 0.15218110810800603 0.14032784605347901 0.14298352162165764 0.16027770580422618 -0.12433777505085986 -0.01181930441757058 0.13830035244301009 -0.11177485145010335 0.068996334637656934 -0.18087987403173456 -0.10166058310711611 0.10291741390103218 0.025236776846364623 0.066585226662218222 -0.091697565413834545 -0.032342851997908977 0.097366155872271737 -0.22968034646686128 0.11545860958152254 -0.13849772817367648 -0.066590464743040312 0.049180191326834884 0.09393577128497424 0.1506374886118578 -0.21416798162305734 -0.090577514477962862 -1.3822835216826431e-05 0.061728272028181187 -0.073892251444194409 0.067493892498130717
leaf_weight=0.64265644550323386 0.8526670336723321 1.0417327167670007 0.57573301903903551 0.9552798157383221 1.3935613259673116 0.49612402504862985 0.77489843146031434 2.0777826191369968 0.43690845370292664 0.45997713856195332 1.6005783081054681 0.53454407199751353 2.5386611111462116 0.91142404642596353 0.76546976502140751 9.0369484224356764 1.5944441114697845 0.70282404124736642 1.435908217281394 0.46313959514372982 1.7592922856347284 5.1077551990747452 0.35190802743454674 0.58542092784773547 0.49579160816210788 0.42930387146043358 677.18254548923869 1.7394900247454632 5.608398310840129 4.5992422997951499
leaf_count=3 5 23 6 24 7 105 69 35 2 42 8 31 15 23 25 220 28 3 31 19 14 23 28 10 21 16 6204 8 27 25
internal_value=-0.000126635 0.0199802 -0.0108736 0.0164569 -0.0392695 0.0713309 -0.000268797 -0.0406391 0.0438422 -0.0591553 -5.36664e-05 -0.000293439 0.0516775 -0.0525466 -0.00566782 -5.27811e-05 0.0193681 0.00888738 0.0643732 -0.00915109 -0.00542831 0.00859515 -0.0722151 -0.0127924 -0.0877141 -0.00746088 -0.000427207 -0.0137676 -0.0205916 0.00133029
internal_weight=727.15 5.10509 4.06335 3.4207 2.46542 1.07186 722.045 3.82734 1.74955 0.896886 718.218 714.904 3.31356 3.27747 1.67689 711.627 13.4603 11.8659 2.43359 0.997684 9.4323 7.673 2.56525 1.86242 1.277 0.781212 698.167 20.9841 19.2446 13.6362
internal_count=7100 168 145 142 118 111 6932 84 49 44 6848 6764 84 56 48 6708 224 196 81 50 115 101 78 75 65 44 6484 280 272 245
is_linear=0
shrinkage=0.1


Tree=85
num_leaves=31
num_cat=0
split_feature=4 3 3 3 3 3 1 0 1 4 3 4 3 3 3 3 4 3 3 3 0 4 1 0 0 0 3 3 3 1
split_gain=0.215636 1.67667 2.93552 1.04287 2.57481 2.59194 2.14891 2.88784 3.18514 3.61175 1.60004 2.92051 0.873681 3.38433 1.87466 1.35769 0.842617 1.85391 2.87197 1.82054 0.970558 2.22222 0.83621 0.817657 1.44072 1.52221 1.04512 0.907072 3.05925 3.96174
threshold=4.0788969195560005 1.1723714902810001 0.75557650223100015 1.4709022644610001 1.4309443430305002 1.4057762648835002 0.19211272310000002 21.105000000000004 0.13663316480000001 3.2639735218310002 1.3187340391460001 2.4124982457480004 1.7855564088540004 1.8406180853655003 1.8768754143740003 1.9004980770420004 2.0092280682095005 1.6618684481565003 1.5955078497135002 1.5235461956725003 20.285000000000004 0.73465094193850011 0.11004140525000002 15.805000000000001 16.115000000000006 16.675000000000004 2.7837177864175007 2.3763879008035005 2.4266869029820004 0.19211272310000002
decision_type=2 2 2 2 2 2 2 2 2 2 2 2 2 2 2 2 2 2 2 2 2 2 2 2 2 2 2 2 2 2
left_child=1 2 -1 4 5 6 7 -3 9 10 11 -9 16 -14 -15 -16 20 18 19 -18 -5 -22 -4 -17 -25 -26 27 -27 -29 -30
right_child=-2 3 22 12 -6 -7 -8 8 -10 -11 -12 -13 13 14 15 23 17 -19 -20 -21 21 -23 -24 24 25 26 -28 28 29 -31
leaf_value=-0.14927574359462378 -0.0007193002282702963 -0.21717328531276567 -0.013283429012093477 0.035674293611737462 -0.13995761439489879 0.11971863993764253 0.034697646354583847 0.082473339562918538 0.13738393024678647 -0.34363035197861808 0.10408410346891053 -0.27593180382138666 -0.11911279672555829 0.076910406717244029 -0.070770374591156288 0.09385147581119449 -0.016240839142659239 0.1086765470310813 -0.059200344750998148 0.13553805955076256 -0.22478199322454673 0.022405584050219349 0.12182531739286179 -0.145883311883411 0.18316865501384749 -0.0049316099580017526 -0.054613301678727848 0.12046544883039639 0.081322517919182366 -0.035066183262717605
leaf_weight=0.54120857187081028 645.85454858624144 1.0918203890323623 0.54180885980895288 1.8545775189995759 1.7226385596986791 1.3761899582459589 2.882526557892561 0.43412344266107561 0.84098920226097096 0.45086278810049396 0.60935454849823145 0.47735832375474274 2.2700877255447258 3.4446395924242088 2.5291026986087664 1.0016146227717388 1.2866493434412389 3.0727618349192198 2.8908739020407666 2.0484518521407153 0.5871842748892957 0.95553502061011386 2.9645576076582074 0.6449667364358892 0.47260333597659965 25.006986812350078 2.9626462741362038 2.8009911383851422 4.4709513644847894 8.4557387977838498
leaf_count=13 5840 5 145 10 31 20 18 38 5 25 43 13 42 30 18 6 21 46 28 29 18 48 35 3 2 343 30 41 112 42
internal_value=-0.000110364 0.00476366 0.0674902 0.00145099 -0.0288615 -0.00541748 -0.030791 -0.0791384 -0.0255565 -0.0950555 -0.0213636 -0.105229 0.00593992 0.000395899 0.00563425 0.000555796 0.0295466 0.0451183 0.0137498 0.0769832 -0.0130746 -0.0716781 0.100948 0.00449305 0.00249589 0.00466251 0.0027319 0.00690263 0.0257191 0.00518915
internal_weight=726.544 80.6898 4.04758 76.6422 9.88586 8.16323 6.78704 3.90451 2.81269 1.9717 1.52084 0.911482 66.7564 54.0603 51.7902 48.3456 12.696 9.29874 6.22598 3.3351 3.3973 1.54272 3.50637 45.8165 44.8149 44.1699 43.6973 40.7347 15.7277 12.9267
internal_count=7100 1260 193 1067 198 167 147 129 124 119 94 51 869 669 627 597 200 124 78 50 76 66 180 579 573 570 568 538 195 154
is_linear=0
shrinkage=0.1


Tree=86
num_leaves=31
num_cat=0
split_feature=4 3 0 4 1 4 3 0 0 4 0 0 4 0 0 3 0 4 0 4 3 0 0 3 0 0 4 0 3 4
split_gain=0.234342 1.54042 1.34666 2.19799 1.77774 0.543891 1.81173 1.66783 1.22222 0.669071 0.87879 2.15092 0.710364 0.627302 0.568603 0.946469 0.460128 0.370267 1.27446 1.33944 0.871504 0.354606 0.222715 0.207922 1.35716 2.76989 2.68325 1.70114 1.65464 1.57376
threshold=0.98492961169400017 2.4458866367500005 19.305000000000003 0.85774921404450011 0.21555402060000003 1.3291051223945003 1.9004980770420004 21.185000000000006 21.305000000000003 1.5848971776135001 20.805000000000003 21.005000000000006 1.7709816911940002 21.235000000000003 19.805000000000003 2.3648014685015002 22.005000000000006 2.0092280682095005 20.645000000000003 1.9246017002275002 2.5255478824850006 22.105000000000004 21.705000000000002 0.86918503322100016 20.605000000000004 21.085000000000004 22.952295753400005 21.355000000000004 0.81466184475150005 10.007612802451002
decision_type=2 2 2 2 2 2 2 2 2 2 2 2 2 2 2 2 2 2 2 2 2 2 2 2 2 2 2 2 2 2
left_child=1 2 -1 4 16 6 7 -2 -9 10 -7 -12 14 -13 -11 -16 -4 18 -14 20 -20 -18 -15 24 29 -26 27 -27 -29 -19
right_child=5 -3 3 -5 -6 9 -8 8 -10 12 11 13 17 22 15 -17 21 23 19 -21 -22 -23 -24 -25 25 26 -28 28 -30 -31
leaf_value=-0.14467800824119584 0.14376418069079092 0.13402098249947572 0.13631024018404356 0.15167171862036749 -0.10450910548252984 0.10306360018277234 -0.10286589021847864 0.063128691864243899 -0.17220340234843043 -0.089076951978350943 -0.17921155180235804 -0.01542431855192476 0.062919973530394718 0.16699676072158937 0.062742093761062392 -0.089063804562055232 0.064991095039063085 -0.059768843947951546 -0.20132560365207608 0.095985525699267688 -0.020310628194012356 -0.11703427411391579 0.050924642153123548 -0.00055845861627521007 0.12042077491129673 -0.038108112444565363 -0.10499238905932518 0.014967230368568247 0.18172964663212923 0.0095906568289355412
leaf_weight=0.59661449491977636 0.78966708295047217 0.97701244064955961 0.51609966345131475 0.90065839952148952 1.3909550011157987 1.4525650311261409 1.9995882601360788 0.43501578271389008 0.44794475064554717 1.6105308979749673 0.49313780665397633 0.53448923677206017 3.2625360153615466 0.48041649162769318 0.91144419299962443 0.74756168417661684 0.29526767879724503 4.3093542382121148 0.52328384313295806 0.45307227879675327 0.54090748890303075 0.16787207029847195 0.25202957845613128 679.30721317641655 2.9146680980920774 1.4806068055331709 1.6913979498203842 1.1890912963717712 1.1908566423080627 13.581107929348944
leaf_count=3 5 23 6 24 7 10 35 2 42 8 2 3 17 2 34 14 2 21 42 21 4 103 67 6409 13 8 18 39 48 68
internal_value=-9.07727e-05 0.0218295 -0.00651263 0.0186892 -0.0318433 -0.00023814 -0.038625 0.0381736 -0.0562603 -4.15161e-05 0.0454919 -0.00202129 -0.000246476 0.0669477 -0.0467516 -0.00566289 0.0713744 -3.24543e-05 0.0277063 -0.0480129 -0.109319 -0.000986778 0.127057 -0.000220342 0.00849402 0.0414795 3.68011e-05 0.0460525 0.0984103 -0.00711627
internal_weight=725.443 4.84448 3.86747 3.27085 2.37019 720.598 3.67222 1.67263 0.882961 716.926 3.21264 1.76007 713.714 1.26694 3.26954 1.65901 0.979239 710.444 4.7798 1.51726 1.06419 0.46314 0.732446 705.664 26.3571 8.46662 5.55195 3.86055 2.37995 17.8905
internal_count=7100 168 145 142 118 6932 84 49 44 6848 84 74 6764 72 56 48 111 6708 84 67 46 105 69 6624 215 126 113 95 87 89
is_linear=0
shrinkage=0.1


Tree=87
num_leaves=31
num_cat=0
split_feature=4 4 1 1 3 4 3 0 1 4 4 3 3 0 3 1 3 0 3 0 0 0 3 4 3 3 3 4 1 1
split_gain=0.204291 1.10248 0.641591 0.880224 0.798924 1.53462 1.08874 0.693387 1.38508 1.25233 1.28751 0.901628 0.821949 3.36612 2.53469 3.34817 2.88015 2.24822 2.55609 2.15909 2.47089 2.1437 1.68489 1.6595 1.17526 2.08775 1.40615 1.13888 0.858978 1.96275
threshold=28.032890011635505 28.361377534483005 0.15260056015000004 0.19211272310000002 1.0456193384895001 29.847205783897003 1.1544064223460002 19.835000000000004 0.31300849755000004 34.423374790276505 31.549437265305006 1.37315115852 1.6970675425730002 19.415000000000003 1.8615590187205002 0.46671876700000009 2.0533932659030003 18.455000000000002 1.5694706825845002 18.755000000000006 19.065000000000001 17.615000000000006 2.1275900186945003 46.613427510235006 1.3187340391460001 1.1979445761905001 1.3906662777380003 30.603808863945002 0.52427135305000017 0.63322219360000009
decision_type=2 2 2 2 2 2 2 2 2 2 2 2 2 2 2 2 2 2 2 2 2 2 2 2 2 2 2 2 2 2
left_child=-1 -2 4 -4 -3 -6 -7 8 -5 10 -9 -11 13 17 15 -14 23 18 24 -19 -21 -17 -18 -16 25 -10 -26 -24 -29 -30
right_child=1 2 3 7 5 6 -8 9 12 11 -12 -13 14 -15 16 21 22 19 -20 20 -22 -23 27 -25 26 -27 -28 28 29 -31
leaf_value=0.00058720154756973291 -0.076634243287139636 -0.11476665603461259 0.031873025774973411 0.056900296668660567 0.094552170775373423 0.058212605543066509 -0.11298798123174299 -0.034228460521258948 -0.00042293929424402281 -0.026987750072931672 0.05378215413215786 -0.11183858544071441 0.15133436802844399 -0.12170402674969959 -0.1112753432333604 0.056564410687722749 0.080687804239174224 0.083317641949224058 -0.11671191623146203 -0.056644473735910965 0.041498323779325635 -0.066005297131600069 0.05610783593259934 -0.0022556207965370605 0.080002845365841124 -0.096972917908179301 -0.014265196280672673 -0.074701113048076584 0.06869962022333724 -0.030835423442960076
leaf_weight=626.04756606618685 2.0634827974718055 1.1009113014151801 7.4439242333173743 3.9972085785120717 0.88372438770602491 0.5137638063461053 1.3411228268669217 4.0927717983722669 6.1546859145164543 2.881542582064867 2.798894077539444 2.2149268006905913 2.5101297702640277 2.6828530170023432 3.6512026973068741 4.2029284201562405 2.9037061519920853 4.3354850560426703 2.7693093363195649 4.4919853843748552 5.9808173552155495 2.1603755839169025 2.69519193843007 2.2608306854963303 2.4144632853567591 3.5207860320806503 4.591327216476202 2.0539172785356632 2.7239009179174882 7.2652762793004513
leaf_count=6160 28 23 47 31 20 5 61 30 37 23 17 38 30 27 53 28 26 26 30 39 40 33 25 15 18 26 39 28 17 80
internal_value=-7.94342e-05 -0.0043078 -0.00276343 -0.00110605 -0.0428212 -0.0138994 -0.0655691 -0.00398221 -0.000338854 -0.0262793 0.00151506 -0.0638639 -0.0036371 -0.0138356 0.00798116 0.0535316 -0.00917891 -0.00538831 -0.0277404 0.023971 -0.000596999 0.0149513 0.0110638 -0.0695849 -0.01297 -0.0355563 0.0182232 -0.00265332 -0.0158038 -0.00369369
internal_weight=724.749 98.7014 96.638 92.7984 3.83952 2.73861 1.85489 85.3545 73.3664 11.9881 6.89167 5.09647 69.3692 36.9417 32.4275 8.87343 23.554 34.2589 19.4506 14.8083 10.4728 6.3633 17.642 5.91203 16.6813 9.67547 7.00579 14.7383 12.0431 9.98918
internal_count=7100 940 912 803 109 86 66 756 648 108 47 61 617 282 335 91 244 255 150 105 79 61 176 68 120 63 57 150 125 97
is_linear=0
shrinkage=0.1


Tree=88
num_leaves=31
num_cat=0
split_feature=1 3 3 3 3 3 3 0 0 4 0 3 3 3 3 3 4 4 0 4 0 4 4 1 0 3 1 3 4 3
split_gain=0.200746 0.545484 1.06935 0.806938 0.745222 1.07485 0.901836 1.01108 0.883016 0.614481 0.799231 0.539357 0.521219 0.642578 0.405751 0.832375 0.484825 0.391588 0.472026 0.37656 0.40911 0.359 1.00154 0.410227 0.30201 0.240827 0.747601 0.570969 2.34096 1.716
threshold=0.10606110020000002 1.9563022026870003 2.4900758947025006 2.5006460182170005 1.7705946676305002 1.5494936103805002 1.1806122030995001 22.005000000000006 22.095000000000002 2.6274761420165005 22.405000000000005 2.5255478824850006 1.5431838507160003 1.37315115852 1.1469728795410001 1.1393672292635002 26.122062919325504 0.85774921404450011 22.505000000000006 2.9048056676985001 22.095000000000002 25.834092352474503 5.0413543349490011 0.096728873050000011 22.505000000000006 0.7841024627130001 0.33231973120000008 0.92269409182550011 5.9200390341535014 0.96203006942200009
decision_type=2 2 2 2 2 2 2 2 2 2 2 2 2 2 2 2 2 2 2 2 2 2 2 2 2 2 2 2 2 2
left_child=1 4 19 -4 5 6 14 -8 -6 -5 -11 -12 13 21 15 16 17 -1 -19 20 -3 22 23 -9 -15 26 -2 28 -27 -29
right_child=25 2 3 9 8 -7 7 12 -10 10 11 -13 -14 24 -16 -17 -18 18 -20 -21 -22 -23 -24 -25 -26 27 -28 29 -30 -31
leaf_value=0.035482028502069086 0.042192563913387195 0.12044727684632656 0.16557601369416791 0.086297557581946641 0.12622274330201208 -0.12259178350338201 0.1526671306218107 -0.016714290399132001 -0.1019541248041812 -0.12026969527079015 0.14833068855715797 -0.1032879647081611 0.12040490602676511 -0.10717136360510467 -0.11460277838149308 0.15484527347965843 0.052985810064492211 -0.11142561488943865 0.026250100709890062 -0.12781750928172209 -0.1038361747695398 0.074874012203287044 -0.10812914308974769 0.11884748218689847 0.032901349165929766 0.085433858673745491 -0.011064706064887075 0.040085170976689025 -0.022027844569728023 -0.00014900116780544359
leaf_weight=0.33538750687875962 5.1869085505604726 0.14094236493110601 0.27327569827320974 0.3917589096672599 0.83100096881389507 0.76898699624871358 0.59401642531156529 0.39208724517811899 0.21308931880412274 0.73093949840404071 0.24156875573680736 0.13159971343702637 0.39574190542771237 0.66745114047080267 0.57830079994528194 0.2414442897425032 0.45060811760777131 1.2366384144406763 0.3118237278467858 1.3335941920086041 0.1922846525812929 0.91385745420120645 0.57482617287314497 0.51833272725343704 0.20006554732390214 2.1938135139644173 5.3590929508209229 10.773243229836224 26.684075269848108 661.13363626599312
leaf_count=27 25 1 16 40 6 309 3 103 198 22 9 80 9 26 49 14 20 48 392 406 188 16 215 5 245 19 24 58 137 4390
internal_value=-9.20722e-05 -0.012574 -0.0465841 0.00756596 9.52899e-05 -0.0100601 0.00161722 0.0316477 0.0796539 -0.0213005 -0.0594783 0.0595961 0.012019 -0.00111168 -0.0389069 -0.0219128 -0.0401942 -0.0624825 -0.083701 -0.104058 -0.0089728 0.0255586 -0.00478465 0.0604656 -0.074868 0.00013007 0.0151292 -9.56486e-05 -0.0138641 0.000496107
internal_weight=723.99 12.6596 3.43596 1.76914 9.22366 8.17957 7.41058 4.25638 1.04409 1.49587 1.10411 0.373168 3.66236 3.26662 3.1542 2.5759 2.33446 1.88385 1.54846 1.66682 0.333227 2.3991 1.48525 0.91042 0.867517 711.331 10.546 700.785 28.8779 671.907
internal_count=7100 2447 762 167 1685 1481 1172 622 204 151 111 89 619 610 550 501 487 467 440 595 189 339 323 108 271 4653 49 4604 156 4448
is_linear=0
shrinkage=0.1


Tree=89
num_leaves=31
num_cat=0
split_feature=4 3 0 4 3 0 4 3 0 0 4 0 0 3 0 4 3 4 4 3 3 4 4 1 0 3 3 4 4 1
split_gain=0.197444 1.33173 1.16429 1.89721 1.50772 2.32003 0.449657 1.5508 1.41412 1.04195 0.552187 0.750643 1.78727 0.600013 0.934272 0.573475 0.566925 0.32657 0.906741 0.798263 0.795964 1.1419 0.603839 1.90162 1.73259 1.83296 0.965234 0.328923 1.00578 1.01
threshold=0.98492961169400017 2.4458866367500005 19.305000000000003 0.85774921404450011 1.4309443430305002 20.605000000000004 1.3291051223945003 1.9004980770420004 21.185000000000006 21.305000000000003 1.5848971776135001 20.805000000000003 21.005000000000006 2.0643380317730005 21.355000000000004 1.7709816911940002 1.9184034115240001 2.4124982457480004 2.3290377884175002 1.7366798324065003 1.4845394293650003 2.0952952542685002 2.2625415329780005 0.21855267575000001 20.795000000000005 2.5255478824850006 2.2341739282300002 3.1108815323000005 3.4895522184880003 0.47375753230000006
decision_type=2 2 2 2 2 2 2 2 2 2 2 2 2 2 2 2 2 2 2 2 2 2 2 2 2 2 2 2 2 2
left_child=1 2 -1 4 -4 -6 7 8 -2 -10 11 -8 -13 14 -14 16 -12 18 19 20 21 -17 23 24 -21 26 -26 -19 29 -29
right_child=6 -3 3 -5 5 -7 10 -9 9 -11 15 12 13 -15 -16 17 -18 27 -20 22 -22 -23 -24 -25 25 -27 -28 28 -30 -31
leaf_value=-0.13891708501072308 0.13840098813036023 0.1281114936926247 0.086075835537922557 0.14510077107951233 -0.17191531552260808 0.089279261227287104 0.096332523274698309 -0.096087672560320705 0.055909704150162547 -0.16560362138959553 -0.087602689837247644 -0.16624929911970993 -0.12612050330388194 0.14263230469297433 0.10542761377519044 0.10146243817112499 -0.0038817075245646407 -0.012778689039208705 0.088170218349656909 -0.20054955581133621 0.11248479379847981 -0.11645297173333996 -0.059838751702864283 0.04086299966770756 -0.0033964553483793319 0.13932186229235974 -0.17960457769880681 0.015555121891534591 -0.00045461455938214086 0.092972571022646
leaf_weight=0.56122508645057623 0.73955730069428616 0.92119088188337617 0.75466545867675527 0.84976437527802762 1.0385053455829618 0.50564587491317059 1.3990004863589995 1.9310432794700316 0.44135868549346924 0.40924249610907282 1.4871676669208675 0.47924132645130146 0.31686617434024789 0.52284119837713661 0.38718648032227065 0.47677220723562408 1.7732529552740741 20.587397942585085 1.5228610646154273 0.69101285934448098 1.2535926997661588 0.48515977367060259 1.7447862652115871 5.0309043526649475 0.71147509731235892 0.54283047083299596 0.55210974033252569 9.3999876024463429 663.38524668497848 2.0532558336853972
leaf_count=3 5 23 50 24 5 63 10 35 2 42 28 2 2 25 45 31 28 280 28 3 31 19 14 23 36 10 29 129 6064 11
internal_value=-8.54261e-05 0.0204967 -0.00622542 0.0174265 -0.0297687 -0.0863849 -0.000218118 -0.0358655 0.0372665 -0.0506651 -4.25145e-05 0.0420357 -0.00248671 0.0614812 0.00121699 -0.000226102 -0.0420692 -3.35286e-05 0.0156628 0.00605173 0.0599796 -0.00844532 -0.00683266 0.00545217 -0.0658806 -0.0143653 -0.0803887 -0.00032721 5.26494e-05 0.029434
internal_weight=722.955 4.631 3.70981 3.14858 2.29882 1.54415 718.324 3.5212 1.59016 0.850601 714.803 3.10514 1.70614 1.22689 0.704053 711.698 3.26042 708.437 13.0115 11.4886 2.21552 0.961932 9.27312 7.52833 2.49743 1.80642 1.26358 695.426 674.838 11.4532
internal_count=7100 168 145 142 118 68 6932 84 49 44 6848 84 74 72 47 6764 56 6708 224 196 81 50 115 101 78 75 65 6484 6204 140
is_linear=0
shrinkage=0.1


Tree=90
num_leaves=31
num_cat=0
split_feature=0 0 0 3 3 4 4 3 3 4 4 4 4 0 3 4 3 3 1 1 4 4 4 0 0 0 3 4 3 4
split_gain=0.189472 0.447767 0.458854 0.195346 1.08271 1.76064 0.726157 0.680998 3.51708 1.97351 3.42008 2.52064 4.31917 2.48391 2.34701 2.16673 1.91182 2.50478 3.5039 2.94689 1.80518 3.74707 2.0708 1.71785 2.90033 1.7479 4.33775 1.55004 1.50173 1.96212
threshold=22.275000000000002 22.405000000000005 22.585000000000004 2.1536728395620002 2.1939556255510007 6.6146674113165007 23.190836565998506 1.8935749537670004 1.8768754143740003 11.489173592026001 12.653910602747002 10.176786391451001 9.4719184210665031 21.005000000000006 2.0899030716415004 5.6041653044760009 1.8406180853655003 1.7913816334265003 0.43008681415000011 0.29211652650000003 5.7981778618085009 10.546354718483 16.829200823011501 20.805000000000003 20.065000000000001 18.725000000000005 2.0219483634475006 8.8034365300865023 1.7705946676305002 15.710731337425001
decision_type=2 2 2 2 2 2 2 2 2 2 2 2 2 2 2 2 2 2 2 2 2 2 2 2 2 2 2 2 2 2
left_child=3 -2 -3 7 5 -5 -7 8 16 11 -11 12 13 14 -9 -15 17 28 19 27 -18 -22 -23 24 25 -12 -27 -19 -1 -30
right_child=1 2 -4 4 -6 6 -8 9 -10 10 23 -13 -14 15 -16 -17 20 18 -20 -21 21 22 -24 -25 -26 26 -28 -29 29 -31
leaf_value=-0.00012028428391899353 -0.10301898529716183 0.01997250270470478 -0.10006460539387266 0.017737912662961292 -0.00066691991774510417 -0.073745640690527275 -0.0025305929874015936 0.022225207966896584 -0.069594258200065748 0.11448745275295838 -0.0029894008294479952 -0.059726467177632803 0.092053603427552394 -0.0014556208719062266 -0.025134125175758904 -0.086799143780824747 0.08353968089547624 -0.09473588629877433 -0.08921334592865747 0.059972820096274054 -0.068034435352447631 0.10882283517253702 0.0099252651910017066 0.090560075760021674 -0.087249291775810436 -0.0021989980277586862 0.14649376750655893 0.0036837891656067443 0.093920364521384136 -0.0091734231337598105
leaf_weight=375.38640570105053 0.59744199347915072 1.5791470807162111 0.39889305558608601 4.8239538446068755 176.65517557109706 6.5280159115791303 1.83409540168941 33.996506690979004 7.2950348556041709 4.1131534501910236 12.456790015101442 6.5683442503213874 5.2724515199661246 6.0721402766648662 15.117204055190085 5.8320776270702481 4.9874334037303951 3.153416972607376 7.5693249534815541 4.6241282187402248 3.9747297167778006 3.4882180839776975 5.3868391178548336 2.7939118519425383 2.8340958505868903 4.9756091665476543 3.2391778416931629 3.2488725793082267 3.9179346160963169 3.4911495940759778
leaf_count=2259 92 80 2114 33 1439 70 24 160 44 20 120 36 26 35 104 32 22 16 64 36 20 19 42 17 24 42 26 27 20 37
internal_value=-7.47285e-05 -0.0271496 -0.00423427 2.21691e-05 -0.00273019 -0.030372 -0.0581258 0.00100842 -0.000755739 0.0082946 0.0296911 -0.000636742 0.00521813 -0.00228517 0.007648 -0.0432669 0.000442127 -0.00098144 -0.0368222 -0.000857176 0.0324767 0.0126574 0.0487956 0.0164293 0.00761803 0.0206244 0.0564321 -0.0447923 0.000759661 0.0453427
internal_weight=722.212 2.57548 1.97804 719.636 189.841 13.1861 8.36211 529.795 426.523 103.271 30.4127 72.8587 66.2904 61.0179 49.1137 11.9042 419.228 401.391 18.5957 11.0264 17.8372 12.8498 8.87506 26.2996 23.5057 20.6716 8.21479 6.40229 382.795 7.40908
internal_count=7100 2286 2194 4814 1566 127 94 3248 2606 642 249 393 357 331 264 67 2562 2459 143 79 103 81 61 229 212 188 68 43 2316 57
is_linear=0
shrinkage=0.1


Tree=91
num_leaves=31
num_cat=0
split_feature=4 3 0 4 3 0 4 3 0 0 4 0 0 3 0 4 3 1 4 0 4 3 1 3 3 3 1 0 0 4
split_gain=0.175858 1.16052 0.950117 1.64862 1.30007 1.87833 0.402951 1.29582 1.21788 0.889825 0.423864 0.663513 1.49055 0.572014 0.776666 0.454762 0.434277 0.35193 0.275176 0.829942 1.11889 0.594989 0.20841 0.5085 0.185374 1.20767 1.815 1.14736 2.2589 2.20634
threshold=0.98492961169400017 2.4458866367500005 19.305000000000003 0.85774921404450011 1.4309443430305002 20.605000000000004 1.3291051223945003 1.9004980770420004 21.185000000000006 21.305000000000003 1.5848971776135001 20.805000000000003 21.005000000000006 2.0643380317730005 21.355000000000004 1.7709816911940002 1.9184034115240001 0.12177443630000001 2.0092280682095005 20.645000000000003 1.9246017002275002 2.5255478824850006 0.11004140525000002 0.98993921542300012 0.86918503322100016 0.92269409182550011 0.36775291840000007 20.605000000000004 21.085000000000004 22.952295753400005
decision_type=2 2 2 2 2 2 2 2 2 2 2 2 2 2 2 2 2 2 2 2 2 2 2 2 2 2 2 2 2 2
left_child=1 2 -1 4 22 -6 7 8 -2 -10 11 -8 -13 14 -14 16 -12 -7 19 -17 21 -21 23 -4 27 26 -26 -20 -29 -30
right_child=6 -3 3 -5 5 17 10 -9 9 -11 15 12 13 -15 -16 18 -18 -19 24 20 -22 -23 -24 -25 25 -27 -28 28 29 -31
leaf_value=-0.13169187533821822 0.13295313423308797 0.12377326689937587 -0.11990718382418385 0.13905107943370232 -0.16210114097492037 -0.050002037204967521 0.089580490811701996 -0.090433387850576294 0.050199544019258059 -0.15804151245682949 -0.076940241853912114 -0.15724405281237797 -0.11736856642005017 0.13654852655706537 0.094647886488567923 0.053050326495388378 -0.0038792690363947148 0.13569172017817055 -0.0061272311760223394 -0.16830143722166815 0.097922328464807293 -0.017235037975843307 0.12908855000402603 0.12779759272279761 -0.010098289522318555 0.00010209113717942215 -0.096405343335617955 0.11099939834119457 0.0424205417788849 -0.098548683986544469
leaf_weight=0.51093302667140905 0.68337241653352909 0.86336164137173899 0.14440446317894462 0.79724301969690703 0.98683705180883385 0.14699652181298006 1.346425270661711 1.8645286672217478 0.43685121834278107 0.38696017661095539 1.5021129302695038 0.46284347772598255 0.32378687709569909 0.4939749263721751 0.37047585364052793 3.1704761944711199 1.7748808118703889 0.33387552946805954 17.832485478371385 0.52831674956541952 0.43014687299364585 0.51473711617290974 0.39588275365531445 0.19449958550103474 10.727098083269082 662.83997613579777 3.1527270302176467 2.8483797311782819 3.7493055795930559 1.5773498370399464
leaf_count=3 5 23 14 24 5 61 10 35 2 42 28 2 2 25 45 17 28 2 89 42 21 4 5 31 111 6277 21 13 95 18
internal_value=-8.53784e-05 0.0199049 -0.00563888 0.0158312 -0.028771 -0.0831319 -0.000207326 -0.0346961 0.0342562 -0.0476153 -4.4379e-05 0.0374805 -0.0050061 0.0542938 -0.00423132 -0.000202659 -0.0373691 0.0789275 -3.048e-05 0.0242325 -0.0377864 -0.0937516 0.0798128 0.0222525 -0.000190812 -0.000509214 -0.0297025 0.00809406 0.0391155 0.000676189
internal_weight=721.391 4.37403 3.51067 2.99974 2.2025 1.46771 717.017 3.37171 1.50718 0.823811 713.645 2.99751 1.65108 1.18824 0.694263 710.648 3.27699 0.480872 707.371 4.64368 1.4732 1.04305 0.734787 0.338904 702.727 676.72 13.8798 26.0075 8.17504 5.32666
internal_count=7100 168 145 142 118 68 6932 84 49 44 6848 84 74 72 47 6764 56 63 6708 84 67 46 50 45 6624 6409 132 215 126 113
is_linear=0
shrinkage=0.1


Tree=92
num_leaves=31
num_cat=0
split_feature=3 1 1 3 3 4 1 3 4 3 0 0 3 0 3 4 0 4 1 4 4 0 4 4 3 1 0 4 4 3
split_gain=0.182467 1.85114 1.78517 1.49073 4.01371 2.46432 2.15669 1.82931 1.40654 1.10492 3.61554 2.08591 1.68758 2.61628 1.94321 1.44709 2.85128 1.34164 1.06672 1.5965 1.37336 1.10101 0.909108 1.2318 2.236 1.37527 2.01192 0.867721 0.895574 1.58123
threshold=1.5055953526415002 1.7280492979000002 1.2576393802500003 1.4483160408810003 1.4544412831660003 18.328525062492506 0.26034912830000007 1.4423373088600002 51.526503740741511 1.5367799301070002 20.705000000000002 18.945000000000004 1.5494936103805002 20.495000000000001 1.5599096591775001 18.328525062492506 21.740000000000006 8.7071097117980027 0.16774708740000002 10.007612802451002 4.8695729103350009 19.005000000000006 48.48484628485501 39.397888971587513 1.0624342913870002 0.99897846885000019 17.385000000000002 61.987333570072003 41.934006154810511 2.2179250110670004
decision_type=2 2 2 2 2 2 2 2 2 2 2 2 2 2 2 2 2 2 2 2 2 2 2 2 2 2 2 2 2 2
left_child=1 2 3 7 -5 18 -7 8 22 10 11 -2 13 -11 17 16 -12 -14 19 20 -6 -20 23 25 -25 26 -1 28 -16 -30
right_child=9 -3 -4 4 5 6 -8 -9 -10 12 15 -13 14 -15 27 -17 -18 -19 21 -21 -22 -23 -24 24 -26 -27 -28 -29 29 -31
leaf_value=-0.074547331714853574 -0.0082794357609886453 -0.06739386663373767 0.06370457797155521 0.12263046107735498 -0.10413890545851022 -0.12440603655349597 -0.0040723478029756951 -0.072836875919793126 -0.06758115408818384 0.10788107189177543 -0.15404158909128512 -0.10858553020603177 0.0052937346972095501 -0.023040805427316079 -0.0010533757695873689 0.16516955948188794 0.13622088940727134 -0.095205452329047091 -0.0035251270998805312 -0.14737130734746656 0.13288127451487636 0.063727239153868451 0.064253054476616694 0.036658945740523051 -0.092040037621018214 0.06526430997830332 0.0021487680097014494 -0.057082772976823987 0.045307775861348563 -0.022308955097202605
leaf_weight=3.47430495917797 3.7399809285998327 3.7962828986346713 4.747474029660224 3.6134442744078141 0.39426266800546972 2.0824047027126644 5.2302736267447472 3.4509418314009954 2.996686629485338 3.5247198268771163 0.60552777349948816 4.6519285794347525 2.0772123211936551 2.6922387519371114 404.7669034777482 1.0260596705338683 0.76719795945246005 3.6845491625426803 3.4142786636948577 0.76792887554620382 0.64341269174474292 8.481244705617426 2.276390333485323 2.1346942461095741 3.6722867928328924 3.3757688179612151 220.04345271505736 2.6935632340610018 10.606779538793488 5.1317924022296202
leaf_count=18 27 23 25 28 32 26 48 27 25 22 3 31 20 34 4156 12 39 36 20 19 25 45 15 14 38 18 2130 18 83 43
internal_value=-7.65467e-05 0.00195142 0.00292356 0.00183897 0.0252758 0.00853515 -0.0383393 -0.000551778 0.000496455 -0.00132522 -0.032935 -0.0638826 -0.000541427 0.0511857 -0.00129111 0.0753322 0.00818221 -0.0589738 0.0335534 -0.0380655 0.0428259 0.0444243 0.00136466 0.000749451 -0.0447292 0.00191341 0.000956623 -0.000505774 -0.000143368 0.0232603
internal_weight=720.564 274.596 270.799 266.052 24.6273 21.0138 7.31268 241.425 237.974 445.968 10.7907 8.39191 435.178 6.21696 428.961 2.39879 1.37273 5.76176 13.7011 1.8056 1.03768 11.8955 234.977 232.701 5.80698 226.894 223.518 423.199 420.505 15.7386
internal_count=7100 2576 2553 2528 243 215 74 2285 2258 4524 112 58 4412 56 4356 54 42 56 141 76 57 65 2233 2218 52 2166 2148 4300 4282 126
is_linear=0
shrinkage=0.1


Tree=93
num_leaves=31
num_cat=0
split_feature=1 3 3 3 3 3 3 0 0 4 0 3 3 3 4 0 4 0 4 4 1 3 4 4 4 0 1 4 1 0
split_gain=0.174342 0.471517 0.930974 0.674933 0.650387 0.937692 0.781632 0.797334 0.772083 0.515441 0.698774 0.462171 0.447576 0.540175 0.405597 0.501544 0.33177 0.369673 0.28551 0.884338 0.358752 0.275983 0.338667 0.525947 0.61218 0.268452 0.232086 0.752933 0.462536 0.447518
threshold=0.10606110020000002 1.9563022026870003 2.4900758947025006 2.5006460182170005 1.7705946676305002 1.5494936103805002 1.1806122030995001 22.005000000000006 22.095000000000002 2.6274761420165005 22.405000000000005 2.5255478824850006 1.5431838507160003 1.37315115852 26.122062919325504 22.095000000000002 2.9048056676985001 22.095000000000002 25.834092352474503 5.0413543349490011 0.096728873050000011 0.86918503322100016 0.85774921404450011 6.0761450812490008 17.507327042073005 22.505000000000006 0.11469807470000001 4.7457080605250006 0.11105960585000001 21.740000000000006
decision_type=2 2 2 2 2 2 2 2 2 2 2 2 2 2 2 2 2 2 2 2 2 2 2 2 2 2 2 2 2 2
left_child=1 4 16 -4 5 6 14 -8 -6 -5 -11 -12 13 18 15 -1 17 -3 19 20 -9 -17 -23 -24 -25 -15 27 -2 -29 -28
right_child=26 2 3 9 8 -7 7 12 -10 10 11 -13 -14 25 -16 21 -18 -19 -20 -21 -22 22 23 24 -26 -27 29 28 -30 -31
leaf_value=-0.11839897461012863 -0.029043448529104777 0.11840437440818614 0.15091316629098916 0.07922567629898819 0.1232557712012429 -0.12125051045052831 0.14305661282036738 -0.015723950071705128 -0.10173807189187284 -0.11847233311887827 0.13882612452512699 -0.10305753144305262 0.11518238635382419 -0.10592122418729728 0.046912551595588624 -0.10994323981793171 -0.1248762293097022 -0.10384052652377995 0.068079647254310163 -0.10749447728702444 0.11693880120228449 0.12337949927272795 -0.10642121268808905 0.092948494423720565 -0.10276641003379648 0.028994624286674504 0.00015023908896029425 0.00991305315174534 0.05058376137361395 -0.021074263157824156
leaf_weight=0.80857109278440376 3.5053860321640995 0.13127604126930181 0.27166447552735906 0.37232759477046773 0.75930529832839955 0.68548891699720105 0.54268030822277102 0.36036335769313266 0.19085493494458206 0.66586474748328306 0.23052270658081397 0.12017296514386544 0.3778251093244761 0.58423671801574517 0.4774566261912695 0.2967690606637915 1.2173961198350296 0.1741048394869722 0.90462000964907918 0.51511756136460463 0.46931879594922066 0.18218342823092815 0.46279751852125606 0.49533797947515268 0.23594855355622713 0.1972838966139534 681.86684585222974 8.4749169703572971 4.1732495725154868 10.081125941127537
leaf_count=7 25 1 16 40 6 309 3 103 198 22 9 80 9 26 25 88 406 188 16 215 5 23 172 181 54 245 4514 39 21 54
internal_value=-8.26693e-05 -0.0121745 -0.0450259 0.00676097 6.2164e-05 -0.00969461 0.00137119 0.0304747 0.0780621 -0.021435 -0.0583032 0.0559398 0.0125515 -0.000242082 -0.0374928 -0.0537322 -0.101498 -0.00830268 0.0246415 -0.00457841 0.0593182 -0.022479 -0.0036188 -0.0229951 0.0298014 -0.0718636 0.000117629 0.0119666 0.0233323 -0.000158985
internal_weight=719.831 11.7295 3.18333 1.66055 8.54616 7.596 6.91051 3.95145 0.95016 1.38889 1.01656 0.350696 3.40877 3.03094 2.95906 2.48161 1.52278 0.305381 2.24942 1.3448 0.829682 1.67304 1.37627 1.19408 0.731287 0.781521 708.102 16.1536 12.6482 691.948
internal_count=7100 2447 762 167 1685 1481 1172 622 204 151 111 89 619 610 550 525 595 189 339 323 108 518 430 407 235 271 4653 85 60 4568
is_linear=0
shrinkage=0.1


Tree=94
num_leaves=31
num_cat=0
split_feature=4 3 3 4 3 0 1 4 0 0 3 0 4 0 1 3 1 1 4 0 3 0 0 0 3 4 4 0 4 4
split_gain=0.168192 0.988858 0.932027 0.333257 1.15274 2.05902 0.398812 0.357194 0.560772 1.2669 0.500192 0.638679 0.381172 0.917591 3.02287 0.788188 0.645449 0.814985 0.542141 0.812366 1.32521 0.189181 0.426018 0.182286 0.17614 0.159026 2.98924 2.92183 2.8723 1.81463
threshold=0.98492961169400017 1.9276577283680003 1.4845394293650003 1.3291051223945003 2.0369066254045003 21.005000000000006 0.15260056015000004 1.5848971776135001 20.805000000000003 21.005000000000006 2.0643380317730005 21.355000000000004 1.8590679096615002 19.095000000000002 0.30588355425000008 2.4181012957445005 0.24863148730000004 0.13981576005000004 2.0092280682095005 20.675000000000004 2.5106141041725003 22.095000000000002 22.105000000000004 20.175000000000004 2.4458866367500005 8.7071097117980027 8.4251072065195007 18.325000000000003 8.3161963165435022 8.2454191482415009
decision_type=2 2 2 2 2 2 2 2 2 2 2 2 2 2 2 2 2 2 2 2 2 2 2 2 2 2 2 2 2 2
left_child=1 2 21 4 5 -2 -7 8 -5 -10 11 -11 13 -9 15 16 17 -15 19 -14 -21 -1 -23 -4 -3 26 28 -28 29 -20
right_child=3 24 23 7 -6 6 -8 12 9 10 -12 -13 18 14 -16 -17 -18 -19 25 20 -22 22 -24 -25 -26 -27 27 -29 -30 -31
leaf_value=0.12306434254450037 0.10425776621965543 0.046456837724650216 -0.085170421888436793 0.0837465258038083 -0.13775521210285174 -0.14655314641515932 -0.035991969545407558 0.050906463036653263 -0.14887415644380161 -0.10410906688276278 0.1309668645932644 0.09020036508403205 0.085444481121187063 0.067464214369600914 -0.18451950617610094 -0.078385513509218394 0.10160206755411988 -0.13148044454107025 -0.00025728487694386419 0.09934958713337852 -0.10675800436342137 0.1263897538106058 -0.11488919477728693 -0.023810640320082916 0.1187659214831351 0.00090184473151061332 0.045838431652604303 -0.087507401517203862 0.09844115245489643 -0.079439821178319603
leaf_weight=0.43542812112718765 1.0854632351547477 0.57597901517146943 0.87276363372802723 1.299978103488683 0.78404904690250976 0.54648092320712727 0.80961237847805023 1.1234561055898655 0.4408312439918517 0.328221835196018 0.46222050469077658 0.349054264203005 1.7890700921416276 0.47526680327428106 1.1777105033397672 0.7245429852628148 0.95155063271522522 0.36332948505878448 223.86871373927715 0.5433048134545968 0.73262196348514408 0.16520059108734131 0.13137504912447184 1.0873572139171299 0.81151033865171485 462.00492476339059 2.1206386163830739 7.2990146575248218 2.9255862700229036 2.9321066650227285
leaf_count=6 7 40 5 10 25 48 4 5 2 2 25 45 11 50 6 16 5 2 2380 38 7 1 54 39 23 4076 14 98 28 28
internal_value=-7.70043e-05 0.0201699 -0.0151748 -0.000192506 -0.0322628 0.0016137 -0.0805461 -4.71986e-05 0.0350969 -0.00492231 0.0507676 -0.00396596 -0.000189965 -0.0282277 -0.0523053 0.00961495 0.0452322 -0.0187304 1.77458e-06 0.0419674 -0.0189949 0.0811086 0.0195097 -0.0511317 0.0887487 -0.000181673 -0.00227492 -0.0574874 -1.09956e-05 -0.00128097
internal_weight=719.217 4.07961 2.69212 715.138 3.22561 2.44156 1.35609 711.912 2.88031 1.58033 1.1395 0.677276 709.032 4.81586 3.6924 2.51469 1.79015 0.838596 704.216 3.065 1.27593 0.732004 0.296576 1.96012 1.38749 701.151 239.146 9.41965 229.726 226.801
internal_count=7100 168 105 6932 84 59 52 6848 84 74 72 47 6764 84 79 73 57 52 6680 56 45 61 55 44 63 6624 2548 112 2436 2408
is_linear=0
shrinkage=0.1


Tree=95
num_leaves=31
num_cat=0
split_feature=4 4 3 0 3 3 3 4 4 3 3 3 3 4 4 1 0 1 4 1 0 3 1 4 4 0 0 0 0 3
split_gain=0.172939 0.947168 0.700433 1.74687 0.986252 0.566491 0.964809 1.41843 1.08577 1.43561 0.898005 2.48239 1.22648 0.800698 1.95574 1.06738 1.8894 0.609374 2.24387 1.56835 1.36817 0.560264 0.762424 0.67645 3.25192 4.80986 1.80947 1.88205 3.85962 1.96788
threshold=28.032890011635505 29.473350025835003 1.6254877300670001 20.475000000000005 2.0084882645355004 0.84255828570150004 1.022242389936 36.13759337890901 30.187614679171503 1.4384189407415002 1.1393672292635002 1.2042857910045002 1.2408006881065001 33.108337437447005 30.603808863945002 0.38508457955000003 18.275000000000002 0.24863148730000004 39.397888971587513 0.30871385995000006 20.735000000000003 3.0815441649095003 0.45872892775000002 21.372869246372503 21.754884996694003 20.065000000000001 16.395000000000003 19.235000000000003 19.305000000000003 2.3943154237660003
decision_type=2 2 2 2 2 2 2 2 2 2 2 2 2 2 2 2 2 2 2 2 2 2 2 2 2 2 2 2 2 2
left_child=21 2 3 -2 -4 -3 7 -7 9 -8 -10 -12 -13 14 -14 -16 -17 18 20 -19 -15 23 -23 -1 25 -25 -26 29 -29 -28
right_child=1 5 4 -5 -6 6 8 -9 10 -11 11 12 13 17 15 16 -18 19 -20 -21 -22 22 -24 24 26 -27 27 28 -30 -31
leaf_value=-0.00048894552099750465 -0.11549248917024563 0.0450901793918514 0.051366223252949289 0.0033643108643986452 -0.044706006149142143 -0.074656024386175232 0.083425825319383057 0.022596589329669233 0.029703263893223083 -0.008636331882639665 -0.092426052711109943 0.060072889630294869 0.060064701207377807 0.14285995313284877 -0.11459309749513574 -0.10965282623508432 0.037715463603829151 -0.079433847477603819 -0.041097389029360581 1.71211928057854e-05 0.0082490662266969401 -0.073116632750102536 0.0005061952678930133 0.17529280972451239 0.064482509587347733 0.0031012198563178817 -0.0099284338815793221 0.1565480386733607 0.0061611926548400201 -0.08522525712904637
leaf_weight=531.02327323947975 2.6462295018136484 2.6134992712031808 1.8145954057981724 2.3212404298537876 2.5989786603458924 4.121718695794697 3.5193407893239046 2.3574820566282142 7.636123773030703 3.2655298817117 3.2000537751009679 3.0185193296056232 1.6641015323111776 1.8155741868540638 2.3697897628153441 1.5662767169997098 1.9570261817425487 2.6385217756032935 2.4500197906163521 42.570405492559075 1.2926385336904784 2.4282446436191085 3.3432231917977333 2.8228066787123671 4.5674785524606696 3.8141255460432149 23.25599064305425 1.7751917243003834 44.149357902235352 4.0798241086304179
leaf_count=5350 27 15 25 27 33 31 18 20 39 31 28 16 22 21 47 31 25 33 38 387 26 32 33 21 42 34 192 13 376 67
internal_value=-7.18974e-05 -0.00398884 -0.0341957 -0.0599521 -0.0052069 -0.000770771 -0.00217355 -0.0392703 0.00087034 0.0391167 -0.00272484 -0.00656143 -0.00208216 -0.00529893 -0.0356672 -0.0627002 -0.0277968 -0.00077831 0.0304677 -0.00461986 0.0868782 0.000542431 -0.0304693 0.00083323 0.00914564 0.0763374 0.00341572 -0.000391537 0.0119743 -0.0211664
internal_weight=718.697 97.4377 9.38104 4.96747 4.41357 88.0566 85.4431 6.4792 78.9639 6.78487 72.1791 64.5429 61.3429 58.3244 7.55719 5.89309 3.5233 50.7672 5.55823 45.2089 3.10821 621.26 5.77147 615.488 84.4648 6.63693 77.8278 73.2604 45.9245 27.3358
internal_count=7100 940 112 54 58 828 813 51 762 49 713 674 646 630 125 103 56 505 85 420 47 6160 65 6095 745 55 690 648 389 259
is_linear=0
shrinkage=0.1


Tree=96
num_leaves=31
num_cat=0
split_feature=1 4 4 4 4 4 0 4 3 0 1 1 1 4 3 0 1 0 0 0 4 1 4 4 4 4 1 1 4 1
split_gain=0.1662 0.357878 0.204814 0.171074 2.74207 2.72812 1.43542 1.23341 1.6266 1.085 2.29561 1.22964 1.50597 1.31223 4.13722 1.75599 3.60654 1.72183 1.4124 1.23973 1.92581 1.44822 1.76163 1.47665 1.54255 1.16203 5.08362 2.79471 1.50124 1.62514
threshold=0.084637989400000016 17.336409698829005 17.507327042073005 13.872772277463502 13.706191163720503 15.1713995954275 21.355000000000004 15.710731337425001 2.3378096279905005 21.905000000000005 0.10606110020000002 0.11629368385000001 0.12751348865000003 16.237724264327003 1.7603062995555001 21.235000000000003 0.13981576005000004 21.495000000000001 14.655000000000003 15.805000000000001 39.397888971587513 1.2576393802500003 24.690237103710004 46.613427510235006 38.142381583201505 17.336409698829005 0.35445093630000007 0.27896911710000005 17.947842754435502 0.37980102100000007
decision_type=2 2 2 2 2 2 2 2 2 2 2 2 2 2 2 2 2 2 2 2 2 2 2 2 2 2 2 2 2 2
left_child=1 -1 -3 4 -2 6 -5 8 -7 11 -11 -9 -13 14 -14 18 17 -17 -15 20 -20 25 -23 24 -24 26 27 -21 29 -27
right_child=3 2 -4 5 -6 7 -8 9 -10 10 -12 12 13 15 -16 16 -18 -19 19 21 -22 22 23 -25 -26 28 -28 -29 -30 -31
leaf_value=-0.10053252580947031 0.00048493423276203492 0.10547646480468496 -0.027607955261168712 -0.044706038361008518 0.081186099903967329 0.059401733263076517 0.022787681354794406 -0.054681468088317198 -0.026391042388508673 -0.010528537093990915 0.13529396454327747 0.047665759246868507 -0.084806924823467356 0.091728302572131187 0.049942698430652376 0.043617300852618696 -0.11945118313059043 -0.047924971294212512 -0.076611291019044694 0.016549234214455973 0.026733964855303605 0.098341308816105491 0.024713984177885187 0.067379799570682117 -0.070560163352118663 -0.0073388384508918146 0.08721984283601257 -0.095520191495560736 3.0272988135354747e-05 -0.099599975668589358
leaf_weight=0.50202106775941391 399.04861178941792 0.17654249843326397 0.33520578437310178 20.239472541958097 4.2552487946813917 7.5446994230151159 3.7320546082919455 4.2276943475008002 3.125400111079216 2.6700111608952275 1.8123611398041246 6.382986298762261 6.4347699061036092 1.7320781517773856 3.5276460237801075 4.249302174896 3.7061993195675305 3.9783724173903465 4.8638024386018506 6.4750620424747485 2.8654722608625889 3.2347271628677836 4.4311377890408021 3.500096395611763 2.7565194293856621 4.764684170484542 7.5112675614655009 3.3902289345860481 193.45897687692195 3.1857117339968681
leaf_count=1927 2422 6 241 139 22 44 27 23 27 70 9 38 40 16 28 23 40 25 50 38 18 26 45 20 17 30 54 23 1590 22
internal_value=-8.32109e-05 -0.0405444 0.0183034 -2.6011e-05 0.00133641 -0.00177703 -0.0341981 0.000904498 0.034272 -0.000370885 0.048432 -0.00116729 -0.000330745 -0.00149091 -0.0370927 -9.51051e-05 -0.0375427 -0.000646634 0.00175027 0.00110209 -0.0382981 0.00241074 0.0336832 0.0141139 -0.0118244 0.000420713 0.0252325 -0.0219637 -0.00171992 -0.0443077
internal_weight=718.118 1.01377 0.511748 717.105 403.304 313.801 23.9715 289.829 10.6701 279.159 4.48237 274.677 270.449 264.066 9.96242 254.104 11.9339 8.22767 242.17 240.438 7.72927 232.708 13.9225 10.6878 7.18766 218.786 17.3766 9.86529 201.409 7.9504
internal_count=7100 2174 247 4926 2444 2482 166 2316 71 2245 79 2166 2143 2105 68 2037 88 48 1949 1933 68 1865 108 82 62 1757 115 61 1642 52
is_linear=0
shrinkage=0.1


Tree=97
num_leaves=31
num_cat=0
split_feature=4 4 4 3 3 3 4 1 3 0 4 4 0 0 3 3 3 3 0 3 0 3 3 0 4 1 1 0 4 1
split_gain=0.166629 1.39866 0.842308 0.70644 1.92598 1.43788 0.93925 0.755834 1.81955 0.62303 0.570562 0.587877 1.67758 0.536466 1.20899 1.64628 0.561238 0.912622 0.428075 0.407028 0.40167 0.344855 1.48206 2.28767 1.62935 1.49303 2.8055 3.15818 1.52016 2.04589
threshold=40.192409113974009 41.934006154810511 40.953990227072005 1.7297137214315004 2.0084882645355004 1.2972473005560003 54.562109776062009 0.63322219360000009 2.5255478824850006 18.605000000000004 36.660282957685006 34.938787536239509 18.455000000000002 20.135000000000002 1.4483160408810003 1.6429154162795003 2.2252069595865005 1.8547877875215002 19.695000000000004 1.5284977165870002 18.485000000000003 0.92269409182550011 0.91176088127900012 20.605000000000004 7.2993572659785011 0.15330493235000003 0.13981576005000004 21.565000000000001 11.347286178989002 0.11105960585000001
decision_type=2 2 2 2 2 2 2 2 2 2 2 2 2 2 2 2 2 2 2 2 2 2 2 2 2 2 2 2 2 2
left_child=10 2 -2 5 9 20 19 -6 -9 -5 11 21 -13 14 -12 -16 17 -17 -14 -7 -3 22 23 24 -1 26 27 -25 -29 -30
right_child=1 3 -4 4 7 6 -8 8 -10 -11 13 12 18 -15 15 16 -18 -19 -20 -21 -22 -23 -24 25 -26 -27 -28 28 29 -31
leaf_value=-0.083647652154851454 -0.019471109237521309 -0.015492819059051661 -0.11143057559288234 0.030850846463131749 0.019187469126795156 -0.11531571651918707 -0.0071291024505893523 -0.090486520665462158 0.026384928718907658 0.091642176888251492 -0.025093618022780397 0.030732254197701328 -0.045945030784823794 0.06212586379593335 0.10341763584461715 0.026971395436039481 0.049844613479621575 -0.063458189129124876 -0.11561790940110586 -0.046051119108212857 0.030120440912234099 0.0006342044093152826 -0.086797614238292187 0.1754245120101986 -0.010516913063287177 0.077769501311847303 -0.10541170583799742 0.086521137039079599 0.065628470276401105 -0.12986736555531769
leaf_weight=3.5731845637783435 2.1304418072104445 3.2236289903521556 1.8706059930846093 4.7021966800093677 3.5974528606166114 2.0380144026130433 2.6041768193244934 3.0789107009768486 2.348034143447876 2.6281458586454391 5.6900594159960773 2.5921573098748913 2.1520641781389718 2.3944320546142981 2.4675632044672948 2.5870648417621851 2.1619796063750982 1.9626824408769605 1.4940655547543427 1.4534611112903801 4.813018940971233 622.0128713548529 2.3118623129121252 1.302661620080469 20.672417312860489 4.5246445909142494 1.7461127266287801 1.1403155905427413 0.86724952139775302 1.3986011967062948
leaf_count=20 27 22 27 29 27 24 23 28 18 19 34 28 25 24 15 27 19 20 31 18 35 6229 25 7 105 22 10 104 49 9
internal_value=-9.35356e-05 -0.00687533 -0.0624648 0.000420102 0.0145704 -0.0159554 -0.0525808 -0.016358 -0.0399207 0.0526463 0.000248885 -0.000216513 -0.0307704 0.0181972 0.0111233 0.0335735 0.00789536 -0.0120384 -0.0744947 -0.0864817 0.0118242 7.24783e-05 -0.00923568 -0.00414522 -0.0212945 0.0337246 0.002851 0.0429966 -0.00764936 -0.0550418
internal_weight=717.54 34.4881 4.00105 30.487 16.3547 14.1323 6.09565 9.0244 5.42694 7.33034 683.052 665.788 6.23829 17.2638 14.8693 9.17929 6.71173 4.54975 3.64613 3.49148 8.03665 659.55 37.537 35.2252 24.2456 10.9796 6.45494 4.70883 3.40617 2.26585
internal_count=7100 297 54 243 121 122 65 73 46 48 6803 6664 84 139 115 81 66 47 56 42 57 6580 351 326 125 201 179 169 162 58
is_linear=0
shrinkage=0.1


Tree=98
num_leaves=31
num_cat=0
split_feature=0 3 3 1 4 4 0 4 4 3 3 4 4 3 0 3 1 3 4 1 4 3 3 0 4 3 4 3 3 3
split_gain=0.165571 1.27998 2.31065 0.975472 1.6848 4.68417 0.816249 2.94537 1.93489 0.798263 2.27729 2.34438 2.66072 5.46719 2.30986 2.01281 1.77735 1.74042 1.80245 1.65843 1.67288 1.63266 3.83744 1.87685 1.81901 1.72197 3.16644 1.59578 1.8031 3.60663
threshold=21.505000000000006 2.7837177864175007 2.7184211241450007 0.13981576005000004 5.6041653044760009 7.8924548656910014 21.235000000000003 14.587956681598003 8.4251072065195007 1.4423373088600002 1.4057762648835002 15.1713995954275 20.985308915774503 1.0530572069160002 21.905000000000005 1.4483160408810003 0.10128756435000001 1.022242389936 11.876256740911002 0.11629368385000001 14.173496018546501 1.0978558643830001 1.1544064223460002 21.905000000000005 10.007612802451002 1.2627375832530003 7.146409590718001 2.5605859765880004 2.3943154237660003 2.2007077643015003
decision_type=2 2 2 2 2 2 2 2 2 2 2 2 2 2 2 2 2 2 2 2 2 2 2 2 2 2 2 2 2 2
left_child=3 2 9 4 -1 -6 -5 8 -8 10 11 17 13 -13 -14 -11 -16 18 -2 20 27 -19 23 -23 25 26 -24 28 29 -17
right_child=1 -3 -4 6 5 -7 7 -9 -10 15 -12 12 14 -15 16 19 -18 21 -20 -21 -22 22 24 -25 -26 -27 -28 -29 -30 -31
leaf_value=0.089701539846673561 0.05790694364962036 -0.14852149563672193 0.13572885297673704 0.0002703656629707948 -0.086591259768489359 0.03847513581601078 -0.029192196580981329 -0.097392285523005273 0.053397352851332416 -0.20815064124926105 0.10290198469994478 -0.1035406299161848 -0.045364245601331607 0.16697427861949399 -0.0089615649156547239 0.040211735893224271 0.16548918210568586 -0.13712540710483009 -0.13286583545894345 -0.03835608515006747 -0.052435576506064077 0.20170109380153858 -0.1684105942707762 -0.031715602534754132 -0.15117020660114733 0.012737248163919896 0.077647706850378709 -0.06889724207549508 0.10981886364779721 -0.13202925380079553
leaf_weight=3.1145931575447348 3.2964407601666674 0.61526517417951154 1.1683645842058457 618.16129694785923 3.8913022652268436 12.996869638562201 7.5179774537682551 3.962373574730008 4.5555239468812943 0.5402350205622487 2.2414946007920653 1.0004518069035824 4.6104624718427658 2.9502870941432775 1.1896549704106294 8.5267214571049426 1.1471960693597791 1.7543183869966004 0.58281845953024447 14.768899411894379 3.7572099779536066 0.93382556363940039 1.7884938512925148 0.54583579315840325 1.7115224193912579 3.3691534518511617 0.73912937780551136 1.6798975892706938 2.5562003881241244 1.41785758764854
leaf_count=19 232 44 16 4167 19 66 40 43 22 11 80 33 26 78 107 834 6 96 35 80 180 5 94 70 86 164 26 55 176 190
internal_value=-9.28127e-05 -0.00499357 -0.00357557 0.000378323 0.0221213 0.00965786 -0.000307457 -0.0225817 0.00197015 -0.00623902 0.00624634 -0.00221021 0.0329483 0.0984714 -0.00431286 -0.0167018 0.076679 -0.0282373 0.0292453 -0.0135395 0.00689283 -0.048804 -0.0317546 0.115595 -0.0604113 -0.0340688 -0.0964581 0.0226121 0.0349094 0.0156543
internal_weight=717.092 62.8917 62.2765 654.2 20.0028 16.8882 634.197 16.0359 12.0735 61.1081 27.8611 25.6196 10.8981 3.95074 6.94731 33.247 2.33685 14.7215 3.87926 32.7068 17.9379 10.8423 9.08796 1.47966 7.6083 5.89678 2.52762 14.1807 12.5008 9.94458
internal_count=7100 2724 2680 4376 104 85 4272 105 62 2664 1138 1058 250 111 139 1526 113 808 267 1515 1435 541 445 75 370 284 120 1255 1200 1024
is_linear=0
shrinkage=0.1


Tree=99
num_leaves=31
num_cat=0
split_feature=1 3 3 3 3 0 3 0 3 4 3 3 4 4 1 0 3 3 4 4 4 0 0 0 0 4 4 3 3 0
split_gain=0.190201 0.401633 0.735562 0.585334 0.505767 0.504626 0.434357 0.425706 0.318221 0.420695 0.300234 0.70187 0.373458 0.266414 0.32641 0.25728 0.204718 0.868666 0.508583 0.754449 0.197714 0.183695 2.25945 2.60084 1.81421 1.61592 2.33776 2.24761 2.4813 1.24758
threshold=0.10606110020000002 1.9563022026870003 2.4900758947025006 1.1806122030995001 2.5006460182170005 22.005000000000006 1.2408006881065001 22.095000000000002 2.5255478824850006 2.6274761420165005 1.1469728795410001 1.1393672292635002 26.122062919325504 2.9048056676985001 0.10128756435000001 22.505000000000006 1.3042896367285002 1.3350622901955003 2.1739750216335003 28.361377534483005 25.834092352474503 19.515000000000004 19.365000000000006 19.345000000000002 19.545000000000005 29.847205783897003 4.3626327378045007 1.9637092058730004 1.6618684481565003 19.565000000000001
decision_type=2 2 2 2 2 2 2 2 2 2 2 2 2 2 2 2 2 2 2 2 2 2 2 2 2 2 2 2 2 2
left_child=1 3 13 10 -4 -5 -7 -6 -9 -10 11 12 15 14 -3 -1 18 20 -8 -20 -18 22 23 -2 -23 26 -24 28 -28 -26
right_child=21 2 4 5 7 6 16 8 9 -11 -12 -13 -14 -15 -16 -17 17 -19 19 -21 -22 24 25 -25 29 -27 27 -29 -30 -31
leaf_value=-0.084028989918955244 -0.00016901180666085104 -0.1039839249534581 0.12773342925016887 0.074479894337823566 -0.10261783106493667 0.10252021413022031 0.11698483491392174 0.12414355351664499 0.065209051896657211 -0.10225971290149945 -0.11155781747761198 0.14300855939511542 0.037680898130334858 -0.12084404945457985 0.11569903550508603 0.02117029728176345 0.0559004081817224 -0.021636487933168417 -0.14360424182717232 0.11647612912104455 0.18889883115854009 0.06884786357192306 0.042567186059044936 0.079489103260155902 -0.054687636822872379 0.04459218633302519 -0.04980878598307386 -0.09304784022740753 0.042959793943115138 0.0015304519695124724
leaf_weight=1.305235001840628 303.21618837304413 0.15978348950193355 0.2663864298374391 1.2162712998688219 0.44465781375765778 0.38010301467329588 0.14412936468579607 0.21281847170030233 0.30124622190487571 0.29877572835539468 0.47220809967620869 0.2267230454890522 0.45257956486602768 1.0868423644133143 0.11727716028690338 0.28285686200433691 0.2011148103847521 2.3155890663019818 0.53930548721109517 0.14061757252784446 0.25162008358165622 3.9741672016680232 3.2723260894417825 4.1549366265535346 3.9910251833498469 2.7270428817719212 11.07232338935137 7.3913555517792693 3.8983403891324988 361.60853271186352
leaf_count=50 2257 188 16 9 5 96 13 12 36 98 49 14 20 406 1 417 56 860 95 3 3 25 20 27 24 27 60 65 28 2120
internal_value=-9.27525e-05 -0.013253 -0.0451822 -0.0016233 0.00256445 0.0181201 0.000864234 -0.0239511 0.0190828 -0.0181806 -0.039017 -0.0239096 -0.0424546 -0.0985294 -0.0109942 -0.0652918 -0.00989181 0.00313255 -0.0536459 -0.089816 0.129818 0.000109065 -0.00158416 0.000907779 0.00164724 -0.0285909 -0.0363763 -0.0479284 -0.025652 0.000916754
internal_weight=716.122 10.8161 2.88779 7.92835 1.52388 5.18875 3.97248 1.2575 0.81284 0.600022 2.7396 2.26739 2.04067 1.3639 0.277061 1.58809 3.59238 2.76832 0.824052 0.679923 0.452735 705.306 335.733 307.371 369.574 28.3614 25.6343 22.362 14.9707 365.6
internal_count=7100 2447 762 1685 167 1135 1126 151 146 134 550 501 487 595 189 467 1030 919 111 98 59 4653 2484 2284 2169 200 173 153 88 2144
is_linear=0
shrinkage=0.1


end of trees

feature_importances:
semi_major_axis=1027
inclination=931
absolute_magnitude=616
diameter_min_km=426

parameters:
[boosting: gbdt]
[objective: binary]
[metric: binary_logloss]
[tree_learner: serial]
[device_type: cpu]
[data_sample_strategy: bagging]
[data: ]
[valid: ]
[num_iterations: 100]
[learning_rate: 0.1]
[num_leaves: 31]
[num_threads: 0]
[seed: 0]
[deterministic: 0]
[force_col_wise: 0]
[force_row_wise: 0]
[histogram_pool_size: -1]
[max_depth: -1]
[min_data_in_leaf: 20]
[min_sum_hessian_in_leaf: 0.001]
[bagging_fraction: 1]
[pos_bagging_fraction: 1]
[neg_bagging_fraction: 1]
[bagging_freq: 0]
[bagging_seed: 3]
[bagging_by_query: 0]
[feature_fraction: 1]
[feature_fraction_bynode: 1]
[feature_fraction_seed: 2]
[extra_trees: 0]
[extra_seed: 6]
[early_stopping_round: 0]
[early_stopping_min_delta: 0]
[first_metric_only: 0]
[max_delta_step: 0]
[lambda_l1: 0]
[lambda_l2: 0]
[linear_lambda: 0]
[min_gain_to_split: 0]
[drop_rate: 0.1]
[max_drop: 50]
[skip_drop: 0.5]
[xgboost_dart_mode: 0]
[uniform_drop: 0]
[drop_seed: 4]
[top_rate: 0.2]
[other_rate: 0.1]
[min_data_per_group: 100]
[max_cat_threshold: 32]
[cat_l2: 10]
[cat_smooth: 10]
[max_cat_to_onehot: 4]
[top_k: 20]
[monotone_constraints: ]
[monotone_constraints_method: basic]
[monotone_penalty: 0]
[feature_contri: ]
[forcedsplits_filename: ]
[refit_decay_rate: 0.9]
[cegb_tradeoff: 1]
[cegb_penalty_split: 0]
[cegb_penalty_feature_lazy: ]
[cegb_penalty_feature_coupled: ]
[path_smooth: 0]
[interaction_constraints: ]
[verbosity: -1]
[saved_feature_importance_type: 0]
[use_quantized_grad: 0]
[num_grad_quant_bins: 4]
[quant_train_renew_leaf: 0]
[stochastic_rounding: 1]
[linear_tree: 0]
[max_bin: 255]
[max_bin_by_feature: ]
[min_data_in_bin: 3]
[bin_construct_sample_cnt: 200000]
[data_random_seed: 1]
[is_enable_sparse: 1]
[enable_bundle: 1]
[use_missing: 1]
[zero_as_missing: 0]
[feature_pre_filter: 1]
[pre_partition: 0]
[two_round: 0]
[header: 0]
[label_column: ]
[weight_column: ]
[group_column: ]
[ignore_column: ]
[categorical_feature: ]
[forcedbins_filename: ]
[precise_float_parser: 0]
[parser_config_file: ]
[objective_seed: 5]
[num_class: 1]
[is_unbalance: 0]
[scale_pos_weight: 1]
[sigmoid: 1]
[boost_from_average: 1]
[reg_sqrt: 0]
[alpha: 0.9]
[fair_c: 1]
[poisson_max_delta_step: 0.7]
[tweedie_variance_power: 1.5]
[lambdarank_truncation_level: 30]
[lambdarank_norm: 1]
[label_gain: ]
[lambdarank_position_bias_regularization: 0]
[eval_at: ]
[multi_error_top_k: 1]
[auc_mu_weights: ]
[num_machines: 1]
[local_listen_port: 12400]
[time_out: 120]
[machine_list_filename: ]
[machines: ]
[gpu_platform_id: -1]
[gpu_device_id: -1]
[gpu_use_dp: 0]
[num_gpu: 1]

end of parameters

pandas_categorical:[]
